# MANE Select GRCh38 v1.5: every gene, symbol and HGNC id.
# source MANE.GRCh38.v1.5.summary.txt.gz sha256 d10ace2720681a3b2e0eefd9da4f551274a6b4141ac9bfd6a2565dfb6e9ad55c
symbol	hgnc_id
A1BG	HGNC:5
A1CF	HGNC:24086
A2M	HGNC:7
A2ML1	HGNC:23336
A3GALT2	HGNC:30005
A4GALT	HGNC:18149
A4GNT	HGNC:17968
AAAS	HGNC:13666
AACS	HGNC:21298
AADAC	HGNC:17
AADACL2	HGNC:24427
AADACL3	HGNC:32037
AADACL4	HGNC:32038
AADAT	HGNC:17929
AAGAB	HGNC:25662
AAK1	HGNC:19679
AAMDC	HGNC:30205
AAMP	HGNC:18
AANAT	HGNC:19
AAR2	HGNC:15886
AARD	HGNC:33842
AARS1	HGNC:20
AARS2	HGNC:21022
AARSD1	HGNC:28417
AASDH	HGNC:23993
AASDHPPT	HGNC:14235
AASS	HGNC:17366
AATF	HGNC:19235
AATK	HGNC:21
ABAT	HGNC:23
ABCA1	HGNC:29
ABCA10	HGNC:30
ABCA12	HGNC:14637
ABCA13	HGNC:14638
ABCA2	HGNC:32
ABCA3	HGNC:33
ABCA4	HGNC:34
ABCA5	HGNC:35
ABCA6	HGNC:36
ABCA7	HGNC:37
ABCA8	HGNC:38
ABCA9	HGNC:39
ABCB1	HGNC:40
ABCB10	HGNC:41
ABCB11	HGNC:42
ABCB4	HGNC:45
ABCB5	HGNC:46
ABCB6	HGNC:47
ABCB7	HGNC:48
ABCB8	HGNC:49
ABCB9	HGNC:50
ABCC1	HGNC:51
ABCC10	HGNC:52
ABCC11	HGNC:14639
ABCC12	HGNC:14640
ABCC2	HGNC:53
ABCC3	HGNC:54
ABCC4	HGNC:55
ABCC5	HGNC:56
ABCC6	HGNC:57
ABCC8	HGNC:59
ABCC9	HGNC:60
ABCD1	HGNC:61
ABCD2	HGNC:66
ABCD3	HGNC:67
ABCD4	HGNC:68
ABCE1	HGNC:69
ABCF1	HGNC:70
ABCF2	HGNC:71
ABCF3	HGNC:72
ABCG1	HGNC:73
ABCG2	HGNC:74
ABCG4	HGNC:13884
ABCG5	HGNC:13886
ABCG8	HGNC:13887
ABHD1	HGNC:17553
ABHD10	HGNC:25656
ABHD11	HGNC:16407
ABHD12	HGNC:15868
ABHD12B	HGNC:19837
ABHD13	HGNC:20293
ABHD14A	HGNC:24538
ABHD14B	HGNC:28235
ABHD15	HGNC:26971
ABHD16A	HGNC:13921
ABHD16B	HGNC:16128
ABHD17A	HGNC:28756
ABHD17B	HGNC:24278
ABHD17C	HGNC:26925
ABHD18	HGNC:26111
ABHD2	HGNC:18717
ABHD3	HGNC:18718
ABHD4	HGNC:20154
ABHD5	HGNC:21396
ABHD6	HGNC:21398
ABHD8	HGNC:23759
ABI1	HGNC:11320
ABI2	HGNC:24011
ABI3	HGNC:29859
ABI3BP	HGNC:17265
ABITRAM	HGNC:1364
ABL1	HGNC:76
ABL2	HGNC:77
ABLIM1	HGNC:78
ABLIM2	HGNC:19195
ABLIM3	HGNC:29132
ABO	HGNC:79
ABR	HGNC:81
ABRA	HGNC:30655
ABRACL	HGNC:21230
ABRAXAS1	HGNC:25829
ABRAXAS2	HGNC:28975
ABT1	HGNC:17369
ABTB1	HGNC:18275
ABTB2	HGNC:23842
ABTB3	HGNC:23844
ACAA1	HGNC:82
ACAA2	HGNC:83
ACACA	HGNC:84
ACACB	HGNC:85
ACAD10	HGNC:21597
ACAD11	HGNC:30211
ACAD8	HGNC:87
ACAD9	HGNC:21497
ACADL	HGNC:88
ACADM	HGNC:89
ACADS	HGNC:90
ACADSB	HGNC:91
ACADVL	HGNC:92
ACAN	HGNC:319
ACAP1	HGNC:16467
ACAP2	HGNC:16469
ACAP3	HGNC:16754
ACAT1	HGNC:93
ACAT2	HGNC:94
ACBD3	HGNC:15453
ACBD4	HGNC:23337
ACBD5	HGNC:23338
ACBD6	HGNC:23339
ACBD7	HGNC:17715
ACCS	HGNC:23989
ACCSL	HGNC:34391
ACD	HGNC:25070
ACE	HGNC:2707
ACE2	HGNC:13557
ACER1	HGNC:18356
ACER2	HGNC:23675
ACER3	HGNC:16066
ACHE	HGNC:108
ACIN1	HGNC:17066
ACKR1	HGNC:4035
ACKR2	HGNC:1565
ACKR3	HGNC:23692
ACKR4	HGNC:1611
ACKR5	HGNC:13708
ACLY	HGNC:115
ACMSD	HGNC:19288
ACO1	HGNC:117
ACO2	HGNC:118
ACOD1	HGNC:33904
ACOT1	HGNC:33128
ACOT11	HGNC:18156
ACOT12	HGNC:24436
ACOT13	HGNC:20999
ACOT2	HGNC:18431
ACOT4	HGNC:19748
ACOT6	HGNC:33159
ACOT7	HGNC:24157
ACOT8	HGNC:15919
ACOT9	HGNC:17152
ACOX1	HGNC:119
ACOX2	HGNC:120
ACOX3	HGNC:121
ACOXL	HGNC:25621
ACP1	HGNC:122
ACP2	HGNC:123
ACP3	HGNC:125
ACP4	HGNC:14376
ACP5	HGNC:124
ACP6	HGNC:29609
ACP7	HGNC:33781
ACR	HGNC:126
ACRBP	HGNC:17195
ACRV1	HGNC:127
ACSBG1	HGNC:29567
ACSBG2	HGNC:24174
ACSF2	HGNC:26101
ACSF3	HGNC:27288
ACSL1	HGNC:3569
ACSL3	HGNC:3570
ACSL4	HGNC:3571
ACSL5	HGNC:16526
ACSL6	HGNC:16496
ACSM1	HGNC:18049
ACSM2A	HGNC:32017
ACSM2B	HGNC:30931
ACSM3	HGNC:10522
ACSM4	HGNC:32016
ACSM5	HGNC:26060
ACSM6	HGNC:31665
ACSS1	HGNC:16091
ACSS2	HGNC:15814
ACSS3	HGNC:24723
ACTA1	HGNC:129
ACTA2	HGNC:130
ACTB	HGNC:132
ACTBL2	HGNC:17780
ACTC1	HGNC:143
ACTG1	HGNC:144
ACTG2	HGNC:145
ACTL10	HGNC:16127
ACTL6A	HGNC:24124
ACTL6B	HGNC:160
ACTL7A	HGNC:161
ACTL7B	HGNC:162
ACTL8	HGNC:24018
ACTL9	HGNC:28494
ACTMAP	HGNC:24758
ACTN1	HGNC:163
ACTN2	HGNC:164
ACTN3	HGNC:165
ACTN4	HGNC:166
ACTR10	HGNC:17372
ACTR1A	HGNC:167
ACTR1B	HGNC:168
ACTR2	HGNC:169
ACTR3	HGNC:170
ACTR3B	HGNC:17256
ACTR3C	HGNC:37282
ACTR5	HGNC:14671
ACTR6	HGNC:24025
ACTR8	HGNC:14672
ACTRT1	HGNC:24027
ACTRT2	HGNC:24026
ACTRT3	HGNC:24022
ACVR1	HGNC:171
ACVR1B	HGNC:172
ACVR1C	HGNC:18123
ACVR2A	HGNC:173
ACVR2B	HGNC:174
ACVRL1	HGNC:175
ACY1	HGNC:177
ACY3	HGNC:24104
ACYP1	HGNC:179
ACYP2	HGNC:180
ADA	HGNC:186
ADA2	HGNC:1839
ADAD1	HGNC:30713
ADAD2	HGNC:30714
ADAM10	HGNC:188
ADAM11	HGNC:189
ADAM12	HGNC:190
ADAM15	HGNC:193
ADAM17	HGNC:195
ADAM18	HGNC:196
ADAM19	HGNC:197
ADAM2	HGNC:198
ADAM20	HGNC:199
ADAM21	HGNC:200
ADAM22	HGNC:201
ADAM23	HGNC:202
ADAM28	HGNC:206
ADAM29	HGNC:207
ADAM30	HGNC:208
ADAM32	HGNC:15479
ADAM33	HGNC:15478
ADAM7	HGNC:214
ADAM8	HGNC:215
ADAM9	HGNC:216
ADAMDEC1	HGNC:16299
ADAMTS1	HGNC:217
ADAMTS10	HGNC:13201
ADAMTS12	HGNC:14605
ADAMTS13	HGNC:1366
ADAMTS14	HGNC:14899
ADAMTS15	HGNC:16305
ADAMTS16	HGNC:17108
ADAMTS17	HGNC:17109
ADAMTS18	HGNC:17110
ADAMTS19	HGNC:17111
ADAMTS2	HGNC:218
ADAMTS20	HGNC:17178
ADAMTS3	HGNC:219
ADAMTS4	HGNC:220
ADAMTS5	HGNC:221
ADAMTS6	HGNC:222
ADAMTS7	HGNC:223
ADAMTS8	HGNC:224
ADAMTS9	HGNC:13202
ADAMTSL1	HGNC:14632
ADAMTSL2	HGNC:14631
ADAMTSL3	HGNC:14633
ADAMTSL4	HGNC:19706
ADAMTSL5	HGNC:27912
ADAP1	HGNC:16486
ADAP2	HGNC:16487
ADAR	HGNC:225
ADARB1	HGNC:226
ADARB2	HGNC:227
ADAT1	HGNC:228
ADAT2	HGNC:21172
ADAT3	HGNC:25151
ADCK1	HGNC:19038
ADCK2	HGNC:19039
ADCK5	HGNC:21738
ADCY1	HGNC:232
ADCY10	HGNC:21285
ADCY2	HGNC:233
ADCY3	HGNC:234
ADCY4	HGNC:235
ADCY5	HGNC:236
ADCY6	HGNC:237
ADCY7	HGNC:238
ADCY8	HGNC:239
ADCY9	HGNC:240
ADCYAP1	HGNC:241
ADCYAP1R1	HGNC:242
ADD1	HGNC:243
ADD2	HGNC:244
ADD3	HGNC:245
ADGB	HGNC:21212
ADGRA1	HGNC:13838
ADGRA2	HGNC:17849
ADGRA3	HGNC:13839
ADGRB1	HGNC:943
ADGRB2	HGNC:944
ADGRB3	HGNC:945
ADGRD1	HGNC:19893
ADGRD2	HGNC:18651
ADGRE1	HGNC:3336
ADGRE2	HGNC:3337
ADGRE3	HGNC:23647
ADGRE5	HGNC:1711
ADGRF1	HGNC:18990
ADGRF3	HGNC:18989
ADGRF4	HGNC:19011
ADGRF5	HGNC:19030
ADGRG1	HGNC:4512
ADGRG2	HGNC:4516
ADGRG3	HGNC:13728
ADGRG4	HGNC:18992
ADGRG5	HGNC:19010
ADGRG6	HGNC:13841
ADGRG7	HGNC:19241
ADGRL1	HGNC:20973
ADGRL2	HGNC:18582
ADGRL3	HGNC:20974
ADGRL4	HGNC:20822
ADGRV1	HGNC:17416
ADH1A	HGNC:249
ADH1B	HGNC:250
ADH1C	HGNC:251
ADH4	HGNC:252
ADH5	HGNC:253
ADH6	HGNC:255
ADH7	HGNC:256
ADHFE1	HGNC:16354
ADI1	HGNC:30576
ADIG	HGNC:28606
ADIPOQ	HGNC:13633
ADIPOR1	HGNC:24040
ADIPOR2	HGNC:24041
ADIRF	HGNC:24043
ADISSP	HGNC:15873
ADK	HGNC:257
ADM	HGNC:259
ADM2	HGNC:28898
ADM5	HGNC:27293
ADNP	HGNC:15766
ADNP2	HGNC:23803
ADO	HGNC:23506
ADORA1	HGNC:262
ADORA2A	HGNC:263
ADORA2B	HGNC:264
ADORA3	HGNC:268
ADPGK	HGNC:25250
ADPRH	HGNC:269
ADPRHL1	HGNC:21303
ADPRM	HGNC:30925
ADPRS	HGNC:21304
ADRA1A	HGNC:277
ADRA1B	HGNC:278
ADRA1D	HGNC:280
ADRA2A	HGNC:281
ADRA2B	HGNC:282
ADRA2C	HGNC:283
ADRB1	HGNC:285
ADRB2	HGNC:286
ADRB3	HGNC:288
ADRM1	HGNC:15759
ADSL	HGNC:291
ADSS1	HGNC:20093
ADSS2	HGNC:292
ADTRP	HGNC:21214
AEBP1	HGNC:303
AEBP2	HGNC:24051
AEN	HGNC:25722
AFAP1	HGNC:24017
AFAP1L1	HGNC:26714
AFAP1L2	HGNC:25901
AFDN	HGNC:7137
AFF1	HGNC:7135
AFF2	HGNC:3776
AFF3	HGNC:6473
AFF4	HGNC:17869
AFG1L	HGNC:16411
AFG2A	HGNC:18119
AFG2B	HGNC:28762
AFG3L2	HGNC:315
AFM	HGNC:316
AFMID	HGNC:20910
AFP	HGNC:317
AFTPH	HGNC:25951
AGA	HGNC:318
AGAP1	HGNC:16922
AGAP2	HGNC:16921
AGAP3	HGNC:16923
AGAP4	HGNC:23459
AGAP5	HGNC:23467
AGAP6	HGNC:23466
AGAP9	HGNC:23463
AGBL1	HGNC:26504
AGBL2	HGNC:26296
AGBL3	HGNC:27981
AGBL4	HGNC:25892
AGBL5	HGNC:26147
AGER	HGNC:320
AGFG1	HGNC:5175
AGFG2	HGNC:5177
AGGF1	HGNC:24684
AGK	HGNC:21869
AGL	HGNC:321
AGMAT	HGNC:18407
AGMO	HGNC:33784
AGO1	HGNC:3262
AGO2	HGNC:3263
AGO3	HGNC:18421
AGO4	HGNC:18424
AGPAT1	HGNC:324
AGPAT2	HGNC:325
AGPAT3	HGNC:326
AGPAT4	HGNC:20885
AGPAT5	HGNC:20886
AGPS	HGNC:327
AGR2	HGNC:328
AGR3	HGNC:24167
AGRN	HGNC:329
AGRP	HGNC:330
AGT	HGNC:333
AGTPBP1	HGNC:17258
AGTR1	HGNC:336
AGTR2	HGNC:338
AGTRAP	HGNC:13539
AGXT	HGNC:341
AGXT2	HGNC:14412
AHCTF1	HGNC:24618
AHCY	HGNC:343
AHCYL1	HGNC:344
AHCYL2	HGNC:22204
AHDC1	HGNC:25230
AHI1	HGNC:21575
AHNAK	HGNC:347
AHNAK2	HGNC:20125
AHR	HGNC:348
AHRR	HGNC:346
AHSA1	HGNC:1189
AHSG	HGNC:349
AHSP	HGNC:18075
AICDA	HGNC:13203
AIDA	HGNC:25761
AIF1	HGNC:352
AIF1L	HGNC:28904
AIFM1	HGNC:8768
AIFM2	HGNC:21411
AIFM3	HGNC:26398
AIG1	HGNC:21607
AIM2	HGNC:357
AIMP1	HGNC:10648
AIMP2	HGNC:20609
AIP	HGNC:358
AIPL1	HGNC:359
AIRE	HGNC:360
AIRIM	HGNC:26039
AJAP1	HGNC:30801
AJM1	HGNC:37284
AJUBA	HGNC:20250
AK1	HGNC:361
AK2	HGNC:362
AK3	HGNC:17376
AK4	HGNC:363
AK5	HGNC:365
AK6	HGNC:49151
AK7	HGNC:20091
AK8	HGNC:26526
AK9	HGNC:33814
AKAIN1	HGNC:28285
AKAP1	HGNC:367
AKAP10	HGNC:368
AKAP11	HGNC:369
AKAP12	HGNC:370
AKAP13	HGNC:371
AKAP14	HGNC:24061
AKAP17A	HGNC:18783
AKAP19	HGNC:28191
AKAP3	HGNC:373
AKAP4	HGNC:374
AKAP5	HGNC:375
AKAP6	HGNC:376
AKAP7	HGNC:377
AKAP8	HGNC:378
AKAP8L	HGNC:29857
AKAP9	HGNC:379
AKIP1	HGNC:1170
AKIRIN1	HGNC:25744
AKIRIN2	HGNC:21407
AKNA	HGNC:24108
AKNAD1	HGNC:28398
AKR1A1	HGNC:380
AKR1B1	HGNC:381
AKR1B10	HGNC:382
AKR1B15	HGNC:37281
AKR1C1	HGNC:384
AKR1C2	HGNC:385
AKR1C3	HGNC:386
AKR1C4	HGNC:387
AKR1C8	HGNC:23469
AKR1D1	HGNC:388
AKR1E2	HGNC:23437
AKR7A2	HGNC:389
AKR7A3	HGNC:390
AKT1	HGNC:391
AKT1S1	HGNC:28426
AKT2	HGNC:392
AKT3	HGNC:393
AKTIP	HGNC:16710
ALAD	HGNC:395
ALAS1	HGNC:396
ALAS2	HGNC:397
ALB	HGNC:399
ALCAM	HGNC:400
ALDH16A1	HGNC:28114
ALDH18A1	HGNC:9722
ALDH1A1	HGNC:402
ALDH1A2	HGNC:15472
ALDH1A3	HGNC:409
ALDH1B1	HGNC:407
ALDH1L1	HGNC:3978
ALDH1L2	HGNC:26777
ALDH2	HGNC:404
ALDH3A1	HGNC:405
ALDH3A2	HGNC:403
ALDH3B1	HGNC:410
ALDH3B2	HGNC:411
ALDH4A1	HGNC:406
ALDH5A1	HGNC:408
ALDH6A1	HGNC:7179
ALDH7A1	HGNC:877
ALDH8A1	HGNC:15471
ALDH9A1	HGNC:412
ALDOA	HGNC:414
ALDOB	HGNC:417
ALDOC	HGNC:418
ALG1	HGNC:18294
ALG10	HGNC:23162
ALG10B	HGNC:31088
ALG11	HGNC:32456
ALG12	HGNC:19358
ALG13	HGNC:30881
ALG14	HGNC:28287
ALG1L2	HGNC:37258
ALG2	HGNC:23159
ALG3	HGNC:23056
ALG5	HGNC:20266
ALG6	HGNC:23157
ALG8	HGNC:23161
ALG9	HGNC:15672
ALK	HGNC:427
ALKAL1	HGNC:33775
ALKAL2	HGNC:27683
ALKBH1	HGNC:17911
ALKBH2	HGNC:32487
ALKBH3	HGNC:30141
ALKBH4	HGNC:21900
ALKBH5	HGNC:25996
ALKBH6	HGNC:28243
ALKBH7	HGNC:21306
ALKBH8	HGNC:25189
ALLC	HGNC:17377
ALMS1	HGNC:428
ALOX12	HGNC:429
ALOX12B	HGNC:430
ALOX15	HGNC:433
ALOX15B	HGNC:434
ALOX5	HGNC:435
ALOX5AP	HGNC:436
ALOXE3	HGNC:13743
ALPG	HGNC:441
ALPI	HGNC:437
ALPK1	HGNC:20917
ALPK2	HGNC:20565
ALPK3	HGNC:17574
ALPL	HGNC:438
ALPP	HGNC:439
ALS2	HGNC:443
ALS2CL	HGNC:20605
ALX1	HGNC:1494
ALX3	HGNC:449
ALX4	HGNC:450
ALYREF	HGNC:19071
AMACR	HGNC:451
AMBN	HGNC:452
AMBP	HGNC:453
AMBRA1	HGNC:25990
AMD1	HGNC:457
AMDHD1	HGNC:28577
AMDHD2	HGNC:24262
AMELX	HGNC:461
AMELY	HGNC:462
AMER1	HGNC:26837
AMER2	HGNC:26360
AMER3	HGNC:26771
AMFR	HGNC:463
AMH	HGNC:464
AMHR2	HGNC:465
AMIGO1	HGNC:20824
AMIGO2	HGNC:24073
AMIGO3	HGNC:24075
AMMECR1	HGNC:467
AMMECR1L	HGNC:28658
AMN	HGNC:14604
AMN1	HGNC:27281
AMOT	HGNC:17810
AMOTL1	HGNC:17811
AMOTL2	HGNC:17812
AMPD1	HGNC:468
AMPD2	HGNC:469
AMPD3	HGNC:470
AMPH	HGNC:471
AMT	HGNC:473
AMTN	HGNC:33188
AMY1A	HGNC:474
AMY1B	HGNC:475
AMY1C	HGNC:476
AMY2A	HGNC:477
AMY2B	HGNC:478
AMZ1	HGNC:22231
AMZ2	HGNC:28041
ANAPC1	HGNC:19988
ANAPC10	HGNC:24077
ANAPC11	HGNC:14452
ANAPC13	HGNC:24540
ANAPC15	HGNC:24531
ANAPC16	HGNC:26976
ANAPC2	HGNC:19989
ANAPC4	HGNC:19990
ANAPC5	HGNC:15713
ANAPC7	HGNC:17380
ANG	HGNC:483
ANGEL1	HGNC:19961
ANGEL2	HGNC:30534
ANGPT1	HGNC:484
ANGPT2	HGNC:485
ANGPT4	HGNC:487
ANGPTL1	HGNC:489
ANGPTL2	HGNC:490
ANGPTL3	HGNC:491
ANGPTL4	HGNC:16039
ANGPTL5	HGNC:19705
ANGPTL6	HGNC:23140
ANGPTL7	HGNC:24078
ANGPTL8	HGNC:24933
ANHX	HGNC:40024
ANK1	HGNC:492
ANK2	HGNC:493
ANK3	HGNC:494
ANKAR	HGNC:26350
ANKDD1A	HGNC:28002
ANKDD1B	HGNC:32525
ANKEF1	HGNC:15803
ANKFN1	HGNC:26766
ANKFY1	HGNC:20763
ANKH	HGNC:15492
ANKHD1	HGNC:24714
ANKIB1	HGNC:22215
ANKK1	HGNC:21027
ANKLE1	HGNC:26812
ANKLE2	HGNC:29101
ANKMY1	HGNC:20987
ANKMY2	HGNC:25370
ANKRA2	HGNC:13208
ANKRD1	HGNC:15819
ANKRD10	HGNC:20265
ANKRD11	HGNC:21316
ANKRD12	HGNC:29135
ANKRD13A	HGNC:21268
ANKRD13B	HGNC:26363
ANKRD13C	HGNC:25374
ANKRD13D	HGNC:27880
ANKRD16	HGNC:23471
ANKRD17	HGNC:23575
ANKRD18A	HGNC:23643
ANKRD18B	HGNC:23644
ANKRD2	HGNC:495
ANKRD20A1	HGNC:23665
ANKRD22	HGNC:28321
ANKRD23	HGNC:24470
ANKRD24	HGNC:29424
ANKRD26	HGNC:29186
ANKRD27	HGNC:25310
ANKRD28	HGNC:29024
ANKRD29	HGNC:27110
ANKRD30A	HGNC:17234
ANKRD30B	HGNC:24165
ANKRD30BL	HGNC:35167
ANKRD31	HGNC:26853
ANKRD33	HGNC:13788
ANKRD33B	HGNC:35240
ANKRD34A	HGNC:27639
ANKRD34B	HGNC:33736
ANKRD34C	HGNC:33888
ANKRD35	HGNC:26323
ANKRD36	HGNC:24079
ANKRD36B	HGNC:29333
ANKRD36C	HGNC:32946
ANKRD37	HGNC:29593
ANKRD39	HGNC:28640
ANKRD40	HGNC:28233
ANKRD40CL	HGNC:26080
ANKRD42	HGNC:26752
ANKRD44	HGNC:25259
ANKRD45	HGNC:24786
ANKRD46	HGNC:27229
ANKRD49	HGNC:25970
ANKRD50	HGNC:29223
ANKRD52	HGNC:26614
ANKRD53	HGNC:25691
ANKRD54	HGNC:25185
ANKRD55	HGNC:25681
ANKRD6	HGNC:17280
ANKRD60	HGNC:16217
ANKRD61	HGNC:22467
ANKRD62	HGNC:35241
ANKRD63	HGNC:40027
ANKRD65	HGNC:42950
ANKRD66	HGNC:44669
ANKRD7	HGNC:18588
ANKRD9	HGNC:20096
ANKS1A	HGNC:20961
ANKS1B	HGNC:24600
ANKS3	HGNC:29422
ANKS4B	HGNC:26795
ANKS6	HGNC:26724
ANKUB1	HGNC:29642
ANKZF1	HGNC:25527
ANLN	HGNC:14082
ANO1	HGNC:21625
ANO10	HGNC:25519
ANO2	HGNC:1183
ANO3	HGNC:14004
ANO4	HGNC:23837
ANO5	HGNC:27337
ANO6	HGNC:25240
ANO7	HGNC:31677
ANO8	HGNC:29329
ANO9	HGNC:20679
ANOS1	HGNC:6211
ANP32A	HGNC:13233
ANP32B	HGNC:16677
ANP32D	HGNC:16676
ANP32E	HGNC:16673
ANPEP	HGNC:500
ANTKMT	HGNC:14152
ANTXR1	HGNC:21014
ANTXR2	HGNC:21732
ANTXRL	HGNC:27277
ANXA1	HGNC:533
ANXA10	HGNC:534
ANXA11	HGNC:535
ANXA13	HGNC:536
ANXA2	HGNC:537
ANXA2R	HGNC:33463
ANXA3	HGNC:541
ANXA4	HGNC:542
ANXA5	HGNC:543
ANXA6	HGNC:544
ANXA7	HGNC:545
ANXA8	HGNC:546
ANXA8L1	HGNC:23334
ANXA9	HGNC:547
AOAH	HGNC:548
AOC1	HGNC:80
AOC2	HGNC:549
AOC3	HGNC:550
AOPEP	HGNC:1361
AOX1	HGNC:553
AP1AR	HGNC:28808
AP1B1	HGNC:554
AP1G1	HGNC:555
AP1G2	HGNC:556
AP1M1	HGNC:13667
AP1M2	HGNC:558
AP1S1	HGNC:559
AP1S2	HGNC:560
AP1S3	HGNC:18971
AP2A1	HGNC:561
AP2A2	HGNC:562
AP2B1	HGNC:563
AP2M1	HGNC:564
AP2S1	HGNC:565
AP3B1	HGNC:566
AP3B2	HGNC:567
AP3D1	HGNC:568
AP3M1	HGNC:569
AP3M2	HGNC:570
AP3S1	HGNC:2013
AP3S2	HGNC:571
AP4B1	HGNC:572
AP4E1	HGNC:573
AP4M1	HGNC:574
AP4S1	HGNC:575
AP5B1	HGNC:25104
AP5M1	HGNC:20192
AP5S1	HGNC:15875
AP5Z1	HGNC:22197
APAF1	HGNC:576
APBA1	HGNC:578
APBA2	HGNC:579
APBA3	HGNC:580
APBB1	HGNC:581
APBB1IP	HGNC:17379
APBB2	HGNC:582
APBB3	HGNC:20708
APC	HGNC:583
APC2	HGNC:24036
APCDD1	HGNC:15718
APCDD1L	HGNC:26892
APCS	HGNC:584
APEH	HGNC:586
APELA	HGNC:48925
APEX1	HGNC:587
APEX2	HGNC:17889
APH1A	HGNC:29509
APH1B	HGNC:24080
API5	HGNC:594
APIP	HGNC:17581
APLF	HGNC:28724
APLN	HGNC:16665
APLNR	HGNC:339
APLP1	HGNC:597
APLP2	HGNC:598
APMAP	HGNC:13238
APOA1	HGNC:600
APOA2	HGNC:601
APOA4	HGNC:602
APOA5	HGNC:17288
APOB	HGNC:603
APOBEC1	HGNC:604
APOBEC2	HGNC:605
APOBEC3A	HGNC:17343
APOBEC3A_B	HGNC:44196
APOBEC3B	HGNC:17352
APOBEC3C	HGNC:17353
APOBEC3D	HGNC:17354
APOBEC3F	HGNC:17356
APOBEC3G	HGNC:17357
APOBEC3H	HGNC:24100
APOBEC4	HGNC:32152
APOBR	HGNC:24087
APOC1	HGNC:607
APOC2	HGNC:609
APOC3	HGNC:610
APOC4	HGNC:611
APOD	HGNC:612
APOE	HGNC:613
APOF	HGNC:615
APOH	HGNC:616
APOL1	HGNC:618
APOL2	HGNC:619
APOL3	HGNC:14868
APOL4	HGNC:14867
APOL5	HGNC:14869
APOL6	HGNC:14870
APOLD1	HGNC:25268
APOM	HGNC:13916
APOO	HGNC:28727
APOOL	HGNC:24009
APP	HGNC:620
APPBP2	HGNC:622
APPL1	HGNC:24035
APPL2	HGNC:18242
APRT	HGNC:626
APTX	HGNC:15984
AQP1	HGNC:633
AQP10	HGNC:16029
AQP11	HGNC:19940
AQP12A	HGNC:19941
AQP12B	HGNC:6096
AQP2	HGNC:634
AQP3	HGNC:636
AQP4	HGNC:637
AQP5	HGNC:638
AQP6	HGNC:639
AQP7	HGNC:640
AQP7B	HGNC:53895
AQP8	HGNC:642
AQP9	HGNC:643
AQR	HGNC:29513
AR	HGNC:644
ARAF	HGNC:646
ARAP1	HGNC:16925
ARAP2	HGNC:16924
ARAP3	HGNC:24097
ARB2A	HGNC:25365
ARC	HGNC:648
ARCN1	HGNC:649
AREG	HGNC:651
AREL1	HGNC:20363
ARF1	HGNC:652
ARF3	HGNC:654
ARF4	HGNC:655
ARF5	HGNC:658
ARF6	HGNC:659
ARFGAP1	HGNC:15852
ARFGAP2	HGNC:13504
ARFGAP3	HGNC:661
ARFGEF1	HGNC:15772
ARFGEF2	HGNC:15853
ARFGEF3	HGNC:21213
ARFIP1	HGNC:21496
ARFIP2	HGNC:17160
ARFRP1	HGNC:662
ARG1	HGNC:663
ARG2	HGNC:664
ARGFX	HGNC:30146
ARGLU1	HGNC:25482
ARHGAP1	HGNC:673
ARHGAP10	HGNC:26099
ARHGAP11A	HGNC:15783
ARHGAP11B	HGNC:15782
ARHGAP12	HGNC:16348
ARHGAP15	HGNC:21030
ARHGAP17	HGNC:18239
ARHGAP18	HGNC:21035
ARHGAP19	HGNC:23724
ARHGAP20	HGNC:18357
ARHGAP21	HGNC:23725
ARHGAP22	HGNC:30320
ARHGAP23	HGNC:29293
ARHGAP24	HGNC:25361
ARHGAP25	HGNC:28951
ARHGAP26	HGNC:17073
ARHGAP27	HGNC:31813
ARHGAP28	HGNC:25509
ARHGAP29	HGNC:30207
ARHGAP30	HGNC:27414
ARHGAP31	HGNC:29216
ARHGAP32	HGNC:17399
ARHGAP33	HGNC:23085
ARHGAP35	HGNC:4591
ARHGAP36	HGNC:26388
ARHGAP39	HGNC:29351
ARHGAP4	HGNC:674
ARHGAP40	HGNC:16226
ARHGAP42	HGNC:26545
ARHGAP44	HGNC:29096
ARHGAP45	HGNC:17102
ARHGAP5	HGNC:675
ARHGAP6	HGNC:676
ARHGAP8	HGNC:677
ARHGAP9	HGNC:14130
ARHGDIA	HGNC:678
ARHGDIB	HGNC:679
ARHGDIG	HGNC:680
ARHGEF1	HGNC:681
ARHGEF10	HGNC:14103
ARHGEF10L	HGNC:25540
ARHGEF11	HGNC:14580
ARHGEF12	HGNC:14193
ARHGEF15	HGNC:15590
ARHGEF16	HGNC:15515
ARHGEF17	HGNC:21726
ARHGEF18	HGNC:17090
ARHGEF19	HGNC:26604
ARHGEF2	HGNC:682
ARHGEF25	HGNC:30275
ARHGEF26	HGNC:24490
ARHGEF28	HGNC:30322
ARHGEF3	HGNC:683
ARHGEF33	HGNC:37252
ARHGEF35	HGNC:33846
ARHGEF37	HGNC:34430
ARHGEF38	HGNC:25968
ARHGEF39	HGNC:25909
ARHGEF4	HGNC:684
ARHGEF40	HGNC:25516
ARHGEF5	HGNC:13209
ARHGEF6	HGNC:685
ARHGEF7	HGNC:15607
ARHGEF9	HGNC:14561
ARID1A	HGNC:11110
ARID1B	HGNC:18040
ARID2	HGNC:18037
ARID3A	HGNC:3031
ARID3B	HGNC:14350
ARID3C	HGNC:21209
ARID4A	HGNC:9885
ARID4B	HGNC:15550
ARID5A	HGNC:17361
ARID5B	HGNC:17362
ARIH1	HGNC:689
ARIH2	HGNC:690
ARK2C	HGNC:31696
ARK2N	HGNC:28172
ARL1	HGNC:692
ARL10	HGNC:22042
ARL11	HGNC:24046
ARL13A	HGNC:31709
ARL13B	HGNC:25419
ARL14	HGNC:22974
ARL14EP	HGNC:26798
ARL14EPL	HGNC:44201
ARL15	HGNC:25945
ARL16	HGNC:27902
ARL17A	HGNC:24096
ARL17B	HGNC:32387
ARL2	HGNC:693
ARL2BP	HGNC:17146
ARL3	HGNC:694
ARL4A	HGNC:695
ARL4C	HGNC:698
ARL4D	HGNC:656
ARL5A	HGNC:696
ARL5B	HGNC:23052
ARL5C	HGNC:31111
ARL6	HGNC:13210
ARL6IP1	HGNC:697
ARL6IP4	HGNC:18076
ARL6IP5	HGNC:16937
ARL6IP6	HGNC:24048
ARL8A	HGNC:25192
ARL8B	HGNC:25564
ARL9	HGNC:23592
ARLN	HGNC:19225
ARMC1	HGNC:17684
ARMC10	HGNC:21706
ARMC12	HGNC:21099
ARMC2	HGNC:23045
ARMC3	HGNC:30964
ARMC5	HGNC:25781
ARMC6	HGNC:25049
ARMC7	HGNC:26168
ARMC8	HGNC:24999
ARMC9	HGNC:20730
ARMCX1	HGNC:18073
ARMCX2	HGNC:16869
ARMCX3	HGNC:24065
ARMCX4	HGNC:28615
ARMCX5	HGNC:25772
ARMCX6	HGNC:26094
ARMH1	HGNC:34345
ARMH2	HGNC:49394
ARMH3	HGNC:25788
ARMH4	HGNC:19846
ARMS2	HGNC:32685
ARNT	HGNC:700
ARNT2	HGNC:16876
ARPC1A	HGNC:703
ARPC1B	HGNC:704
ARPC2	HGNC:705
ARPC3	HGNC:706
ARPC4	HGNC:707
ARPC5	HGNC:708
ARPC5L	HGNC:23366
ARPIN	HGNC:28782
ARPP19	HGNC:16967
ARPP21	HGNC:16968
ARR3	HGNC:710
ARRB1	HGNC:711
ARRB2	HGNC:712
ARRDC1	HGNC:28633
ARRDC2	HGNC:25225
ARRDC3	HGNC:29263
ARRDC4	HGNC:28087
ARRDC5	HGNC:31407
ARSA	HGNC:713
ARSB	HGNC:714
ARSD	HGNC:717
ARSF	HGNC:721
ARSG	HGNC:24102
ARSH	HGNC:32488
ARSI	HGNC:32521
ARSJ	HGNC:26286
ARSK	HGNC:25239
ARSL	HGNC:719
ART1	HGNC:723
ART3	HGNC:725
ART4	HGNC:726
ART5	HGNC:24049
ARTN	HGNC:727
ARV1	HGNC:29561
ARVCF	HGNC:728
ARX	HGNC:18060
AS3MT	HGNC:17452
ASAH1	HGNC:735
ASAH2	HGNC:18860
ASAH2B	HGNC:23456
ASAP1	HGNC:2720
ASAP2	HGNC:2721
ASAP3	HGNC:14987
ASB1	HGNC:16011
ASB10	HGNC:17185
ASB11	HGNC:17186
ASB12	HGNC:19763
ASB13	HGNC:19765
ASB14	HGNC:19766
ASB15	HGNC:19767
ASB16	HGNC:19768
ASB17	HGNC:19769
ASB18	HGNC:19770
ASB2	HGNC:16012
ASB3	HGNC:16013
ASB4	HGNC:16009
ASB5	HGNC:17180
ASB6	HGNC:17181
ASB7	HGNC:17182
ASB8	HGNC:17183
ASB9	HGNC:17184
ASCC1	HGNC:24268
ASCC2	HGNC:24103
ASCC3	HGNC:18697
ASCL1	HGNC:738
ASCL2	HGNC:739
ASCL3	HGNC:740
ASCL4	HGNC:24311
ASCL5	HGNC:33169
ASDURF	HGNC:53619
ASF1A	HGNC:20995
ASF1B	HGNC:20996
ASGR1	HGNC:742
ASGR2	HGNC:743
ASH1L	HGNC:19088
ASH2L	HGNC:744
ASIC1	HGNC:100
ASIC2	HGNC:99
ASIC3	HGNC:101
ASIC4	HGNC:21263
ASIC5	HGNC:17537
ASIP	HGNC:745
ASL	HGNC:746
ASMT	HGNC:750
ASMTL	HGNC:751
ASNS	HGNC:753
ASNSD1	HGNC:24910
ASPA	HGNC:756
ASPDH	HGNC:33856
ASPG	HGNC:20123
ASPH	HGNC:757
ASPHD1	HGNC:27380
ASPHD2	HGNC:30437
ASPM	HGNC:19048
ASPN	HGNC:14872
ASPRV1	HGNC:26321
ASPSCR1	HGNC:13825
ASRGL1	HGNC:16448
ASS1	HGNC:758
ASTE1	HGNC:25021
ASTL	HGNC:31704
ASTN1	HGNC:773
ASTN2	HGNC:17021
ASXL1	HGNC:18318
ASXL2	HGNC:23805
ASXL3	HGNC:29357
ASZ1	HGNC:1350
ATAD1	HGNC:25903
ATAD2	HGNC:30123
ATAD2B	HGNC:29230
ATAD3A	HGNC:25567
ATAD3B	HGNC:24007
ATAD3C	HGNC:32151
ATAD5	HGNC:25752
ATAT1	HGNC:21186
ATCAY	HGNC:779
ATE1	HGNC:782
ATF1	HGNC:783
ATF2	HGNC:784
ATF3	HGNC:785
ATF4	HGNC:786
ATF5	HGNC:790
ATF6	HGNC:791
ATF6B	HGNC:2349
ATF7	HGNC:792
ATF7IP	HGNC:20092
ATF7IP2	HGNC:20397
ATG10	HGNC:20315
ATG101	HGNC:25679
ATG12	HGNC:588
ATG13	HGNC:29091
ATG14	HGNC:19962
ATG16L1	HGNC:21498
ATG16L2	HGNC:25464
ATG2A	HGNC:29028
ATG2B	HGNC:20187
ATG3	HGNC:20962
ATG4A	HGNC:16489
ATG4B	HGNC:20790
ATG4C	HGNC:16040
ATG4D	HGNC:20789
ATG5	HGNC:589
ATG7	HGNC:16935
ATG9A	HGNC:22408
ATG9B	HGNC:21899
ATIC	HGNC:794
ATL1	HGNC:11231
ATL2	HGNC:24047
ATL3	HGNC:24526
ATM	HGNC:795
ATMIN	HGNC:29034
ATN1	HGNC:3033
ATOH1	HGNC:797
ATOH7	HGNC:13907
ATOH8	HGNC:24126
ATOSA	HGNC:25609
ATOSB	HGNC:25666
ATOX1	HGNC:798
ATP10A	HGNC:13542
ATP10B	HGNC:13543
ATP10D	HGNC:13549
ATP11A	HGNC:13552
ATP11B	HGNC:13553
ATP11C	HGNC:13554
ATP12A	HGNC:13816
ATP13A1	HGNC:24215
ATP13A2	HGNC:30213
ATP13A3	HGNC:24113
ATP13A4	HGNC:25422
ATP13A5	HGNC:31789
ATP1A1	HGNC:799
ATP1A2	HGNC:800
ATP1A3	HGNC:801
ATP1A4	HGNC:14073
ATP1B1	HGNC:804
ATP1B2	HGNC:805
ATP1B3	HGNC:806
ATP1B4	HGNC:808
ATP23	HGNC:29452
ATP2A1	HGNC:811
ATP2A2	HGNC:812
ATP2A3	HGNC:813
ATP2B1	HGNC:814
ATP2B2	HGNC:815
ATP2B3	HGNC:816
ATP2B4	HGNC:817
ATP2C1	HGNC:13211
ATP2C2	HGNC:29103
ATP4A	HGNC:819
ATP4B	HGNC:820
ATP5F1A	HGNC:823
ATP5F1B	HGNC:830
ATP5F1C	HGNC:833
ATP5F1D	HGNC:837
ATP5F1E	HGNC:838
ATP5IF1	HGNC:871
ATP5MC1	HGNC:841
ATP5MC2	HGNC:842
ATP5MC3	HGNC:843
ATP5ME	HGNC:846
ATP5MF	HGNC:848
ATP5MG	HGNC:14247
ATP5MGL	HGNC:13213
ATP5MJ	HGNC:1188
ATP5MK	HGNC:30889
ATP5PB	HGNC:840
ATP5PD	HGNC:845
ATP5PF	HGNC:847
ATP5PO	HGNC:850
ATP6AP1	HGNC:868
ATP6AP2	HGNC:18305
ATP6V0A1	HGNC:865
ATP6V0A2	HGNC:18481
ATP6V0A4	HGNC:866
ATP6V0B	HGNC:861
ATP6V0C	HGNC:855
ATP6V0D1	HGNC:13724
ATP6V0D2	HGNC:18266
ATP6V0E1	HGNC:863
ATP6V0E2	HGNC:21723
ATP6V1A	HGNC:851
ATP6V1B1	HGNC:853
ATP6V1B2	HGNC:854
ATP6V1C1	HGNC:856
ATP6V1C2	HGNC:18264
ATP6V1D	HGNC:13527
ATP6V1E1	HGNC:857
ATP6V1E2	HGNC:18125
ATP6V1F	HGNC:16832
ATP6V1G1	HGNC:864
ATP6V1G2	HGNC:862
ATP6V1G3	HGNC:18265
ATP6V1H	HGNC:18303
ATP7A	HGNC:869
ATP7B	HGNC:870
ATP8A1	HGNC:13531
ATP8A2	HGNC:13533
ATP8B1	HGNC:3706
ATP8B2	HGNC:13534
ATP8B3	HGNC:13535
ATP8B4	HGNC:13536
ATP9A	HGNC:13540
ATP9B	HGNC:13541
ATPAF1	HGNC:18803
ATPAF2	HGNC:18802
ATPSCKMT	HGNC:27029
ATR	HGNC:882
ATRAID	HGNC:24090
ATRIP	HGNC:33499
ATRN	HGNC:885
ATRNL1	HGNC:29063
ATRX	HGNC:886
ATXN1	HGNC:10548
ATXN10	HGNC:10549
ATXN1L	HGNC:33279
ATXN2	HGNC:10555
ATXN2L	HGNC:31326
ATXN3	HGNC:7106
ATXN3L	HGNC:24173
ATXN7	HGNC:10560
ATXN7L1	HGNC:22210
ATXN7L2	HGNC:28713
ATXN7L3	HGNC:25416
ATXN7L3B	HGNC:37931
ATXN8OS	HGNC:10561
AUH	HGNC:890
AUNIP	HGNC:28363
AUP1	HGNC:891
AURKA	HGNC:11393
AURKAIP1	HGNC:24114
AURKB	HGNC:11390
AURKC	HGNC:11391
AUTS2	HGNC:14262
AVEN	HGNC:13509
AVIL	HGNC:14188
AVL9	HGNC:28994
AVP	HGNC:894
AVPI1	HGNC:30898
AVPR1A	HGNC:895
AVPR1B	HGNC:896
AVPR2	HGNC:897
AWAT1	HGNC:23252
AWAT2	HGNC:23251
AXDND1	HGNC:26564
AXIN1	HGNC:903
AXIN2	HGNC:904
AXL	HGNC:905
AZGP1	HGNC:910
AZI2	HGNC:24002
AZIN1	HGNC:16432
AZIN2	HGNC:29957
AZU1	HGNC:913
B2M	HGNC:914
B3GALNT1	HGNC:918
B3GALNT2	HGNC:28596
B3GALT1	HGNC:916
B3GALT2	HGNC:917
B3GALT4	HGNC:919
B3GALT5	HGNC:920
B3GALT6	HGNC:17978
B3GALT9	HGNC:53652
B3GAT1	HGNC:921
B3GAT2	HGNC:922
B3GAT3	HGNC:923
B3GLCT	HGNC:20207
B3GNT2	HGNC:15629
B3GNT3	HGNC:13528
B3GNT4	HGNC:15683
B3GNT5	HGNC:15684
B3GNT6	HGNC:24141
B3GNT7	HGNC:18811
B3GNT8	HGNC:24139
B3GNT9	HGNC:28714
B4GALNT1	HGNC:4117
B4GALNT2	HGNC:24136
B4GALNT3	HGNC:24137
B4GALNT4	HGNC:26315
B4GALT1	HGNC:924
B4GALT2	HGNC:925
B4GALT3	HGNC:926
B4GALT4	HGNC:927
B4GALT5	HGNC:928
B4GALT6	HGNC:929
B4GALT7	HGNC:930
B4GAT1	HGNC:15685
B9D1	HGNC:24123
B9D2	HGNC:28636
BAALC	HGNC:14333
BAAT	HGNC:932
BABAM1	HGNC:25008
BABAM2	HGNC:1106
BACC1	HGNC:28737
BACE1	HGNC:933
BACE1-AS	HGNC:37125
BACE2	HGNC:934
BACH1	HGNC:935
BACH2	HGNC:14078
BAD	HGNC:936
BAG1	HGNC:937
BAG2	HGNC:938
BAG3	HGNC:939
BAG4	HGNC:940
BAG5	HGNC:941
BAG6	HGNC:13919
BAHCC1	HGNC:29279
BAHD1	HGNC:29153
BAIAP2	HGNC:947
BAIAP2L1	HGNC:21649
BAIAP2L2	HGNC:26203
BAIAP3	HGNC:948
BAK1	HGNC:949
BAMBI	HGNC:30251
BANF1	HGNC:17397
BANF2	HGNC:16172
BANK1	HGNC:18233
BANP	HGNC:13450
BAP1	HGNC:950
BARD1	HGNC:952
BARHL1	HGNC:953
BARHL2	HGNC:954
BARX1	HGNC:955
BARX2	HGNC:956
BASP1	HGNC:957
BATF	HGNC:958
BATF2	HGNC:25163
BATF3	HGNC:28915
BAX	HGNC:959
BAZ1A	HGNC:960
BAZ1B	HGNC:961
BAZ2A	HGNC:962
BAZ2B	HGNC:963
BBC3	HGNC:17868
BBIP1	HGNC:28093
BBLN	HGNC:17823
BBOF1	HGNC:19855
BBOX1	HGNC:964
BBS1	HGNC:966
BBS10	HGNC:26291
BBS12	HGNC:26648
BBS2	HGNC:967
BBS4	HGNC:969
BBS5	HGNC:970
BBS7	HGNC:18758
BBS9	HGNC:30000
BBX	HGNC:14422
BCAM	HGNC:6722
BCAN	HGNC:23059
BCAP29	HGNC:24131
BCAP31	HGNC:16695
BCAR1	HGNC:971
BCAR3	HGNC:973
BCAS1	HGNC:974
BCAS2	HGNC:975
BCAS3	HGNC:14347
BCAS4	HGNC:14367
BCAT1	HGNC:976
BCAT2	HGNC:977
BCCIP	HGNC:978
BCDIN3D	HGNC:27050
BCHE	HGNC:983
BCKDHA	HGNC:986
BCKDHB	HGNC:987
BCKDK	HGNC:16902
BCL10	HGNC:989
BCL11A	HGNC:13221
BCL11B	HGNC:13222
BCL2	HGNC:990
BCL2A1	HGNC:991
BCL2L1	HGNC:992
BCL2L10	HGNC:993
BCL2L11	HGNC:994
BCL2L12	HGNC:13787
BCL2L13	HGNC:17164
BCL2L14	HGNC:16657
BCL2L15	HGNC:33624
BCL2L2	HGNC:995
BCL3	HGNC:998
BCL6	HGNC:1001
BCL6B	HGNC:1002
BCL7A	HGNC:1004
BCL7B	HGNC:1005
BCL7C	HGNC:1006
BCL9	HGNC:1008
BCL9L	HGNC:23688
BCLAF1	HGNC:16863
BCLAF3	HGNC:27413
BCO1	HGNC:13815
BCO2	HGNC:18503
BCOR	HGNC:20893
BCORL1	HGNC:25657
BCR	HGNC:1014
BCS1L	HGNC:1020
BDH1	HGNC:1027
BDH2	HGNC:32389
BDKRB1	HGNC:1029
BDKRB2	HGNC:1030
BDNF	HGNC:1033
BDP1	HGNC:13652
BEAN1	HGNC:24160
BECN1	HGNC:1034
BECN2	HGNC:38606
BEGAIN	HGNC:24163
BEND2	HGNC:28509
BEND3	HGNC:23040
BEND4	HGNC:23815
BEND5	HGNC:25668
BEND6	HGNC:20871
BEND7	HGNC:23514
BEST1	HGNC:12703
BEST2	HGNC:17107
BEST3	HGNC:17105
BEST4	HGNC:17106
BET1	HGNC:14562
BET1L	HGNC:19348
BEX1	HGNC:1036
BEX2	HGNC:30933
BEX3	HGNC:13388
BEX4	HGNC:25475
BEX5	HGNC:27990
BFAR	HGNC:17613
BFSP1	HGNC:1040
BFSP2	HGNC:1041
BGLAP	HGNC:1043
BGN	HGNC:1044
BHLHA15	HGNC:22265
BHLHA9	HGNC:35126
BHLHE22	HGNC:11963
BHLHE23	HGNC:16093
BHLHE40	HGNC:1046
BHLHE41	HGNC:16617
BHMT	HGNC:1047
BHMT2	HGNC:1048
BICC1	HGNC:19351
BICD1	HGNC:1049
BICD2	HGNC:17208
BICDL1	HGNC:28095
BICDL2	HGNC:33584
BICRA	HGNC:4332
BICRAL	HGNC:21111
BID	HGNC:1050
BIK	HGNC:1051
BIN1	HGNC:1052
BIN2	HGNC:1053
BIN3	HGNC:1054
BIRC2	HGNC:590
BIRC3	HGNC:591
BIRC5	HGNC:593
BIRC6	HGNC:13516
BIRC7	HGNC:13702
BIVM	HGNC:16034
BLACAT1	HGNC:48597
BLCAP	HGNC:1055
BLID	HGNC:33495
BLK	HGNC:1057
BLM	HGNC:1058
BLMH	HGNC:1059
BLNK	HGNC:14211
BLOC1S1	HGNC:4200
BLOC1S2	HGNC:20984
BLOC1S3	HGNC:20914
BLOC1S4	HGNC:24206
BLOC1S5	HGNC:18561
BLOC1S6	HGNC:8549
BLTP1	HGNC:26953
BLTP2	HGNC:28960
BLTP3A	HGNC:21216
BLTP3B	HGNC:29102
BLVRA	HGNC:1062
BLVRB	HGNC:1063
BLZF1	HGNC:1065
BMAL1	HGNC:701
BMAL2	HGNC:18984
BMERB1	HGNC:19213
BMF	HGNC:24132
BMI1	HGNC:1066
BMP1	HGNC:1067
BMP10	HGNC:20869
BMP15	HGNC:1068
BMP2	HGNC:1069
BMP2K	HGNC:18041
BMP3	HGNC:1070
BMP4	HGNC:1071
BMP5	HGNC:1072
BMP6	HGNC:1073
BMP7	HGNC:1074
BMP8A	HGNC:21650
BMP8B	HGNC:1075
BMPER	HGNC:24154
BMPR1A	HGNC:1076
BMPR1B	HGNC:1077
BMPR2	HGNC:1078
BMS1	HGNC:23505
BMX	HGNC:1079
BNC1	HGNC:1081
BNC2	HGNC:30988
BNIP1	HGNC:1082
BNIP2	HGNC:1083
BNIP3	HGNC:1084
BNIP3L	HGNC:1085
BNIP5	HGNC:33769
BNIPL	HGNC:16976
BOC	HGNC:17173
BOD1	HGNC:25114
BOD1L1	HGNC:31792
BOD1L2	HGNC:28505
BOK	HGNC:1087
BOLA1	HGNC:24263
BOLA2	HGNC:29488
BOLA2B	HGNC:32479
BOLA3	HGNC:24415
BOLL	HGNC:14273
BOP1	HGNC:15519
BORA	HGNC:24724
BORCS5	HGNC:17950
BORCS6	HGNC:25939
BORCS7	HGNC:23516
BORCS8	HGNC:37247
BPGM	HGNC:1093
BPHL	HGNC:1094
BPI	HGNC:1095
BPIFA1	HGNC:15749
BPIFA2	HGNC:16203
BPIFA3	HGNC:16204
BPIFB1	HGNC:16108
BPIFB2	HGNC:16177
BPIFB3	HGNC:16178
BPIFB4	HGNC:16179
BPIFB6	HGNC:16504
BPIFC	HGNC:16503
BPNT1	HGNC:1096
BPNT2	HGNC:26019
BPTF	HGNC:3581
BPY2	HGNC:13508
BPY2B	HGNC:25449
BPY2C	HGNC:18225
BRAF	HGNC:1097
BRAP	HGNC:1099
BRAT1	HGNC:21701
BRCA1	HGNC:1100
BRCA2	HGNC:1101
BRCC3	HGNC:24185
BRD1	HGNC:1102
BRD10	HGNC:23378
BRD2	HGNC:1103
BRD3	HGNC:1104
BRD3OS	HGNC:24742
BRD4	HGNC:13575
BRD7	HGNC:14310
BRD8	HGNC:19874
BRD9	HGNC:25818
BRDT	HGNC:1105
BRF1	HGNC:11551
BRF2	HGNC:17298
BRI3	HGNC:1109
BRI3BP	HGNC:14251
BRICD5	HGNC:28309
BRINP1	HGNC:2687
BRINP2	HGNC:13746
BRINP3	HGNC:22393
BRIP1	HGNC:20473
BRIX1	HGNC:24170
BRK1	HGNC:23057
BRME1	HGNC:28153
BRMS1	HGNC:17262
BRMS1L	HGNC:20512
BROX	HGNC:26512
BRPF1	HGNC:14255
BRPF3	HGNC:14256
BRS3	HGNC:1113
BRSK1	HGNC:18994
BRSK2	HGNC:11405
BRWD1	HGNC:12760
BRWD3	HGNC:17342
BSCL2	HGNC:15832
BSDC1	HGNC:25501
BSG	HGNC:1116
BSN	HGNC:1117
BSND	HGNC:16512
BSPH1	HGNC:33906
BSPRY	HGNC:18232
BST1	HGNC:1118
BST2	HGNC:1119
BSX	HGNC:20450
BTAF1	HGNC:17307
BTBD1	HGNC:1120
BTBD10	HGNC:21445
BTBD16	HGNC:26340
BTBD17	HGNC:33758
BTBD18	HGNC:37214
BTBD19	HGNC:27145
BTBD2	HGNC:15504
BTBD3	HGNC:15854
BTBD6	HGNC:19897
BTBD7	HGNC:18269
BTBD8	HGNC:21019
BTBD9	HGNC:21228
BTC	HGNC:1121
BTD	HGNC:1122
BTF3	HGNC:1125
BTF3L4	HGNC:30547
BTG1	HGNC:1130
BTG2	HGNC:1131
BTG3	HGNC:1132
BTG4	HGNC:13862
BTK	HGNC:1133
BTLA	HGNC:21087
BTN1A1	HGNC:1135
BTN2A1	HGNC:1136
BTN2A2	HGNC:1137
BTN3A1	HGNC:1138
BTN3A2	HGNC:1139
BTN3A3	HGNC:1140
BTNL2	HGNC:1142
BTNL3	HGNC:1143
BTNL8	HGNC:26131
BTNL9	HGNC:24176
BTRC	HGNC:1144
BUB1	HGNC:1148
BUB1B	HGNC:1149
BUB3	HGNC:1151
BUD13	HGNC:28199
BUD23	HGNC:16405
BUD31	HGNC:29629
BYSL	HGNC:1157
BZW1	HGNC:18380
BZW2	HGNC:18808
C10orf105	HGNC:20304
C10orf120	HGNC:25707
C10orf143	HGNC:48677
C10orf53	HGNC:27421
C10orf62	HGNC:23294
C10orf67	HGNC:28716
C10orf71	HGNC:26973
C10orf88	HGNC:25822
C10orf90	HGNC:26563
C10orf95	HGNC:25880
C11orf16	HGNC:1169
C11orf21	HGNC:13231
C11orf24	HGNC:1174
C11orf42	HGNC:28541
C11orf52	HGNC:30531
C11orf54	HGNC:30204
C11orf58	HGNC:16990
C11orf65	HGNC:28519
C11orf68	HGNC:28801
C11orf71	HGNC:25937
C11orf86	HGNC:34442
C11orf87	HGNC:33788
C11orf91	HGNC:34444
C11orf96	HGNC:38675
C11orf97	HGNC:49544
C11orf98	HGNC:51238
C12orf42	HGNC:24729
C12orf43	HGNC:25719
C12orf50	HGNC:26665
C12orf54	HGNC:28553
C12orf56	HGNC:26967
C12orf57	HGNC:29521
C12orf60	HGNC:28726
C12orf71	HGNC:34452
C12orf75	HGNC:35164
C12orf76	HGNC:33790
C13orf42	HGNC:42693
C13orf46	HGNC:53786
C14orf119	HGNC:20270
C14orf132	HGNC:20346
C14orf180	HGNC:33795
C14orf39	HGNC:19849
C14orf93	HGNC:20162
C15orf39	HGNC:24497
C15orf40	HGNC:28443
C15orf61	HGNC:34453
C15orf62	HGNC:34489
C16orf46	HGNC:26525
C16orf54	HGNC:26649
C16orf74	HGNC:23362
C16orf78	HGNC:28479
C16orf82	HGNC:30755
C16orf86	HGNC:33755
C16orf87	HGNC:33754
C16orf89	HGNC:28687
C16orf90	HGNC:34455
C16orf92	HGNC:26346
C16orf95	HGNC:40033
C16orf96	HGNC:40031
C17orf100	HGNC:34494
C17orf107	HGNC:37238
C17orf113	HGNC:53437
C17orf114	HGNC:55343
C17orf50	HGNC:29581
C17orf58	HGNC:27568
C17orf67	HGNC:27900
C17orf75	HGNC:30173
C17orf78	HGNC:26831
C17orf99	HGNC:34490
C18orf32	HGNC:31690
C18orf54	HGNC:13796
C18orf63	HGNC:40037
C19orf12	HGNC:25443
C19orf18	HGNC:28642
C19orf25	HGNC:26711
C19orf33	HGNC:16668
C19orf38	HGNC:34073
C19orf44	HGNC:26141
C19orf47	HGNC:26723
C19orf53	HGNC:24991
C19orf67	HGNC:34354
C19orf73	HGNC:25534
C19orf81	HGNC:40041
C19orf84	HGNC:27112
C19orf85	HGNC:53653
C1D	HGNC:29911
C1GALT1	HGNC:24337
C1GALT1C1	HGNC:24338
C1GALT1C1L	HGNC:51617
C1QA	HGNC:1241
C1QB	HGNC:1242
C1QBP	HGNC:1243
C1QC	HGNC:1245
C1QL1	HGNC:24182
C1QL2	HGNC:24181
C1QL3	HGNC:19359
C1QL4	HGNC:31416
C1QTNF1	HGNC:14324
C1QTNF12	HGNC:32308
C1QTNF2	HGNC:14325
C1QTNF3	HGNC:14326
C1QTNF4	HGNC:14346
C1QTNF5	HGNC:14344
C1QTNF6	HGNC:14343
C1QTNF7	HGNC:14342
C1QTNF8	HGNC:31374
C1QTNF9	HGNC:28732
C1QTNF9B	HGNC:34072
C1R	HGNC:1246
C1RL	HGNC:21265
C1S	HGNC:1247
C1orf105	HGNC:29591
C1orf115	HGNC:25873
C1orf116	HGNC:28667
C1orf122	HGNC:24789
C1orf141	HGNC:32044
C1orf146	HGNC:24032
C1orf159	HGNC:26062
C1orf162	HGNC:28344
C1orf167	HGNC:25262
C1orf174	HGNC:27915
C1orf185	HGNC:28096
C1orf198	HGNC:25900
C1orf202	HGNC:56760
C1orf21	HGNC:15494
C1orf210	HGNC:28755
C1orf216	HGNC:26800
C1orf226	HGNC:34351
C1orf232	HGNC:53426
C1orf35	HGNC:19032
C1orf50	HGNC:28795
C1orf52	HGNC:24871
C1orf53	HGNC:30003
C1orf54	HGNC:26258
C1orf56	HGNC:26045
C1orf74	HGNC:26319
C1orf87	HGNC:28547
C1orf94	HGNC:28250
C2	HGNC:1248
C20orf141	HGNC:16134
C20orf144	HGNC:16137
C20orf173	HGNC:16166
C20orf202	HGNC:37254
C20orf203	HGNC:26592
C20orf204	HGNC:27655
C20orf96	HGNC:16227
C21orf140	HGNC:39602
C21orf58	HGNC:1300
C21orf91	HGNC:16459
C22orf15	HGNC:15558
C22orf23	HGNC:18589
C22orf31	HGNC:26931
C22orf39	HGNC:27012
C22orf42	HGNC:27160
C2CD2	HGNC:1266
C2CD2L	HGNC:29000
C2CD3	HGNC:24564
C2CD4A	HGNC:33627
C2CD4B	HGNC:33628
C2CD4C	HGNC:29417
C2CD4D	HGNC:37210
C2CD5	HGNC:29062
C2orf15	HGNC:28436
C2orf42	HGNC:26056
C2orf49	HGNC:28772
C2orf66	HGNC:33809
C2orf68	HGNC:34353
C2orf69	HGNC:26799
C2orf72	HGNC:27418
C2orf74	HGNC:34439
C2orf76	HGNC:27017
C2orf78	HGNC:34349
C2orf80	HGNC:34352
C2orf81	HGNC:34350
C2orf92	HGNC:49272
C3	HGNC:1318
C3AR1	HGNC:1319
C3orf18	HGNC:24837
C3orf20	HGNC:25320
C3orf22	HGNC:28534
C3orf33	HGNC:26434
C3orf38	HGNC:28384
C3orf49	HGNC:25190
C3orf52	HGNC:26255
C3orf62	HGNC:24771
C3orf70	HGNC:33731
C3orf80	HGNC:40048
C3orf85	HGNC:53432
C4A	HGNC:1323
C4B	HGNC:1324
C4BPA	HGNC:1325
C4BPB	HGNC:1328
C4B_2	HGNC:42398
C4orf17	HGNC:25274
C4orf33	HGNC:27025
C4orf36	HGNC:28386
C4orf46	HGNC:27320
C4orf50	HGNC:33766
C4orf51	HGNC:37264
C4orf54	HGNC:27741
C5	HGNC:1331
C5AR1	HGNC:1338
C5AR2	HGNC:4527
C5orf15	HGNC:20656
C5orf22	HGNC:25639
C5orf24	HGNC:26746
C5orf34	HGNC:24738
C5orf46	HGNC:33768
C5orf47	HGNC:27026
C5orf52	HGNC:35121
C5orf58	HGNC:37272
C5orf63	HGNC:40051
C6	HGNC:1339
C6orf118	HGNC:21233
C6orf120	HGNC:21247
C6orf132	HGNC:21288
C6orf136	HGNC:21301
C6orf141	HGNC:21351
C6orf15	HGNC:13927
C6orf163	HGNC:21403
C6orf47	HGNC:19076
C6orf52	HGNC:20881
C6orf58	HGNC:20960
C6orf62	HGNC:20998
C6orf89	HGNC:21114
C7	HGNC:1346
C7orf25	HGNC:21703
C7orf33	HGNC:21724
C7orf57	HGNC:22247
C7orf78	HGNC:55185
C8A	HGNC:1352
C8B	HGNC:1353
C8G	HGNC:1354
C8orf33	HGNC:26104
C8orf34	HGNC:30905
C8orf48	HGNC:26345
C8orf58	HGNC:32233
C8orf74	HGNC:32296
C8orf76	HGNC:25924
C8orf82	HGNC:33826
C8orf88	HGNC:44672
C8orf89	HGNC:51258
C8orf90	HGNC:56305
C9	HGNC:1358
C9orf152	HGNC:31455
C9orf153	HGNC:31456
C9orf40	HGNC:23433
C9orf43	HGNC:23570
C9orf50	HGNC:23677
C9orf57	HGNC:27037
C9orf72	HGNC:28337
C9orf78	HGNC:24932
C9orf85	HGNC:28784
CA1	HGNC:1368
CA10	HGNC:1369
CA11	HGNC:1370
CA12	HGNC:1371
CA13	HGNC:14914
CA14	HGNC:1372
CA2	HGNC:1373
CA3	HGNC:1374
CA4	HGNC:1375
CA5A	HGNC:1377
CA5B	HGNC:1378
CA6	HGNC:1380
CA7	HGNC:1381
CA8	HGNC:1382
CA9	HGNC:1383
CAAP1	HGNC:25834
CAB39	HGNC:20292
CAB39L	HGNC:20290
CABCOCO1	HGNC:28678
CABIN1	HGNC:24187
CABLES1	HGNC:25097
CABLES2	HGNC:16143
CABP1	HGNC:1384
CABP2	HGNC:1385
CABP4	HGNC:1386
CABP5	HGNC:13714
CABP7	HGNC:20834
CABS1	HGNC:30710
CABYR	HGNC:15569
CACFD1	HGNC:1365
CACHD1	HGNC:29314
CACNA1A	HGNC:1388
CACNA1B	HGNC:1389
CACNA1C	HGNC:1390
CACNA1D	HGNC:1391
CACNA1E	HGNC:1392
CACNA1F	HGNC:1393
CACNA1G	HGNC:1394
CACNA1H	HGNC:1395
CACNA1I	HGNC:1396
CACNA1S	HGNC:1397
CACNA2D1	HGNC:1399
CACNA2D2	HGNC:1400
CACNA2D3	HGNC:15460
CACNA2D4	HGNC:20202
CACNB1	HGNC:1401
CACNB2	HGNC:1402
CACNB3	HGNC:1403
CACNB4	HGNC:1404
CACNG1	HGNC:1405
CACNG2	HGNC:1406
CACNG3	HGNC:1407
CACNG4	HGNC:1408
CACNG5	HGNC:1409
CACNG6	HGNC:13625
CACNG7	HGNC:13626
CACNG8	HGNC:13628
CACTIN	HGNC:29938
CACUL1	HGNC:23727
CACYBP	HGNC:30423
CAD	HGNC:1424
CADM1	HGNC:5951
CADM2	HGNC:29849
CADM3	HGNC:17601
CADM4	HGNC:30825
CADPS	HGNC:1426
CADPS2	HGNC:16018
CAGE1	HGNC:21622
CALB1	HGNC:1434
CALB2	HGNC:1435
CALCA	HGNC:1437
CALCB	HGNC:1438
CALCOCO1	HGNC:29306
CALCOCO2	HGNC:29912
CALCR	HGNC:1440
CALCRL	HGNC:16709
CALD1	HGNC:1441
CALHM1	HGNC:23494
CALHM2	HGNC:23493
CALHM3	HGNC:23458
CALHM4	HGNC:21094
CALHM5	HGNC:21568
CALHM6	HGNC:33391
CALM1	HGNC:1442
CALM2	HGNC:1445
CALM3	HGNC:1449
CALML3	HGNC:1452
CALML4	HGNC:18445
CALML5	HGNC:18180
CALML6	HGNC:24193
CALN1	HGNC:13248
CALR	HGNC:1455
CALR3	HGNC:20407
CALU	HGNC:1458
CALY	HGNC:17938
CAMK1	HGNC:1459
CAMK1D	HGNC:19341
CAMK1G	HGNC:14585
CAMK2A	HGNC:1460
CAMK2B	HGNC:1461
CAMK2D	HGNC:1462
CAMK2G	HGNC:1463
CAMK2N1	HGNC:24190
CAMK2N2	HGNC:24197
CAMK4	HGNC:1464
CAMKK1	HGNC:1469
CAMKK2	HGNC:1470
CAMKMT	HGNC:26276
CAMKV	HGNC:28788
CAMLG	HGNC:1471
CAMP	HGNC:1472
CAMSAP1	HGNC:19946
CAMSAP2	HGNC:29188
CAMSAP3	HGNC:29307
CAMTA1	HGNC:18806
CAMTA2	HGNC:18807
CAND1	HGNC:30688
CAND2	HGNC:30689
CANT1	HGNC:19721
CANX	HGNC:1473
CAP1	HGNC:20040
CAP2	HGNC:20039
CAPG	HGNC:1474
CAPN1	HGNC:1476
CAPN10	HGNC:1477
CAPN11	HGNC:1478
CAPN12	HGNC:13249
CAPN13	HGNC:16663
CAPN14	HGNC:16664
CAPN15	HGNC:11182
CAPN2	HGNC:1479
CAPN3	HGNC:1480
CAPN5	HGNC:1482
CAPN6	HGNC:1483
CAPN7	HGNC:1484
CAPN8	HGNC:1485
CAPN9	HGNC:1486
CAPNS1	HGNC:1481
CAPNS2	HGNC:16371
CAPRIN1	HGNC:6743
CAPRIN2	HGNC:21259
CAPS	HGNC:1487
CAPS2	HGNC:16471
CAPSL	HGNC:28375
CAPZA1	HGNC:1488
CAPZA2	HGNC:1490
CAPZA3	HGNC:24205
CAPZB	HGNC:1491
CARD10	HGNC:16422
CARD11	HGNC:16393
CARD14	HGNC:16446
CARD16	HGNC:33701
CARD18	HGNC:28861
CARD19	HGNC:28148
CARD6	HGNC:16394
CARD8	HGNC:17057
CARD9	HGNC:16391
CARF	HGNC:14435
CARHSP1	HGNC:17150
CARM1	HGNC:23393
CARMIL1	HGNC:21581
CARMIL2	HGNC:27089
CARMIL3	HGNC:20272
CARNMT1	HGNC:23435
CARNS1	HGNC:29268
CARS1	HGNC:1493
CARS2	HGNC:25695
CARTPT	HGNC:24323
CASC3	HGNC:17040
CASD1	HGNC:16014
CASK	HGNC:1497
CASKIN1	HGNC:20879
CASKIN2	HGNC:18200
CASP1	HGNC:1499
CASP10	HGNC:1500
CASP12	HGNC:19004
CASP14	HGNC:1502
CASP2	HGNC:1503
CASP3	HGNC:1504
CASP4	HGNC:1505
CASP5	HGNC:1506
CASP6	HGNC:1507
CASP7	HGNC:1508
CASP8	HGNC:1509
CASP8AP2	HGNC:1510
CASP9	HGNC:1511
CASQ1	HGNC:1512
CASQ2	HGNC:1513
CASR	HGNC:1514
CASS4	HGNC:15878
CAST	HGNC:1515
CASTOR1	HGNC:34423
CASTOR2	HGNC:37073
CASZ1	HGNC:26002
CAT	HGNC:1516
CATIP	HGNC:25062
CATSPER1	HGNC:17116
CATSPER2	HGNC:18810
CATSPER3	HGNC:20819
CATSPER4	HGNC:23220
CATSPERB	HGNC:20500
CATSPERD	HGNC:28598
CATSPERE	HGNC:28491
CATSPERG	HGNC:25243
CATSPERH	HGNC:49389
CATSPERQ	HGNC:44155
CATSPERT	HGNC:14438
CATSPERZ	HGNC:19231
CAV1	HGNC:1527
CAV2	HGNC:1528
CAV3	HGNC:1529
CAVIN1	HGNC:9688
CAVIN2	HGNC:10690
CAVIN3	HGNC:9400
CAVIN4	HGNC:33742
CBARP	HGNC:28617
CBFA2T2	HGNC:1536
CBFA2T3	HGNC:1537
CBFB	HGNC:1539
CBL	HGNC:1541
CBLB	HGNC:1542
CBLC	HGNC:15961
CBLIF	HGNC:4268
CBLL1	HGNC:21225
CBLL2	HGNC:26371
CBLN1	HGNC:1543
CBLN2	HGNC:1544
CBLN3	HGNC:20146
CBLN4	HGNC:16231
CBR1	HGNC:1548
CBR3	HGNC:1549
CBR4	HGNC:25891
CBS	HGNC:1550
CBX1	HGNC:1551
CBX2	HGNC:1552
CBX3	HGNC:1553
CBX4	HGNC:1554
CBX5	HGNC:1555
CBX6	HGNC:1556
CBX7	HGNC:1557
CBX8	HGNC:15962
CBY1	HGNC:1307
CBY2	HGNC:30720
CBY3	HGNC:33278
CC2D1A	HGNC:30237
CC2D1B	HGNC:29386
CC2D2A	HGNC:29253
CC2D2B	HGNC:31666
CCAR1	HGNC:24236
CCAR2	HGNC:23360
CCAT2	HGNC:47044
CCBE1	HGNC:29426
CCDC102A	HGNC:28097
CCDC102B	HGNC:26295
CCDC106	HGNC:30181
CCDC107	HGNC:28465
CCDC110	HGNC:28504
CCDC112	HGNC:28599
CCDC116	HGNC:26688
CCDC117	HGNC:26599
CCDC12	HGNC:28332
CCDC120	HGNC:28910
CCDC121	HGNC:25833
CCDC122	HGNC:26478
CCDC124	HGNC:25171
CCDC125	HGNC:28924
CCDC126	HGNC:22398
CCDC127	HGNC:30520
CCDC13	HGNC:26358
CCDC134	HGNC:26185
CCDC136	HGNC:22225
CCDC137	HGNC:33451
CCDC138	HGNC:26531
CCDC14	HGNC:25766
CCDC141	HGNC:26821
CCDC142	HGNC:25889
CCDC144A	HGNC:29072
CCDC146	HGNC:29296
CCDC148	HGNC:25191
CCDC149	HGNC:25405
CCDC15	HGNC:25798
CCDC150	HGNC:26834
CCDC152	HGNC:34438
CCDC154	HGNC:34454
CCDC157	HGNC:33854
CCDC158	HGNC:26374
CCDC159	HGNC:26996
CCDC160	HGNC:37286
CCDC163	HGNC:27003
CCDC166	HGNC:41910
CCDC167	HGNC:21239
CCDC169	HGNC:34361
CCDC17	HGNC:26574
CCDC170	HGNC:21177
CCDC171	HGNC:29828
CCDC172	HGNC:30524
CCDC174	HGNC:28033
CCDC175	HGNC:19847
CCDC177	HGNC:23243
CCDC178	HGNC:29588
CCDC179	HGNC:44653
CCDC18	HGNC:30370
CCDC180	HGNC:29303
CCDC181	HGNC:28051
CCDC182	HGNC:49392
CCDC183	HGNC:28236
CCDC184	HGNC:33749
CCDC185	HGNC:26654
CCDC186	HGNC:24349
CCDC187	HGNC:30942
CCDC188	HGNC:51899
CCDC190	HGNC:28736
CCDC191	HGNC:29272
CCDC192	HGNC:49566
CCDC194	HGNC:53438
CCDC195	HGNC:53441
CCDC196	HGNC:20100
CCDC197	HGNC:19860
CCDC198	HGNC:20189
CCDC200	HGNC:43658
CCDC201	HGNC:54081
CCDC22	HGNC:28909
CCDC24	HGNC:28688
CCDC25	HGNC:25591
CCDC27	HGNC:26546
CCDC28A	HGNC:21098
CCDC28B	HGNC:28163
CCDC3	HGNC:23813
CCDC30	HGNC:26103
CCDC32	HGNC:28295
CCDC33	HGNC:26552
CCDC34	HGNC:25079
CCDC38	HGNC:26843
CCDC39	HGNC:25244
CCDC40	HGNC:26090
CCDC42	HGNC:26528
CCDC43	HGNC:26472
CCDC47	HGNC:24856
CCDC50	HGNC:18111
CCDC51	HGNC:25714
CCDC54	HGNC:30703
CCDC57	HGNC:27564
CCDC59	HGNC:25005
CCDC6	HGNC:18782
CCDC60	HGNC:28610
CCDC61	HGNC:33629
CCDC62	HGNC:30723
CCDC63	HGNC:26669
CCDC66	HGNC:27709
CCDC68	HGNC:24350
CCDC69	HGNC:24487
CCDC7	HGNC:26533
CCDC70	HGNC:25303
CCDC71	HGNC:25760
CCDC71L	HGNC:26685
CCDC73	HGNC:23261
CCDC74A	HGNC:25197
CCDC74B	HGNC:25267
CCDC77	HGNC:28203
CCDC78	HGNC:14153
CCDC8	HGNC:25367
CCDC80	HGNC:30649
CCDC81	HGNC:26281
CCDC82	HGNC:26282
CCDC83	HGNC:28535
CCDC85A	HGNC:29400
CCDC85B	HGNC:24926
CCDC85C	HGNC:35459
CCDC86	HGNC:28359
CCDC87	HGNC:25579
CCDC88A	HGNC:25523
CCDC88B	HGNC:26757
CCDC88C	HGNC:19967
CCDC89	HGNC:26762
CCDC9	HGNC:24560
CCDC90B	HGNC:28108
CCDC91	HGNC:24855
CCDC92	HGNC:29563
CCDC92B	HGNC:52279
CCDC93	HGNC:25611
CCDC97	HGNC:28289
CCDC9B	HGNC:33488
CCER1	HGNC:28373
CCER2	HGNC:44662
CCHCR1	HGNC:13930
CCIN	HGNC:1568
CCK	HGNC:1569
CCKAR	HGNC:1570
CCKBR	HGNC:1571
CCL1	HGNC:10609
CCL11	HGNC:10610
CCL13	HGNC:10611
CCL14	HGNC:10612
CCL15	HGNC:10613
CCL16	HGNC:10614
CCL17	HGNC:10615
CCL18	HGNC:10616
CCL19	HGNC:10617
CCL2	HGNC:10618
CCL20	HGNC:10619
CCL21	HGNC:10620
CCL22	HGNC:10621
CCL23	HGNC:10622
CCL24	HGNC:10623
CCL25	HGNC:10624
CCL26	HGNC:10625
CCL27	HGNC:10626
CCL28	HGNC:17700
CCL3	HGNC:10627
CCL3L1	HGNC:10628
CCL3L3	HGNC:30554
CCL4	HGNC:10630
CCL4L1	HGNC:10631
CCL4L2	HGNC:24066
CCL5	HGNC:10632
CCL7	HGNC:10634
CCL8	HGNC:10635
CCM2	HGNC:21708
CCM2L	HGNC:16153
CCN1	HGNC:2654
CCN2	HGNC:2500
CCN3	HGNC:7885
CCN4	HGNC:12769
CCN5	HGNC:12770
CCN6	HGNC:12771
CCNA1	HGNC:1577
CCNA2	HGNC:1578
CCNB1	HGNC:1579
CCNB1IP1	HGNC:19437
CCNB2	HGNC:1580
CCNB3	HGNC:18709
CCNC	HGNC:1581
CCND1	HGNC:1582
CCND2	HGNC:1583
CCND3	HGNC:1585
CCNDBP1	HGNC:1587
CCNE1	HGNC:1589
CCNE2	HGNC:1590
CCNF	HGNC:1591
CCNG1	HGNC:1592
CCNG2	HGNC:1593
CCNH	HGNC:1594
CCNI	HGNC:1595
CCNI2	HGNC:33869
CCNJ	HGNC:23434
CCNJL	HGNC:25876
CCNK	HGNC:1596
CCNL1	HGNC:20569
CCNL2	HGNC:20570
CCNO	HGNC:18576
CCNP	HGNC:25805
CCNQ	HGNC:28434
CCNT1	HGNC:1599
CCNT2	HGNC:1600
CCNY	HGNC:23354
CCNYL1	HGNC:26868
CCP110	HGNC:24342
CCPG1	HGNC:24227
CCR1	HGNC:1602
CCR10	HGNC:4474
CCR2	HGNC:1603
CCR3	HGNC:1604
CCR4	HGNC:1605
CCR5	HGNC:1606
CCR5AS	HGNC:54398
CCR6	HGNC:1607
CCR7	HGNC:1608
CCR8	HGNC:1609
CCR9	HGNC:1610
CCRL2	HGNC:1612
CCS	HGNC:1613
CCSAP	HGNC:29578
CCSER1	HGNC:29349
CCSER2	HGNC:29197
CCT2	HGNC:1615
CCT3	HGNC:1616
CCT4	HGNC:1617
CCT5	HGNC:1618
CCT6A	HGNC:1620
CCT6B	HGNC:1621
CCT7	HGNC:1622
CCT8	HGNC:1623
CCT8L2	HGNC:15553
CCZ1	HGNC:21691
CCZ1B	HGNC:21717
CD101	HGNC:5949
CD109	HGNC:21685
CD14	HGNC:1628
CD151	HGNC:1630
CD160	HGNC:17013
CD163	HGNC:1631
CD163L1	HGNC:30375
CD164	HGNC:1632
CD164L2	HGNC:32043
CD177	HGNC:30072
CD180	HGNC:6726
CD19	HGNC:1633
CD1A	HGNC:1634
CD1B	HGNC:1635
CD1C	HGNC:1636
CD1D	HGNC:1637
CD1E	HGNC:1638
CD2	HGNC:1639
CD200	HGNC:7203
CD200R1	HGNC:24235
CD200R1L	HGNC:24665
CD207	HGNC:17935
CD209	HGNC:1641
CD22	HGNC:1643
CD226	HGNC:16961
CD24	HGNC:1645
CD244	HGNC:18171
CD247	HGNC:1677
CD248	HGNC:18219
CD27	HGNC:11922
CD274	HGNC:17635
CD276	HGNC:19137
CD28	HGNC:1653
CD2AP	HGNC:14258
CD2BP2	HGNC:1656
CD300A	HGNC:19319
CD300C	HGNC:19320
CD300E	HGNC:28874
CD300H	HGNC:52292
CD300LB	HGNC:30811
CD300LD	HGNC:16848
CD300LF	HGNC:29883
CD300LG	HGNC:30455
CD302	HGNC:30843
CD320	HGNC:16692
CD33	HGNC:1659
CD34	HGNC:1662
CD36	HGNC:1663
CD37	HGNC:1666
CD38	HGNC:1667
CD3D	HGNC:1673
CD3E	HGNC:1674
CD3G	HGNC:1675
CD4	HGNC:1678
CD40	HGNC:11919
CD40LG	HGNC:11935
CD44	HGNC:1681
CD46	HGNC:6953
CD47	HGNC:1682
CD48	HGNC:1683
CD5	HGNC:1685
CD52	HGNC:1804
CD53	HGNC:1686
CD55	HGNC:2665
CD58	HGNC:1688
CD59	HGNC:1689
CD5L	HGNC:1690
CD6	HGNC:1691
CD63	HGNC:1692
CD68	HGNC:1693
CD69	HGNC:1694
CD7	HGNC:1695
CD70	HGNC:11937
CD72	HGNC:1696
CD74	HGNC:1697
CD79A	HGNC:1698
CD79B	HGNC:1699
CD80	HGNC:1700
CD81	HGNC:1701
CD82	HGNC:6210
CD83	HGNC:1703
CD84	HGNC:1704
CD86	HGNC:1705
CD8A	HGNC:1706
CD8B	HGNC:1707
CD8B2	HGNC:1708
CD9	HGNC:1709
CD93	HGNC:15855
CD96	HGNC:16892
CD99	HGNC:7082
CD99L2	HGNC:18237
CDA	HGNC:1712
CDADC1	HGNC:20299
CDAN1	HGNC:1713
CDC123	HGNC:16827
CDC14A	HGNC:1718
CDC14B	HGNC:1719
CDC14C	HGNC:22427
CDC16	HGNC:1720
CDC20	HGNC:1723
CDC20B	HGNC:24222
CDC23	HGNC:1724
CDC25A	HGNC:1725
CDC25B	HGNC:1726
CDC25C	HGNC:1727
CDC26	HGNC:17839
CDC27	HGNC:1728
CDC34	HGNC:1734
CDC37	HGNC:1735
CDC37L1	HGNC:17179
CDC40	HGNC:17350
CDC42	HGNC:1736
CDC42BPA	HGNC:1737
CDC42BPB	HGNC:1738
CDC42BPG	HGNC:29829
CDC42EP1	HGNC:17014
CDC42EP2	HGNC:16263
CDC42EP3	HGNC:16943
CDC42EP4	HGNC:17147
CDC42EP5	HGNC:17408
CDC42SE1	HGNC:17719
CDC42SE2	HGNC:18547
CDC45	HGNC:1739
CDC5L	HGNC:1743
CDC6	HGNC:1744
CDC7	HGNC:1745
CDC73	HGNC:16783
CDCA2	HGNC:14623
CDCA3	HGNC:14624
CDCA4	HGNC:14625
CDCA5	HGNC:14626
CDCA7	HGNC:14628
CDCA7L	HGNC:30777
CDCA8	HGNC:14629
CDCP1	HGNC:24357
CDCP2	HGNC:27297
CDH1	HGNC:1748
CDH10	HGNC:1749
CDH11	HGNC:1750
CDH12	HGNC:1751
CDH13	HGNC:1753
CDH15	HGNC:1754
CDH16	HGNC:1755
CDH17	HGNC:1756
CDH18	HGNC:1757
CDH19	HGNC:1758
CDH2	HGNC:1759
CDH20	HGNC:1760
CDH22	HGNC:13251
CDH23	HGNC:13733
CDH24	HGNC:14265
CDH26	HGNC:15902
CDH3	HGNC:1762
CDH4	HGNC:1763
CDH5	HGNC:1764
CDH6	HGNC:1765
CDH7	HGNC:1766
CDH8	HGNC:1767
CDH9	HGNC:1768
CDHR1	HGNC:14550
CDHR2	HGNC:18231
CDHR3	HGNC:26308
CDHR4	HGNC:34527
CDHR5	HGNC:7521
CDIN1	HGNC:26929
CDIP1	HGNC:13234
CDIPT	HGNC:1769
CDK1	HGNC:1722
CDK10	HGNC:1770
CDK11A	HGNC:1730
CDK11B	HGNC:1729
CDK12	HGNC:24224
CDK13	HGNC:1733
CDK14	HGNC:8883
CDK15	HGNC:14434
CDK16	HGNC:8749
CDK17	HGNC:8750
CDK18	HGNC:8751
CDK19	HGNC:19338
CDK2	HGNC:1771
CDK20	HGNC:21420
CDK2AP1	HGNC:14002
CDK2AP2	HGNC:30833
CDK3	HGNC:1772
CDK4	HGNC:1773
CDK5	HGNC:1774
CDK5R1	HGNC:1775
CDK5R2	HGNC:1776
CDK5RAP1	HGNC:15880
CDK5RAP2	HGNC:18672
CDK5RAP3	HGNC:18673
CDK6	HGNC:1777
CDK7	HGNC:1778
CDK8	HGNC:1779
CDK9	HGNC:1780
CDKAL1	HGNC:21050
CDKL1	HGNC:1781
CDKL2	HGNC:1782
CDKL3	HGNC:15483
CDKL4	HGNC:19287
CDKL5	HGNC:11411
CDKN1A	HGNC:1784
CDKN1B	HGNC:1785
CDKN1C	HGNC:1786
CDKN2A	HGNC:1787
CDKN2AIP	HGNC:24325
CDKN2AIPNL	HGNC:30545
CDKN2B	HGNC:1788
CDKN2B-AS1	HGNC:34341
CDKN2C	HGNC:1789
CDKN2D	HGNC:1790
CDKN3	HGNC:1791
CDNF	HGNC:24913
CDO1	HGNC:1795
CDON	HGNC:17104
CDPF1	HGNC:33710
CDR2	HGNC:1799
CDR2L	HGNC:29999
CDRT15	HGNC:14395
CDRT15L2	HGNC:34075
CDRT4	HGNC:14383
CDS1	HGNC:1800
CDS2	HGNC:1801
CDSN	HGNC:1802
CDT1	HGNC:24576
CDV3	HGNC:26928
CDX1	HGNC:1805
CDX2	HGNC:1806
CDX4	HGNC:1808
CDY1	HGNC:1809
CDY1B	HGNC:23920
CDY2A	HGNC:1810
CDY2B	HGNC:23921
CDYL	HGNC:1811
CDYL2	HGNC:23030
CEACAM1	HGNC:1814
CEACAM16	HGNC:31948
CEACAM18	HGNC:31949
CEACAM19	HGNC:31951
CEACAM20	HGNC:24879
CEACAM21	HGNC:28834
CEACAM3	HGNC:1815
CEACAM4	HGNC:1816
CEACAM5	HGNC:1817
CEACAM6	HGNC:1818
CEACAM7	HGNC:1819
CEACAM8	HGNC:1820
CEBPA	HGNC:1833
CEBPB	HGNC:1834
CEBPD	HGNC:1835
CEBPE	HGNC:1836
CEBPG	HGNC:1837
CEBPZ	HGNC:24218
CEBPZOS	HGNC:49288
CECR2	HGNC:1840
CEL	HGNC:1848
CELA1	HGNC:3308
CELA2A	HGNC:24609
CELA2B	HGNC:29995
CELA3A	HGNC:15944
CELA3B	HGNC:15945
CELF1	HGNC:2549
CELF2	HGNC:2550
CELF3	HGNC:11967
CELF4	HGNC:14015
CELF5	HGNC:14058
CELF6	HGNC:14059
CELSR1	HGNC:1850
CELSR2	HGNC:3231
CELSR3	HGNC:3230
CEMIP	HGNC:29213
CEMIP2	HGNC:11869
CEMP1	HGNC:32553
CENATAC	HGNC:30460
CEND1	HGNC:24153
CENPA	HGNC:1851
CENPB	HGNC:1852
CENPC	HGNC:1854
CENPE	HGNC:1856
CENPF	HGNC:1857
CENPH	HGNC:17268
CENPI	HGNC:3968
CENPK	HGNC:29479
CENPL	HGNC:17879
CENPM	HGNC:18352
CENPN	HGNC:30873
CENPO	HGNC:28152
CENPP	HGNC:32933
CENPQ	HGNC:21347
CENPS	HGNC:23163
CENPT	HGNC:25787
CENPU	HGNC:21348
CENPV	HGNC:29920
CENPVL1	HGNC:31851
CENPVL2	HGNC:43879
CENPVL3	HGNC:43880
CENPW	HGNC:21488
CENPX	HGNC:11422
CEP104	HGNC:24866
CEP112	HGNC:28514
CEP120	HGNC:26690
CEP126	HGNC:29264
CEP128	HGNC:20359
CEP131	HGNC:29511
CEP135	HGNC:29086
CEP15	HGNC:25024
CEP152	HGNC:29298
CEP162	HGNC:21107
CEP164	HGNC:29182
CEP170	HGNC:28920
CEP170B	HGNC:20362
CEP19	HGNC:28209
CEP192	HGNC:25515
CEP20	HGNC:26435
CEP250	HGNC:1859
CEP290	HGNC:29021
CEP295	HGNC:29366
CEP295NL	HGNC:44659
CEP350	HGNC:24238
CEP41	HGNC:12370
CEP43	HGNC:17012
CEP44	HGNC:29356
CEP55	HGNC:1161
CEP57	HGNC:30794
CEP57L1	HGNC:21561
CEP63	HGNC:25815
CEP68	HGNC:29076
CEP70	HGNC:29972
CEP72	HGNC:25547
CEP76	HGNC:25727
CEP78	HGNC:25740
CEP83	HGNC:17966
CEP85	HGNC:25309
CEP85L	HGNC:21638
CEP89	HGNC:25907
CEP95	HGNC:25141
CEP97	HGNC:26244
CEPT1	HGNC:24289
CER1	HGNC:1862
CERCAM	HGNC:23723
CERK	HGNC:19256
CERKL	HGNC:21699
CERS1	HGNC:14253
CERS2	HGNC:14076
CERS3	HGNC:23752
CERS4	HGNC:23747
CERS5	HGNC:23749
CERS6	HGNC:23826
CERT1	HGNC:2205
CES1	HGNC:1863
CES2	HGNC:1864
CES3	HGNC:1865
CES4A	HGNC:26741
CES5A	HGNC:26459
CETN1	HGNC:1866
CETN2	HGNC:1867
CETN3	HGNC:1868
CETP	HGNC:1869
CFAP100	HGNC:26842
CFAP107	HGNC:28567
CFAP119	HGNC:28078
CFAP126	HGNC:32325
CFAP141	HGNC:32305
CFAP144	HGNC:34347
CFAP157	HGNC:27843
CFAP161	HGNC:26782
CFAP184	HGNC:26900
CFAP20	HGNC:29523
CFAP206	HGNC:21405
CFAP20DC	HGNC:24763
CFAP210	HGNC:25064
CFAP221	HGNC:33720
CFAP251	HGNC:28506
CFAP263	HGNC:25002
CFAP276	HGNC:32331
CFAP298	HGNC:1301
CFAP299	HGNC:28554
CFAP300	HGNC:28188
CFAP36	HGNC:30540
CFAP410	HGNC:1260
CFAP418	HGNC:27232
CFAP43	HGNC:26684
CFAP44	HGNC:25631
CFAP45	HGNC:17229
CFAP46	HGNC:25247
CFAP47	HGNC:26708
CFAP52	HGNC:16053
CFAP53	HGNC:26530
CFAP54	HGNC:26456
CFAP57	HGNC:26485
CFAP58	HGNC:26676
CFAP61	HGNC:15872
CFAP65	HGNC:25325
CFAP68	HGNC:1163
CFAP69	HGNC:26107
CFAP70	HGNC:30726
CFAP73	HGNC:37100
CFAP74	HGNC:29368
CFAP77	HGNC:33776
CFAP90	HGNC:27028
CFAP91	HGNC:24010
CFAP92	HGNC:29231
CFAP95	HGNC:31422
CFAP96	HGNC:34346
CFAP97	HGNC:29276
CFAP97D1	HGNC:37241
CFAP97D2	HGNC:53789
CFAP99	HGNC:51180
CFB	HGNC:1037
CFC1	HGNC:18292
CFC1B	HGNC:33983
CFD	HGNC:2771
CFDP1	HGNC:1873
CFH	HGNC:4883
CFHR1	HGNC:4888
CFHR2	HGNC:4890
CFHR3	HGNC:16980
CFHR4	HGNC:16979
CFHR5	HGNC:24668
CFI	HGNC:5394
CFL1	HGNC:1874
CFL2	HGNC:1875
CFLAR	HGNC:1876
CFP	HGNC:8864
CFTR	HGNC:1884
CGA	HGNC:1885
CGAS	HGNC:21367
CGB1	HGNC:16721
CGB2	HGNC:16722
CGB3	HGNC:1886
CGB5	HGNC:16452
CGB7	HGNC:16451
CGB8	HGNC:16453
CGGBP1	HGNC:1888
CGN	HGNC:17429
CGNL1	HGNC:25931
CGREF1	HGNC:16962
CGRRF1	HGNC:15528
CH25H	HGNC:1907
CHAC1	HGNC:28680
CHAC2	HGNC:32363
CHAD	HGNC:1909
CHADL	HGNC:25165
CHAF1A	HGNC:1910
CHAF1B	HGNC:1911
CHAMP1	HGNC:20311
CHAT	HGNC:1912
CHCHD1	HGNC:23518
CHCHD10	HGNC:15559
CHCHD2	HGNC:21645
CHCHD3	HGNC:21906
CHCHD4	HGNC:26467
CHCHD5	HGNC:17840
CHCHD6	HGNC:28184
CHCHD7	HGNC:28314
CHCT1	HGNC:26990
CHD1	HGNC:1915
CHD1L	HGNC:1916
CHD2	HGNC:1917
CHD3	HGNC:1918
CHD4	HGNC:1919
CHD5	HGNC:16816
CHD6	HGNC:19057
CHD7	HGNC:20626
CHD8	HGNC:20153
CHD9	HGNC:25701
CHD9NB	HGNC:53436
CHDH	HGNC:24288
CHEK1	HGNC:1925
CHEK2	HGNC:16627
CHERP	HGNC:16930
CHFR	HGNC:20455
CHGA	HGNC:1929
CHGB	HGNC:1930
CHI3L1	HGNC:1932
CHI3L2	HGNC:1933
CHIA	HGNC:17432
CHIC1	HGNC:1934
CHIC2	HGNC:1935
CHID1	HGNC:28474
CHIT1	HGNC:1936
CHKA	HGNC:1937
CHKB	HGNC:1938
CHL1	HGNC:1939
CHLSN	HGNC:22421
CHM	HGNC:1940
CHML	HGNC:1941
CHMP1A	HGNC:8740
CHMP1B	HGNC:24287
CHMP2A	HGNC:30216
CHMP2B	HGNC:24537
CHMP3	HGNC:29865
CHMP4A	HGNC:20274
CHMP4B	HGNC:16171
CHMP4C	HGNC:30599
CHMP5	HGNC:26942
CHMP6	HGNC:25675
CHMP7	HGNC:28439
CHN1	HGNC:1943
CHN2	HGNC:1944
CHODL	HGNC:17807
CHORDC1	HGNC:14525
CHP1	HGNC:17433
CHP2	HGNC:24927
CHPF	HGNC:24291
CHPF2	HGNC:29270
CHPT1	HGNC:17852
CHRAC1	HGNC:13544
CHRD	HGNC:1949
CHRDL1	HGNC:29861
CHRDL2	HGNC:24168
CHRFAM7A	HGNC:15781
CHRM1	HGNC:1950
CHRM2	HGNC:1951
CHRM3	HGNC:1952
CHRM4	HGNC:1953
CHRM5	HGNC:1954
CHRNA1	HGNC:1955
CHRNA10	HGNC:13800
CHRNA2	HGNC:1956
CHRNA3	HGNC:1957
CHRNA4	HGNC:1958
CHRNA5	HGNC:1959
CHRNA6	HGNC:15963
CHRNA7	HGNC:1960
CHRNA9	HGNC:14079
CHRNB1	HGNC:1961
CHRNB2	HGNC:1962
CHRNB3	HGNC:1963
CHRNB4	HGNC:1964
CHRND	HGNC:1965
CHRNE	HGNC:1966
CHRNG	HGNC:1967
CHST1	HGNC:1969
CHST10	HGNC:19650
CHST11	HGNC:17422
CHST12	HGNC:17423
CHST13	HGNC:21755
CHST14	HGNC:24464
CHST15	HGNC:18137
CHST2	HGNC:1970
CHST3	HGNC:1971
CHST4	HGNC:1972
CHST5	HGNC:1973
CHST6	HGNC:6938
CHST7	HGNC:13817
CHST8	HGNC:15993
CHST9	HGNC:19898
CHSY1	HGNC:17198
CHSY3	HGNC:24293
CHTF18	HGNC:18435
CHTF8	HGNC:24353
CHTOP	HGNC:24511
CHUK	HGNC:1974
CHURC1	HGNC:20099
CIAO1	HGNC:14280
CIAO2A	HGNC:26235
CIAO2B	HGNC:24261
CIAO3	HGNC:14179
CIAPIN1	HGNC:28050
CIART	HGNC:25200
CIB1	HGNC:16920
CIB2	HGNC:24579
CIB3	HGNC:24580
CIB4	HGNC:33703
CIBAR1	HGNC:30452
CIBAR2	HGNC:24781
CIC	HGNC:14214
CIDEA	HGNC:1976
CIDEB	HGNC:1977
CIDEC	HGNC:24229
CIITA	HGNC:7067
CILK1	HGNC:21219
CILP	HGNC:1980
CILP2	HGNC:24213
CIMAP1A	HGNC:19905
CIMAP1B	HGNC:34388
CIMAP1C	HGNC:28735
CIMAP1D	HGNC:26841
CIMAP2	HGNC:26854
CIMAP3	HGNC:27009
CIMIP1	HGNC:16216
CIMIP2A	HGNC:33818
CIMIP2B	HGNC:34242
CIMIP2C	HGNC:27938
CIMIP3	HGNC:55126
CIMIP4	HGNC:28568
CIMIP5	HGNC:26324
CIMIP6	HGNC:26861
CIMIP7	HGNC:44666
CINP	HGNC:23789
CIP2A	HGNC:29302
CIPC	HGNC:20365
CIRBP	HGNC:1982
CIROP	HGNC:53647
CIROZ	HGNC:26730
CIRSR	HGNC:24217
CISD1	HGNC:30880
CISD2	HGNC:24212
CISD3	HGNC:27578
CISH	HGNC:1984
CIST1	HGNC:55823
CISTR	HGNC:49426
CIT	HGNC:1985
CITED1	HGNC:1986
CITED2	HGNC:1987
CITED4	HGNC:18696
CIZ1	HGNC:16744
CKAP2	HGNC:1990
CKAP2L	HGNC:26877
CKAP4	HGNC:16991
CKAP5	HGNC:28959
CKB	HGNC:1991
CKLF	HGNC:13253
CKM	HGNC:1994
CKMT1A	HGNC:31736
CKMT1B	HGNC:1995
CKMT2	HGNC:1996
CKS1B	HGNC:19083
CKS2	HGNC:2000
CLASP1	HGNC:17088
CLASP2	HGNC:17078
CLASRP	HGNC:17731
CLBA1	HGNC:20126
CLC	HGNC:2014
CLCA1	HGNC:2015
CLCA2	HGNC:2016
CLCA4	HGNC:2018
CLCC1	HGNC:29675
CLCF1	HGNC:17412
CLCN1	HGNC:2019
CLCN2	HGNC:2020
CLCN3	HGNC:2021
CLCN4	HGNC:2022
CLCN5	HGNC:2023
CLCN6	HGNC:2024
CLCN7	HGNC:2025
CLCNKA	HGNC:2026
CLCNKB	HGNC:2027
CLDN1	HGNC:2032
CLDN10	HGNC:2033
CLDN11	HGNC:8514
CLDN12	HGNC:2034
CLDN14	HGNC:2035
CLDN15	HGNC:2036
CLDN16	HGNC:2037
CLDN17	HGNC:2038
CLDN18	HGNC:2039
CLDN19	HGNC:2040
CLDN2	HGNC:2041
CLDN20	HGNC:2042
CLDN22	HGNC:2044
CLDN23	HGNC:17591
CLDN24	HGNC:37200
CLDN25	HGNC:37218
CLDN3	HGNC:2045
CLDN34	HGNC:51259
CLDN4	HGNC:2046
CLDN5	HGNC:2047
CLDN6	HGNC:2048
CLDN7	HGNC:2049
CLDN8	HGNC:2050
CLDN9	HGNC:2051
CLDND1	HGNC:1322
CLDND2	HGNC:28511
CLEC10A	HGNC:16916
CLEC11A	HGNC:10576
CLEC12A	HGNC:31713
CLEC12B	HGNC:31966
CLEC14A	HGNC:19832
CLEC16A	HGNC:29013
CLEC17A	HGNC:34520
CLEC18A	HGNC:30388
CLEC18B	HGNC:33849
CLEC18C	HGNC:28538
CLEC19A	HGNC:34522
CLEC1A	HGNC:24355
CLEC1B	HGNC:24356
CLEC20A	HGNC:34521
CLEC2A	HGNC:24191
CLEC2B	HGNC:2053
CLEC2D	HGNC:14351
CLEC2L	HGNC:21969
CLEC3A	HGNC:2052
CLEC3B	HGNC:11891
CLEC4A	HGNC:13257
CLEC4C	HGNC:13258
CLEC4D	HGNC:14554
CLEC4E	HGNC:14555
CLEC4F	HGNC:25357
CLEC4G	HGNC:24591
CLEC4M	HGNC:13523
CLEC5A	HGNC:2054
CLEC6A	HGNC:14556
CLEC7A	HGNC:14558
CLEC9A	HGNC:26705
CLECL1	HGNC:24462
CLGN	HGNC:2060
CLHC1	HGNC:26453
CLIC1	HGNC:2062
CLIC2	HGNC:2063
CLIC3	HGNC:2064
CLIC4	HGNC:13518
CLIC5	HGNC:13517
CLIC6	HGNC:2065
CLINT1	HGNC:23186
CLIP1	HGNC:10461
CLIP2	HGNC:2586
CLIP3	HGNC:24314
CLIP4	HGNC:26108
CLK1	HGNC:2068
CLK2	HGNC:2069
CLK3	HGNC:2071
CLK4	HGNC:13659
CLMN	HGNC:19972
CLMP	HGNC:24039
CLN3	HGNC:2074
CLN5	HGNC:2076
CLN6	HGNC:2077
CLN8	HGNC:2079
CLNK	HGNC:17438
CLNS1A	HGNC:2080
CLOCK	HGNC:2082
CLP1	HGNC:16999
CLPB	HGNC:30664
CLPP	HGNC:2084
CLPS	HGNC:2085
CLPSL1	HGNC:21251
CLPSL2	HGNC:21250
CLPTM1	HGNC:2087
CLPTM1L	HGNC:24308
CLPX	HGNC:2088
CLRN1	HGNC:12605
CLRN2	HGNC:33939
CLRN3	HGNC:20795
CLSPN	HGNC:19715
CLSTN1	HGNC:17447
CLSTN2	HGNC:17448
CLSTN3	HGNC:18371
CLTA	HGNC:2090
CLTB	HGNC:2091
CLTC	HGNC:2092
CLTCL1	HGNC:2093
CLTRN	HGNC:29437
CLU	HGNC:2095
CLUAP1	HGNC:19009
CLUH	HGNC:29094
CLUL1	HGNC:2096
CLVS1	HGNC:23139
CLVS2	HGNC:23046
CLXN	HGNC:25678
CLYBL	HGNC:18355
CMA1	HGNC:2097
CMAS	HGNC:18290
CMBL	HGNC:25090
CMC1	HGNC:28783
CMC2	HGNC:24447
CMC4	HGNC:35428
CMIP	HGNC:24319
CMKLR1	HGNC:2121
CMKLR2	HGNC:4463
CMPK1	HGNC:18170
CMPK2	HGNC:27015
CMSS1	HGNC:28666
CMTM1	HGNC:19172
CMTM2	HGNC:19173
CMTM3	HGNC:19174
CMTM4	HGNC:19175
CMTM5	HGNC:19176
CMTM6	HGNC:19177
CMTM7	HGNC:19178
CMTM8	HGNC:19179
CMTR1	HGNC:21077
CMTR2	HGNC:25635
CMYA5	HGNC:14305
CNBD1	HGNC:26663
CNBD2	HGNC:16145
CNBP	HGNC:13164
CNDP1	HGNC:20675
CNDP2	HGNC:24437
CNEP1R1	HGNC:26759
CNFN	HGNC:30183
CNGA1	HGNC:2148
CNGA2	HGNC:2149
CNGA3	HGNC:2150
CNGA4	HGNC:2152
CNGB1	HGNC:2151
CNGB3	HGNC:2153
CNIH1	HGNC:19431
CNIH2	HGNC:28744
CNIH3	HGNC:26802
CNIH4	HGNC:25013
CNKSR1	HGNC:19700
CNKSR2	HGNC:19701
CNKSR3	HGNC:23034
CNMD	HGNC:17005
CNN1	HGNC:2155
CNN2	HGNC:2156
CNN3	HGNC:2157
CNNM1	HGNC:102
CNNM2	HGNC:103
CNNM3	HGNC:104
CNNM4	HGNC:105
CNOT1	HGNC:7877
CNOT10	HGNC:23817
CNOT11	HGNC:25217
CNOT2	HGNC:7878
CNOT3	HGNC:7879
CNOT4	HGNC:7880
CNOT6	HGNC:14099
CNOT6L	HGNC:18042
CNOT7	HGNC:14101
CNOT8	HGNC:9207
CNOT9	HGNC:10445
CNP	HGNC:2158
CNPPD1	HGNC:25220
CNPY1	HGNC:27786
CNPY2	HGNC:13529
CNPY3	HGNC:11968
CNPY4	HGNC:28631
CNR1	HGNC:2159
CNR2	HGNC:2160
CNRIP1	HGNC:24546
CNST	HGNC:26486
CNTD1	HGNC:26847
CNTF	HGNC:2169
CNTFR	HGNC:2170
CNTLN	HGNC:23432
CNTN1	HGNC:2171
CNTN2	HGNC:2172
CNTN3	HGNC:2173
CNTN4	HGNC:2174
CNTN5	HGNC:2175
CNTN6	HGNC:2176
CNTNAP1	HGNC:8011
CNTNAP2	HGNC:13830
CNTNAP3	HGNC:13834
CNTNAP3B	HGNC:32035
CNTNAP4	HGNC:18747
CNTNAP5	HGNC:18748
CNTRL	HGNC:1858
CNTROB	HGNC:29616
COA1	HGNC:21868
COA3	HGNC:24990
COA4	HGNC:24604
COA5	HGNC:33848
COA6	HGNC:18025
COA7	HGNC:25716
COA8	HGNC:20492
COASY	HGNC:29932
COBL	HGNC:22199
COBLL1	HGNC:23571
COCH	HGNC:2180
COG1	HGNC:6545
COG2	HGNC:6546
COG3	HGNC:18619
COG4	HGNC:18620
COG5	HGNC:14857
COG6	HGNC:18621
COG7	HGNC:18622
COG8	HGNC:18623
COIL	HGNC:2184
COL10A1	HGNC:2185
COL11A1	HGNC:2186
COL11A2	HGNC:2187
COL12A1	HGNC:2188
COL13A1	HGNC:2190
COL14A1	HGNC:2191
COL15A1	HGNC:2192
COL16A1	HGNC:2193
COL17A1	HGNC:2194
COL18A1	HGNC:2195
COL19A1	HGNC:2196
COL1A1	HGNC:2197
COL1A2	HGNC:2198
COL20A1	HGNC:14670
COL21A1	HGNC:17025
COL22A1	HGNC:22989
COL23A1	HGNC:22990
COL24A1	HGNC:20821
COL25A1	HGNC:18603
COL26A1	HGNC:18038
COL27A1	HGNC:22986
COL28A1	HGNC:22442
COL2A1	HGNC:2200
COL3A1	HGNC:2201
COL4A1	HGNC:2202
COL4A2	HGNC:2203
COL4A3	HGNC:2204
COL4A4	HGNC:2206
COL4A5	HGNC:2207
COL4A6	HGNC:2208
COL5A1	HGNC:2209
COL5A2	HGNC:2210
COL5A3	HGNC:14864
COL6A1	HGNC:2211
COL6A2	HGNC:2212
COL6A3	HGNC:2213
COL6A5	HGNC:26674
COL6A6	HGNC:27023
COL7A1	HGNC:2214
COL8A1	HGNC:2215
COL8A2	HGNC:2216
COL9A1	HGNC:2217
COL9A2	HGNC:2218
COL9A3	HGNC:2219
COLEC10	HGNC:2220
COLEC11	HGNC:17213
COLEC12	HGNC:16016
COLGALT1	HGNC:26182
COLGALT2	HGNC:16790
COLQ	HGNC:2226
COMMD1	HGNC:23024
COMMD10	HGNC:30201
COMMD2	HGNC:24993
COMMD3	HGNC:23332
COMMD4	HGNC:26027
COMMD5	HGNC:17902
COMMD6	HGNC:24015
COMMD7	HGNC:16223
COMMD8	HGNC:26036
COMMD9	HGNC:25014
COMP	HGNC:2227
COMT	HGNC:2228
COMTD1	HGNC:26309
COP1	HGNC:17440
COPA	HGNC:2230
COPB1	HGNC:2231
COPB2	HGNC:2232
COPE	HGNC:2234
COPG1	HGNC:2236
COPG2	HGNC:2237
COPRS	HGNC:28848
COPS2	HGNC:30747
COPS3	HGNC:2239
COPS4	HGNC:16702
COPS5	HGNC:2240
COPS6	HGNC:21749
COPS7A	HGNC:16758
COPS7B	HGNC:16760
COPS8	HGNC:24335
COPS9	HGNC:21314
COPZ1	HGNC:2243
COPZ2	HGNC:19356
COQ10A	HGNC:26515
COQ10B	HGNC:25819
COQ2	HGNC:25223
COQ3	HGNC:18175
COQ4	HGNC:19693
COQ5	HGNC:28722
COQ6	HGNC:20233
COQ7	HGNC:2244
COQ8A	HGNC:16812
COQ8B	HGNC:19041
COQ9	HGNC:25302
CORIN	HGNC:19012
CORO1A	HGNC:2252
CORO1B	HGNC:2253
CORO1C	HGNC:2254
CORO2A	HGNC:2255
CORO2B	HGNC:2256
CORO6	HGNC:21356
CORO7	HGNC:26161
CORT	HGNC:2257
COTL1	HGNC:18304
COX10	HGNC:2260
COX11	HGNC:2261
COX14	HGNC:28216
COX15	HGNC:2263
COX16	HGNC:20213
COX17	HGNC:2264
COX18	HGNC:26801
COX19	HGNC:28074
COX20	HGNC:26970
COX4I1	HGNC:2265
COX4I2	HGNC:16232
COX5A	HGNC:2267
COX5B	HGNC:2269
COX6A1	HGNC:2277
COX6A2	HGNC:2279
COX6B1	HGNC:2280
COX6B2	HGNC:24380
COX6C	HGNC:2285
COX7A1	HGNC:2287
COX7A2	HGNC:2288
COX7A2L	HGNC:2289
COX7B	HGNC:2291
COX7B2	HGNC:24381
COX7C	HGNC:2292
COX8A	HGNC:2294
COX8C	HGNC:24382
COXFA4	HGNC:7687
COXFA4L2	HGNC:29836
COXFA4L3	HGNC:29898
CP	HGNC:2295
CPA1	HGNC:2296
CPA2	HGNC:2297
CPA3	HGNC:2298
CPA4	HGNC:15740
CPA5	HGNC:15722
CPA6	HGNC:17245
CPAMD8	HGNC:23228
CPAP	HGNC:17272
CPB1	HGNC:2299
CPB2	HGNC:2300
CPD	HGNC:2301
CPE	HGNC:2303
CPEB1	HGNC:21744
CPEB2	HGNC:21745
CPEB3	HGNC:21746
CPEB4	HGNC:21747
CPED1	HGNC:26159
CPHXL	HGNC:51815
CPHXL2	HGNC:55919
CPLANE1	HGNC:25801
CPLANE2	HGNC:28127
CPLX1	HGNC:2309
CPLX2	HGNC:2310
CPLX3	HGNC:27652
CPLX4	HGNC:24330
CPM	HGNC:2311
CPN1	HGNC:2312
CPN2	HGNC:2313
CPNE1	HGNC:2314
CPNE2	HGNC:2315
CPNE3	HGNC:2316
CPNE4	HGNC:2317
CPNE5	HGNC:2318
CPNE6	HGNC:2319
CPNE7	HGNC:2320
CPNE8	HGNC:23498
CPNE9	HGNC:24336
CPO	HGNC:21011
CPOX	HGNC:2321
CPPED1	HGNC:25632
CPQ	HGNC:16910
CPS1	HGNC:2323
CPSF1	HGNC:2324
CPSF2	HGNC:2325
CPSF3	HGNC:2326
CPSF4	HGNC:2327
CPSF4L	HGNC:33632
CPSF6	HGNC:13871
CPSF7	HGNC:30098
CPT1A	HGNC:2328
CPT1B	HGNC:2329
CPT1C	HGNC:18540
CPT2	HGNC:2330
CPTP	HGNC:28116
CPVL	HGNC:14399
CPXCR1	HGNC:2332
CPXM1	HGNC:15771
CPXM2	HGNC:26977
CPZ	HGNC:2333
CR1	HGNC:2334
CR1L	HGNC:2335
CR2	HGNC:2336
CRABP1	HGNC:2338
CRABP2	HGNC:2339
CRACD	HGNC:29219
CRACDL	HGNC:33454
CRACR2A	HGNC:28657
CRACR2B	HGNC:28703
CRADD	HGNC:2340
CRAMP1	HGNC:14122
CRAT	HGNC:2342
CRB1	HGNC:2343
CRB2	HGNC:18688
CRB3	HGNC:20237
CRBN	HGNC:30185
CRCP	HGNC:17888
CRCT1	HGNC:29875
CREB1	HGNC:2345
CREB3	HGNC:2347
CREB3L1	HGNC:18856
CREB3L2	HGNC:23720
CREB3L3	HGNC:18855
CREB3L4	HGNC:18854
CREB5	HGNC:16844
CREBBP	HGNC:2348
CREBL2	HGNC:2350
CREBRF	HGNC:24050
CREBZF	HGNC:24905
CREG1	HGNC:2351
CREG2	HGNC:14272
CRELD1	HGNC:14630
CRELD2	HGNC:28150
CREM	HGNC:2352
CRH	HGNC:2355
CRHBP	HGNC:2356
CRHR1	HGNC:2357
CRHR2	HGNC:2358
CRIM1	HGNC:2359
CRIP1	HGNC:2360
CRIP2	HGNC:2361
CRIP3	HGNC:17751
CRIPT	HGNC:14312
CRIPTO	HGNC:11701
CRIPTO3	HGNC:11703
CRISP1	HGNC:304
CRISP2	HGNC:12024
CRISP3	HGNC:16904
CRISPLD1	HGNC:18206
CRISPLD2	HGNC:25248
CRK	HGNC:2362
CRKL	HGNC:2363
CRLF1	HGNC:2364
CRLF2	HGNC:14281
CRLF3	HGNC:17177
CRLS1	HGNC:16148
CRMP1	HGNC:2365
CRNKL1	HGNC:15762
CRNN	HGNC:1230
CROCC	HGNC:21299
CROCC2	HGNC:51677
CROT	HGNC:2366
CRP	HGNC:2367
CRPPA	HGNC:37276
CRTAC1	HGNC:14882
CRTAM	HGNC:24313
CRTAP	HGNC:2379
CRTC1	HGNC:16062
CRTC2	HGNC:27301
CRTC3	HGNC:26148
CRX	HGNC:2383
CRY1	HGNC:2384
CRY2	HGNC:2385
CRYAA	HGNC:2388
CRYAB	HGNC:2389
CRYBA1	HGNC:2394
CRYBA2	HGNC:2395
CRYBA4	HGNC:2396
CRYBB1	HGNC:2397
CRYBB2	HGNC:2398
CRYBB3	HGNC:2400
CRYBG1	HGNC:356
CRYBG2	HGNC:17295
CRYBG3	HGNC:34427
CRYGA	HGNC:2408
CRYGB	HGNC:2409
CRYGC	HGNC:2410
CRYGD	HGNC:2411
CRYGN	HGNC:20458
CRYGS	HGNC:2417
CRYL1	HGNC:18246
CRYM	HGNC:2418
CRYZ	HGNC:2419
CRYZL1	HGNC:2420
CS	HGNC:2422
CSAD	HGNC:18966
CSAG1	HGNC:24294
CSAG2	HGNC:16847
CSAG3	HGNC:26237
CSDC2	HGNC:30359
CSDE1	HGNC:29905
CSE1L	HGNC:2431
CSF1	HGNC:2432
CSF1R	HGNC:2433
CSF2	HGNC:2434
CSF2RA	HGNC:2435
CSF2RB	HGNC:2436
CSF3	HGNC:2438
CSF3R	HGNC:2439
CSGALNACT1	HGNC:24290
CSGALNACT2	HGNC:24292
CSH1	HGNC:2440
CSH2	HGNC:2441
CSHL1	HGNC:2442
CSK	HGNC:2444
CSKMT	HGNC:33113
CSMD1	HGNC:14026
CSMD2	HGNC:19290
CSMD3	HGNC:19291
CSN1S1	HGNC:2445
CSN2	HGNC:2447
CSN3	HGNC:2446
CSNK1A1	HGNC:2451
CSNK1A1L	HGNC:20289
CSNK1D	HGNC:2452
CSNK1E	HGNC:2453
CSNK1G1	HGNC:2454
CSNK1G2	HGNC:2455
CSNK1G3	HGNC:2456
CSNK2A1	HGNC:2457
CSNK2A2	HGNC:2459
CSNK2A2IP	HGNC:53637
CSNK2A3	HGNC:2458
CSNK2B	HGNC:2460
CSPG4	HGNC:2466
CSPG5	HGNC:2467
CSPP1	HGNC:26193
CSRNP1	HGNC:14300
CSRNP2	HGNC:16006
CSRNP3	HGNC:30729
CSRP1	HGNC:2469
CSRP2	HGNC:2470
CSRP3	HGNC:2472
CST1	HGNC:2473
CST11	HGNC:15959
CST2	HGNC:2474
CST3	HGNC:2475
CST4	HGNC:2476
CST5	HGNC:2477
CST6	HGNC:2478
CST7	HGNC:2479
CST8	HGNC:2480
CST9	HGNC:13261
CST9L	HGNC:16233
CSTA	HGNC:2481
CSTB	HGNC:2482
CSTF1	HGNC:2483
CSTF2	HGNC:2484
CSTF2T	HGNC:17086
CSTF3	HGNC:2485
CSTL1	HGNC:15958
CSTPP1	HGNC:28720
CT45A1	HGNC:33267
CT45A10	HGNC:51263
CT45A2	HGNC:28400
CT45A3	HGNC:33268
CT45A5	HGNC:33270
CT45A6	HGNC:33271
CT45A7	HGNC:51260
CT45A8	HGNC:51261
CT45A9	HGNC:51262
CT47A1	HGNC:33282
CT47A10	HGNC:33291
CT47A11	HGNC:27397
CT47A2	HGNC:33283
CT47A3	HGNC:33284
CT47A4	HGNC:33285
CT47A5	HGNC:33286
CT47A6	HGNC:33287
CT47A7	HGNC:33288
CT47A8	HGNC:33289
CT47A9	HGNC:33290
CT47B1	HGNC:33293
CT47C1	HGNC:53820
CT55	HGNC:26047
CT83	HGNC:33494
CTAG1A	HGNC:24198
CTAG1B	HGNC:2491
CTAG2	HGNC:2492
CTAGE1	HGNC:24346
CTAGE15	HGNC:37295
CTAGE4	HGNC:24772
CTAGE6	HGNC:28644
CTAGE8	HGNC:37294
CTAGE9	HGNC:37275
CTBP1	HGNC:2494
CTBP2	HGNC:2495
CTBS	HGNC:2496
CTC1	HGNC:26169
CTCF	HGNC:13723
CTCFL	HGNC:16234
CTDNEP1	HGNC:19085
CTDP1	HGNC:2498
CTDSP1	HGNC:21614
CTDSP2	HGNC:17077
CTDSPL	HGNC:16890
CTDSPL2	HGNC:26936
CTF1	HGNC:2499
CTH	HGNC:2501
CTHRC1	HGNC:18831
CTIF	HGNC:23925
CTLA4	HGNC:2505
CTNNA1	HGNC:2509
CTNNA2	HGNC:2510
CTNNA3	HGNC:2511
CTNNAL1	HGNC:2512
CTNNB1	HGNC:2514
CTNNBIP1	HGNC:16913
CTNNBL1	HGNC:15879
CTNND1	HGNC:2515
CTNND2	HGNC:2516
CTNS	HGNC:2518
CTPS1	HGNC:2519
CTPS2	HGNC:2520
CTR9	HGNC:16850
CTRB1	HGNC:2521
CTRB2	HGNC:2522
CTRC	HGNC:2523
CTRL	HGNC:2524
CTSA	HGNC:9251
CTSB	HGNC:2527
CTSC	HGNC:2528
CTSD	HGNC:2529
CTSE	HGNC:2530
CTSF	HGNC:2531
CTSG	HGNC:2532
CTSH	HGNC:2535
CTSK	HGNC:2536
CTSL	HGNC:2537
CTSO	HGNC:2542
CTSS	HGNC:2545
CTSV	HGNC:2538
CTSW	HGNC:2546
CTSZ	HGNC:2547
CTTN	HGNC:3338
CTTNBP2	HGNC:15679
CTTNBP2NL	HGNC:25330
CTU1	HGNC:29590
CTU2	HGNC:28005
CTXN1	HGNC:31108
CTXN2	HGNC:31109
CTXN3	HGNC:31110
CTXND1	HGNC:50507
CTXND2	HGNC:53440
CUBN	HGNC:2548
CUEDC1	HGNC:31350
CUEDC2	HGNC:28352
CUL1	HGNC:2551
CUL2	HGNC:2552
CUL3	HGNC:2553
CUL4A	HGNC:2554
CUL4B	HGNC:2555
CUL5	HGNC:2556
CUL7	HGNC:21024
CUL9	HGNC:15982
CUTA	HGNC:21101
CUTC	HGNC:24271
CUX1	HGNC:2557
CUX2	HGNC:19347
CUZD1	HGNC:17937
CWC15	HGNC:26939
CWC22	HGNC:29322
CWC25	HGNC:25989
CWC27	HGNC:10664
CWF19L1	HGNC:25613
CWF19L2	HGNC:26508
CWH43	HGNC:26133
CX3CL1	HGNC:10647
CX3CR1	HGNC:2558
CXADR	HGNC:2559
CXCL1	HGNC:4602
CXCL10	HGNC:10637
CXCL11	HGNC:10638
CXCL12	HGNC:10672
CXCL13	HGNC:10639
CXCL14	HGNC:10640
CXCL16	HGNC:16642
CXCL17	HGNC:19232
CXCL2	HGNC:4603
CXCL3	HGNC:4604
CXCL5	HGNC:10642
CXCL6	HGNC:10643
CXCL8	HGNC:6025
CXCL9	HGNC:7098
CXCR1	HGNC:6026
CXCR2	HGNC:6027
CXCR3	HGNC:4540
CXCR4	HGNC:2561
CXCR5	HGNC:1060
CXCR6	HGNC:16647
CXXC1	HGNC:24343
CXXC4	HGNC:24593
CXXC5	HGNC:26943
CXorf38	HGNC:28589
CXorf49	HGNC:30891
CXorf49B	HGNC:34229
CXorf51A	HGNC:30533
CXorf51B	HGNC:42787
CXorf58	HGNC:26356
CXorf65	HGNC:33713
CXorf66	HGNC:33743
CYB561	HGNC:2571
CYB561A3	HGNC:23014
CYB561D1	HGNC:26804
CYB561D2	HGNC:30253
CYB5A	HGNC:2570
CYB5B	HGNC:24374
CYB5D1	HGNC:26516
CYB5D2	HGNC:28471
CYB5R1	HGNC:13397
CYB5R2	HGNC:24376
CYB5R3	HGNC:2873
CYB5R4	HGNC:20147
CYB5RL	HGNC:32220
CYBA	HGNC:2577
CYBB	HGNC:2578
CYBC1	HGNC:28672
CYBRD1	HGNC:20797
CYC1	HGNC:2579
CYCS	HGNC:19986
CYFIP1	HGNC:13759
CYFIP2	HGNC:13760
CYGB	HGNC:16505
CYLC1	HGNC:2582
CYLC2	HGNC:2583
CYLD	HGNC:2584
CYP11A1	HGNC:2590
CYP11B1	HGNC:2591
CYP11B2	HGNC:2592
CYP17A1	HGNC:2593
CYP19A1	HGNC:2594
CYP1A1	HGNC:2595
CYP1A2	HGNC:2596
CYP1B1	HGNC:2597
CYP20A1	HGNC:20576
CYP21A2	HGNC:2600
CYP24A1	HGNC:2602
CYP26A1	HGNC:2603
CYP26B1	HGNC:20581
CYP26C1	HGNC:20577
CYP27A1	HGNC:2605
CYP27B1	HGNC:2606
CYP27C1	HGNC:33480
CYP2A13	HGNC:2608
CYP2A6	HGNC:2610
CYP2A7	HGNC:2611
CYP2B6	HGNC:2615
CYP2C18	HGNC:2620
CYP2C19	HGNC:2621
CYP2C8	HGNC:2622
CYP2C9	HGNC:2623
CYP2D6	HGNC:2625
CYP2E1	HGNC:2631
CYP2F1	HGNC:2632
CYP2J2	HGNC:2634
CYP2R1	HGNC:20580
CYP2S1	HGNC:15654
CYP2U1	HGNC:20582
CYP2W1	HGNC:20243
CYP39A1	HGNC:17449
CYP3A4	HGNC:2637
CYP3A43	HGNC:17450
CYP3A5	HGNC:2638
CYP3A7	HGNC:2640
CYP46A1	HGNC:2641
CYP4A11	HGNC:2642
CYP4A22	HGNC:20575
CYP4B1	HGNC:2644
CYP4F11	HGNC:13265
CYP4F12	HGNC:18857
CYP4F2	HGNC:2645
CYP4F22	HGNC:26820
CYP4F3	HGNC:2646
CYP4F8	HGNC:2648
CYP4V2	HGNC:23198
CYP4X1	HGNC:20244
CYP4Z1	HGNC:20583
CYP51A1	HGNC:2649
CYP7A1	HGNC:2651
CYP7B1	HGNC:2652
CYP8B1	HGNC:2653
CYREN	HGNC:22432
CYRIA	HGNC:25373
CYRIB	HGNC:25216
CYS1	HGNC:18525
CYSLTR1	HGNC:17451
CYSLTR2	HGNC:18274
CYSRT1	HGNC:30529
CYSTM1	HGNC:30239
CYTH1	HGNC:9501
CYTH2	HGNC:9502
CYTH3	HGNC:9504
CYTH4	HGNC:9505
CYTIP	HGNC:9506
CYTL1	HGNC:24435
CYYR1	HGNC:16274
CZIB	HGNC:26059
D2HGDH	HGNC:28358
DAAM1	HGNC:18142
DAAM2	HGNC:18143
DAB1	HGNC:2661
DAB2	HGNC:2662
DAB2IP	HGNC:17294
DACH1	HGNC:2663
DACH2	HGNC:16814
DACT1	HGNC:17748
DACT2	HGNC:21231
DACT3	HGNC:30745
DAD1	HGNC:2664
DAG1	HGNC:2666
DAGLA	HGNC:1165
DAGLB	HGNC:28923
DALRD3	HGNC:25536
DAND5	HGNC:26780
DAO	HGNC:2671
DAOA	HGNC:21191
DAP	HGNC:2672
DAP3	HGNC:2673
DAPK1	HGNC:2674
DAPK2	HGNC:2675
DAPK3	HGNC:2676
DAPL1	HGNC:21490
DAPP1	HGNC:16500
DARS1	HGNC:2678
DARS2	HGNC:25538
DAW1	HGNC:26383
DAXX	HGNC:2681
DAZ1	HGNC:2682
DAZ2	HGNC:15964
DAZ3	HGNC:15965
DAZ4	HGNC:15966
DAZAP1	HGNC:2683
DAZAP2	HGNC:2684
DAZL	HGNC:2685
DBET	HGNC:43904
DBF4	HGNC:17364
DBF4B	HGNC:17883
DBH	HGNC:2689
DBI	HGNC:2690
DBN1	HGNC:2695
DBNDD1	HGNC:28455
DBNDD2	HGNC:15881
DBNL	HGNC:2696
DBP	HGNC:2697
DBR1	HGNC:15594
DBT	HGNC:2698
DBX1	HGNC:33185
DBX2	HGNC:33186
DCAF1	HGNC:30911
DCAF10	HGNC:23686
DCAF11	HGNC:20258
DCAF12	HGNC:19911
DCAF12L1	HGNC:29395
DCAF12L2	HGNC:32950
DCAF13	HGNC:24535
DCAF15	HGNC:25095
DCAF16	HGNC:25987
DCAF17	HGNC:25784
DCAF4	HGNC:20229
DCAF4L1	HGNC:27723
DCAF4L2	HGNC:26657
DCAF5	HGNC:20224
DCAF6	HGNC:30002
DCAF7	HGNC:30915
DCAF8	HGNC:24891
DCAF8L1	HGNC:31810
DCAF8L2	HGNC:31811
DCAKD	HGNC:26238
DCANP1	HGNC:24459
DCBLD1	HGNC:21479
DCBLD2	HGNC:24627
DCC	HGNC:2701
DCD	HGNC:14669
DCDC1	HGNC:20625
DCDC2	HGNC:18141
DCDC2B	HGNC:32576
DCDC2C	HGNC:32696
DCHS1	HGNC:13681
DCHS2	HGNC:23111
DCK	HGNC:2704
DCLK1	HGNC:2700
DCLK2	HGNC:19002
DCLK3	HGNC:19005
DCLRE1A	HGNC:17660
DCLRE1B	HGNC:17641
DCLRE1C	HGNC:17642
DCN	HGNC:2705
DCP1A	HGNC:18714
DCP1B	HGNC:24451
DCP2	HGNC:24452
DCPH1	HGNC:17872
DCPS	HGNC:29812
DCST1	HGNC:26539
DCST2	HGNC:26562
DCSTAMP	HGNC:18549
DCT	HGNC:2709
DCTD	HGNC:2710
DCTN1	HGNC:2711
DCTN2	HGNC:2712
DCTN3	HGNC:2713
DCTN4	HGNC:15518
DCTN5	HGNC:24594
DCTN6	HGNC:16964
DCTPP1	HGNC:28777
DCUN1D1	HGNC:18184
DCUN1D2	HGNC:20328
DCUN1D3	HGNC:28734
DCUN1D4	HGNC:28998
DCUN1D5	HGNC:28409
DCX	HGNC:2714
DCXR	HGNC:18985
DDA1	HGNC:28360
DDAH1	HGNC:2715
DDAH2	HGNC:2716
DDB1	HGNC:2717
DDB2	HGNC:2718
DDC	HGNC:2719
DDHD1	HGNC:19714
DDHD2	HGNC:29106
DDI1	HGNC:18961
DDI2	HGNC:24578
DDIAS	HGNC:26351
DDIT3	HGNC:2726
DDIT4	HGNC:24944
DDIT4L	HGNC:30555
DDN	HGNC:24458
DDO	HGNC:2727
DDOST	HGNC:2728
DDR1	HGNC:2730
DDR2	HGNC:2731
DDRGK1	HGNC:16110
DDT	HGNC:2732
DDTL	HGNC:33446
DDX1	HGNC:2734
DDX10	HGNC:2735
DDX11	HGNC:2736
DDX17	HGNC:2740
DDX18	HGNC:2741
DDX19A	HGNC:25628
DDX19B	HGNC:2742
DDX20	HGNC:2743
DDX21	HGNC:2744
DDX23	HGNC:17347
DDX24	HGNC:13266
DDX25	HGNC:18698
DDX27	HGNC:15837
DDX28	HGNC:17330
DDX31	HGNC:16715
DDX39A	HGNC:17821
DDX39B	HGNC:13917
DDX3X	HGNC:2745
DDX3Y	HGNC:2699
DDX4	HGNC:18700
DDX41	HGNC:18674
DDX42	HGNC:18676
DDX43	HGNC:18677
DDX46	HGNC:18681
DDX47	HGNC:18682
DDX49	HGNC:18684
DDX5	HGNC:2746
DDX50	HGNC:17906
DDX51	HGNC:20082
DDX52	HGNC:20038
DDX53	HGNC:20083
DDX54	HGNC:20084
DDX55	HGNC:20085
DDX56	HGNC:18193
DDX59	HGNC:25360
DDX6	HGNC:2747
DDX60	HGNC:25942
DDX60L	HGNC:26429
DEAF1	HGNC:14677
DECR1	HGNC:2753
DECR2	HGNC:2754
DEDD	HGNC:2755
DEDD2	HGNC:24450
DEF6	HGNC:2760
DEF8	HGNC:25969
DEFA1	HGNC:2761
DEFA1B	HGNC:33596
DEFA3	HGNC:2762
DEFA4	HGNC:2763
DEFA5	HGNC:2764
DEFA6	HGNC:2765
DEFB1	HGNC:2766
DEFB103A	HGNC:15967
DEFB103B	HGNC:31702
DEFB104A	HGNC:18115
DEFB104B	HGNC:26165
DEFB105A	HGNC:18087
DEFB105B	HGNC:29930
DEFB106A	HGNC:18088
DEFB106B	HGNC:28879
DEFB107A	HGNC:18086
DEFB107B	HGNC:31918
DEFB108B	HGNC:29966
DEFB109B	HGNC:33469
DEFB110	HGNC:18091
DEFB112	HGNC:18093
DEFB113	HGNC:18094
DEFB114	HGNC:18095
DEFB115	HGNC:18096
DEFB116	HGNC:18097
DEFB118	HGNC:16196
DEFB119	HGNC:18099
DEFB121	HGNC:18101
DEFB123	HGNC:18103
DEFB124	HGNC:18104
DEFB125	HGNC:18105
DEFB126	HGNC:15900
DEFB127	HGNC:16206
DEFB128	HGNC:18106
DEFB129	HGNC:16218
DEFB130A	HGNC:18107
DEFB130B	HGNC:39814
DEFB131A	HGNC:18108
DEFB131B	HGNC:38058
DEFB132	HGNC:33806
DEFB134	HGNC:32399
DEFB135	HGNC:32400
DEFB136	HGNC:34433
DEFB4A	HGNC:2767
DEFB4B	HGNC:30193
DEGS1	HGNC:13709
DEGS2	HGNC:20113
DEK	HGNC:2768
DELE1	HGNC:28969
DENND10	HGNC:31793
DENND11	HGNC:29472
DENND1A	HGNC:29324
DENND1B	HGNC:28404
DENND1C	HGNC:26225
DENND2A	HGNC:22212
DENND2B	HGNC:11350
DENND2C	HGNC:24748
DENND2D	HGNC:26192
DENND3	HGNC:29134
DENND4A	HGNC:24321
DENND4B	HGNC:29044
DENND4C	HGNC:26079
DENND5A	HGNC:19344
DENND5B	HGNC:28338
DENND6A	HGNC:26635
DENND6B	HGNC:32690
DENR	HGNC:2769
DEPDC1	HGNC:22949
DEPDC1B	HGNC:24902
DEPDC4	HGNC:22952
DEPDC5	HGNC:18423
DEPDC7	HGNC:29899
DEPP1	HGNC:23355
DEPTOR	HGNC:22953
DERA	HGNC:24269
DERL1	HGNC:28454
DERL2	HGNC:17943
DERL3	HGNC:14236
DERPC	HGNC:54084
DES	HGNC:2770
DESI1	HGNC:24577
DESI2	HGNC:24264
DET1	HGNC:25477
DEUP1	HGNC:26344
DEXI	HGNC:13267
DFFA	HGNC:2772
DFFB	HGNC:2773
DGAT1	HGNC:2843
DGAT2	HGNC:16940
DGAT2L6	HGNC:23250
DGCR2	HGNC:2845
DGCR6	HGNC:2846
DGCR6L	HGNC:18551
DGCR8	HGNC:2847
DGKA	HGNC:2849
DGKB	HGNC:2850
DGKD	HGNC:2851
DGKE	HGNC:2852
DGKG	HGNC:2853
DGKH	HGNC:2854
DGKI	HGNC:2855
DGKK	HGNC:32395
DGKQ	HGNC:2856
DGKZ	HGNC:2857
DGLUCY	HGNC:20498
DGUOK	HGNC:2858
DHCR24	HGNC:2859
DHCR7	HGNC:2860
DHDDS	HGNC:20603
DHDH	HGNC:17887
DHFR	HGNC:2861
DHFR2	HGNC:27309
DHH	HGNC:2865
DHODH	HGNC:2867
DHPS	HGNC:2869
DHRS1	HGNC:16445
DHRS11	HGNC:28639
DHRS12	HGNC:25832
DHRS13	HGNC:28326
DHRS2	HGNC:18349
DHRS3	HGNC:17693
DHRS4	HGNC:16985
DHRS4L2	HGNC:19731
DHRS7	HGNC:21524
DHRS7B	HGNC:24547
DHRS7C	HGNC:32423
DHRS9	HGNC:16888
DHRSX	HGNC:18399
DHTKD1	HGNC:23537
DHX15	HGNC:2738
DHX16	HGNC:2739
DHX29	HGNC:15815
DHX30	HGNC:16716
DHX32	HGNC:16717
DHX33	HGNC:16718
DHX34	HGNC:16719
DHX35	HGNC:15861
DHX36	HGNC:14410
DHX37	HGNC:17210
DHX38	HGNC:17211
DHX40	HGNC:18018
DHX57	HGNC:20086
DHX58	HGNC:29517
DHX8	HGNC:2749
DHX9	HGNC:2750
DIABLO	HGNC:21528
DIAPH1	HGNC:2876
DIAPH2	HGNC:2877
DIAPH3	HGNC:15480
DICER1	HGNC:17098
DIDO1	HGNC:2680
DIMT1	HGNC:30217
DIO1	HGNC:2883
DIO2	HGNC:2884
DIO3	HGNC:2885
DIP2A	HGNC:17217
DIP2B	HGNC:29284
DIP2C	HGNC:29150
DIPK1A	HGNC:32213
DIPK1B	HGNC:28290
DIPK1C	HGNC:31729
DIPK2A	HGNC:28490
DIPK2B	HGNC:25866
DIRAS1	HGNC:19127
DIRAS2	HGNC:19323
DIRAS3	HGNC:687
DIS3	HGNC:20604
DIS3L	HGNC:28698
DIS3L2	HGNC:28648
DISC1	HGNC:2888
DISP1	HGNC:19711
DISP2	HGNC:19712
DISP3	HGNC:29251
DIXDC1	HGNC:23695
DKC1	HGNC:2890
DKK1	HGNC:2891
DKK2	HGNC:2892
DKK3	HGNC:2893
DKK4	HGNC:2894
DKKL1	HGNC:16528
DLAT	HGNC:2896
DLC1	HGNC:2897
DLD	HGNC:2898
DLEC1	HGNC:2899
DLEU7	HGNC:17567
DLG1	HGNC:2900
DLG2	HGNC:2901
DLG3	HGNC:2902
DLG4	HGNC:2903
DLG5	HGNC:2904
DLGAP1	HGNC:2905
DLGAP2	HGNC:2906
DLGAP3	HGNC:30368
DLGAP4	HGNC:24476
DLGAP5	HGNC:16864
DLK1	HGNC:2907
DLK2	HGNC:21113
DLL1	HGNC:2908
DLL3	HGNC:2909
DLL4	HGNC:2910
DLST	HGNC:2911
DLX1	HGNC:2914
DLX2	HGNC:2915
DLX3	HGNC:2916
DLX4	HGNC:2917
DLX5	HGNC:2918
DLX6	HGNC:2919
DMAC1	HGNC:30536
DMAC2	HGNC:25496
DMAC2L	HGNC:18799
DMAP1	HGNC:18291
DMBT1	HGNC:2926
DMBX1	HGNC:19026
DMC1	HGNC:2927
DMD	HGNC:2928
DMGDH	HGNC:24475
DMKN	HGNC:25063
DMP1	HGNC:2932
DMPK	HGNC:2933
DMRT1	HGNC:2934
DMRT2	HGNC:2935
DMRT3	HGNC:13909
DMRTA1	HGNC:13826
DMRTA2	HGNC:13908
DMRTB1	HGNC:13913
DMRTC1	HGNC:13910
DMRTC1B	HGNC:31686
DMRTC2	HGNC:13911
DMTF1	HGNC:14603
DMTN	HGNC:3382
DMWD	HGNC:2936
DMXL1	HGNC:2937
DMXL2	HGNC:2938
DNA2	HGNC:2939
DNAAF1	HGNC:30539
DNAAF10	HGNC:25176
DNAAF11	HGNC:16725
DNAAF19	HGNC:32700
DNAAF2	HGNC:20188
DNAAF3	HGNC:30492
DNAAF4	HGNC:21493
DNAAF5	HGNC:26013
DNAAF6	HGNC:28570
DNAAF8	HGNC:25081
DNAAF9	HGNC:17721
DNAH1	HGNC:2940
DNAH10	HGNC:2941
DNAH11	HGNC:2942
DNAH12	HGNC:2943
DNAH14	HGNC:2945
DNAH17	HGNC:2946
DNAH2	HGNC:2948
DNAH3	HGNC:2949
DNAH5	HGNC:2950
DNAH6	HGNC:2951
DNAH7	HGNC:18661
DNAH8	HGNC:2952
DNAH9	HGNC:2953
DNAI1	HGNC:2954
DNAI2	HGNC:18744
DNAI3	HGNC:30711
DNAI4	HGNC:26252
DNAI7	HGNC:29599
DNAJA1	HGNC:5229
DNAJA2	HGNC:14884
DNAJA3	HGNC:11808
DNAJA4	HGNC:14885
DNAJB1	HGNC:5270
DNAJB11	HGNC:14889
DNAJB12	HGNC:14891
DNAJB13	HGNC:30718
DNAJB14	HGNC:25881
DNAJB2	HGNC:5228
DNAJB4	HGNC:14886
DNAJB5	HGNC:14887
DNAJB6	HGNC:14888
DNAJB7	HGNC:24986
DNAJB8	HGNC:23699
DNAJB9	HGNC:6968
DNAJC1	HGNC:20090
DNAJC10	HGNC:24637
DNAJC11	HGNC:25570
DNAJC12	HGNC:28908
DNAJC13	HGNC:30343
DNAJC14	HGNC:24581
DNAJC15	HGNC:20325
DNAJC16	HGNC:29157
DNAJC17	HGNC:25556
DNAJC18	HGNC:28429
DNAJC19	HGNC:30528
DNAJC2	HGNC:13192
DNAJC21	HGNC:27030
DNAJC22	HGNC:25802
DNAJC24	HGNC:26979
DNAJC25	HGNC:34187
DNAJC27	HGNC:30290
DNAJC28	HGNC:1297
DNAJC3	HGNC:9439
DNAJC30	HGNC:16410
DNAJC4	HGNC:5271
DNAJC5	HGNC:16235
DNAJC5B	HGNC:24138
DNAJC5G	HGNC:24844
DNAJC6	HGNC:15469
DNAJC7	HGNC:12392
DNAJC8	HGNC:15470
DNAJC9	HGNC:19123
DNAL1	HGNC:23247
DNAL4	HGNC:2955
DNALI1	HGNC:14353
DNASE1	HGNC:2956
DNASE1L1	HGNC:2957
DNASE1L2	HGNC:2958
DNASE1L3	HGNC:2959
DNASE2	HGNC:2960
DNASE2B	HGNC:28875
DND1	HGNC:23799
DNER	HGNC:24456
DNHD1	HGNC:26532
DNLZ	HGNC:33879
DNM1	HGNC:2972
DNM1L	HGNC:2973
DNM2	HGNC:2974
DNM3	HGNC:29125
DNMBP	HGNC:30373
DNMT1	HGNC:2976
DNMT3A	HGNC:2978
DNMT3B	HGNC:2979
DNMT3L	HGNC:2980
DNPEP	HGNC:2981
DNPH1	HGNC:21218
DNTT	HGNC:2983
DNTTIP1	HGNC:16160
DNTTIP2	HGNC:24013
DOC2A	HGNC:2985
DOC2B	HGNC:2986
DOCK1	HGNC:2987
DOCK10	HGNC:23479
DOCK11	HGNC:23483
DOCK2	HGNC:2988
DOCK3	HGNC:2989
DOCK4	HGNC:19192
DOCK5	HGNC:23476
DOCK6	HGNC:19189
DOCK7	HGNC:19190
DOCK8	HGNC:19191
DOCK9	HGNC:14132
DOHH	HGNC:28662
DOK1	HGNC:2990
DOK2	HGNC:2991
DOK3	HGNC:24583
DOK4	HGNC:19868
DOK5	HGNC:16173
DOK6	HGNC:28301
DOK7	HGNC:26594
DOLK	HGNC:23406
DOLPP1	HGNC:29565
DONSON	HGNC:2993
DOP1A	HGNC:21194
DOP1B	HGNC:1291
DORIP1	HGNC:19834
DOT1L	HGNC:24948
DPAGT1	HGNC:2995
DPCD	HGNC:24542
DPEP1	HGNC:3002
DPEP2	HGNC:23028
DPEP2NB	HGNC:52385
DPEP3	HGNC:23029
DPF1	HGNC:20225
DPF2	HGNC:9964
DPF3	HGNC:17427
DPH1	HGNC:3003
DPH2	HGNC:3004
DPH3	HGNC:27717
DPH5	HGNC:24270
DPH6	HGNC:30543
DPH7	HGNC:25199
DPM1	HGNC:3005
DPM2	HGNC:3006
DPM3	HGNC:3007
DPP10	HGNC:20823
DPP3	HGNC:3008
DPP4	HGNC:3009
DPP6	HGNC:3010
DPP7	HGNC:14892
DPP8	HGNC:16490
DPP9	HGNC:18648
DPPA2	HGNC:19197
DPPA3	HGNC:19199
DPPA4	HGNC:19200
DPPA5	HGNC:19201
DPRX	HGNC:32166
DPT	HGNC:3011
DPY19L1	HGNC:22205
DPY19L2	HGNC:19414
DPY19L3	HGNC:27120
DPY19L4	HGNC:27829
DPY30	HGNC:24590
DPYD	HGNC:3012
DPYS	HGNC:3013
DPYSL2	HGNC:3014
DPYSL3	HGNC:3015
DPYSL4	HGNC:3016
DPYSL5	HGNC:20637
DQX1	HGNC:20410
DR1	HGNC:3017
DRAM1	HGNC:25645
DRAM2	HGNC:28769
DRAP1	HGNC:3019
DRAXIN	HGNC:25054
DRC1	HGNC:24245
DRC10	HGNC:25168
DRC11	HGNC:26195
DRC11L	HGNC:22831
DRC12	HGNC:27446
DRC2	HGNC:29937
DRC3	HGNC:25384
DRC4	HGNC:4166
DRC5	HGNC:11693
DRC7	HGNC:25289
DRC8	HGNC:28166
DRC9	HGNC:25251
DRD1	HGNC:3020
DRD2	HGNC:3023
DRD3	HGNC:3024
DRD4	HGNC:3025
DRD5	HGNC:3026
DRG1	HGNC:3029
DRG2	HGNC:3030
DRGX	HGNC:21536
DRICH1	HGNC:28031
DROSHA	HGNC:17904
DRP2	HGNC:3032
DSC1	HGNC:3035
DSC2	HGNC:3036
DSC3	HGNC:3037
DSCAM	HGNC:3039
DSCAML1	HGNC:14656
DSCC1	HGNC:24453
DSE	HGNC:21144
DSEL	HGNC:18144
DSG1	HGNC:3048
DSG2	HGNC:3049
DSG3	HGNC:3050
DSG4	HGNC:21307
DSN1	HGNC:16165
DSP	HGNC:3052
DSPP	HGNC:3054
DST	HGNC:1090
DSTN	HGNC:15750
DSTYK	HGNC:29043
DTD1	HGNC:16219
DTD2	HGNC:20277
DTHD1	HGNC:37261
DTL	HGNC:30288
DTNA	HGNC:3057
DTNB	HGNC:3058
DTNBP1	HGNC:17328
DTWD1	HGNC:30926
DTWD2	HGNC:19334
DTX1	HGNC:3060
DTX2	HGNC:15973
DTX3	HGNC:24457
DTX3L	HGNC:30323
DTX4	HGNC:29151
DTYMK	HGNC:3061
DUOX1	HGNC:3062
DUOX2	HGNC:13273
DUOXA1	HGNC:26507
DUOXA2	HGNC:32698
DUS1L	HGNC:30086
DUS2	HGNC:26014
DUS3L	HGNC:26920
DUS4L	HGNC:21517
DUSP1	HGNC:3064
DUSP10	HGNC:3065
DUSP11	HGNC:3066
DUSP12	HGNC:3067
DUSP13A	HGNC:56772
DUSP13B	HGNC:19681
DUSP14	HGNC:17007
DUSP15	HGNC:16236
DUSP16	HGNC:17909
DUSP18	HGNC:18484
DUSP19	HGNC:18894
DUSP2	HGNC:3068
DUSP21	HGNC:20476
DUSP22	HGNC:16077
DUSP23	HGNC:21480
DUSP26	HGNC:28161
DUSP28	HGNC:33237
DUSP29	HGNC:23481
DUSP3	HGNC:3069
DUSP4	HGNC:3070
DUSP5	HGNC:3071
DUSP6	HGNC:3072
DUSP7	HGNC:3073
DUSP8	HGNC:3074
DUSP9	HGNC:3076
DUT	HGNC:3078
DUX4	HGNC:50800
DUXA	HGNC:32179
DUXB	HGNC:33345
DVL1	HGNC:3084
DVL2	HGNC:3086
DVL3	HGNC:3087
DXO	HGNC:2992
DYDC1	HGNC:23460
DYDC2	HGNC:23468
DYM	HGNC:21317
DYNAP	HGNC:26808
DYNC1H1	HGNC:2961
DYNC1I1	HGNC:2963
DYNC1I2	HGNC:2964
DYNC1LI1	HGNC:18745
DYNC1LI2	HGNC:2966
DYNC2H1	HGNC:2962
DYNC2I1	HGNC:21862
DYNC2I2	HGNC:28296
DYNC2LI1	HGNC:24595
DYNLL1	HGNC:15476
DYNLL2	HGNC:24596
DYNLRB1	HGNC:15468
DYNLRB2	HGNC:15467
DYNLT1	HGNC:11697
DYNLT2	HGNC:11695
DYNLT2B	HGNC:28482
DYNLT3	HGNC:11694
DYNLT4	HGNC:32315
DYNLT5	HGNC:26882
DYRK1A	HGNC:3091
DYRK1B	HGNC:3092
DYRK2	HGNC:3093
DYRK3	HGNC:3094
DYRK4	HGNC:3095
DYSF	HGNC:3097
DYTN	HGNC:23279
DZANK1	HGNC:15858
DZIP1	HGNC:20908
DZIP1L	HGNC:26551
DZIP3	HGNC:30938
E2F1	HGNC:3113
E2F2	HGNC:3114
E2F3	HGNC:3115
E2F4	HGNC:3118
E2F5	HGNC:3119
E2F6	HGNC:3120
E2F7	HGNC:23820
E2F8	HGNC:24727
E4F1	HGNC:3121
EAF1	HGNC:20907
EAF2	HGNC:23115
EAPP	HGNC:19312
EARS2	HGNC:29419
EBAG9	HGNC:3123
EBF1	HGNC:3126
EBF2	HGNC:19090
EBF3	HGNC:19087
EBF4	HGNC:29278
EBI3	HGNC:3129
EBLN1	HGNC:39430
EBLN2	HGNC:25493
EBNA1BP2	HGNC:15531
EBP	HGNC:3133
EBPL	HGNC:18061
ECD	HGNC:17029
ECE1	HGNC:3146
ECE2	HGNC:13275
ECEL1	HGNC:3147
ECH1	HGNC:3149
ECHDC1	HGNC:21489
ECHDC2	HGNC:23408
ECHDC3	HGNC:23489
ECHS1	HGNC:3151
ECI1	HGNC:2703
ECI2	HGNC:14601
ECM1	HGNC:3153
ECM2	HGNC:3154
ECPAS	HGNC:29020
ECRG4	HGNC:24642
ECSCR	HGNC:35454
ECSIT	HGNC:29548
ECT2	HGNC:3155
ECT2L	HGNC:21118
EDA	HGNC:3157
EDA2R	HGNC:17756
EDAR	HGNC:2895
EDARADD	HGNC:14341
EDC3	HGNC:26114
EDC4	HGNC:17157
EDDM13	HGNC:53168
EDDM3A	HGNC:16978
EDDM3B	HGNC:19223
EDEM1	HGNC:18967
EDEM2	HGNC:15877
EDEM3	HGNC:16787
EDF1	HGNC:3164
EDIL3	HGNC:3173
EDN1	HGNC:3176
EDN2	HGNC:3177
EDN3	HGNC:3178
EDNRA	HGNC:3179
EDNRB	HGNC:3180
EDRF1	HGNC:24640
EEA1	HGNC:3185
EED	HGNC:3188
EEF1A1	HGNC:3189
EEF1A2	HGNC:3192
EEF1AKMT1	HGNC:27351
EEF1AKMT2	HGNC:33787
EEF1AKMT3	HGNC:24936
EEF1AKMT4	HGNC:53611
EEF1B2	HGNC:3208
EEF1D	HGNC:3211
EEF1E1	HGNC:3212
EEF1G	HGNC:3213
EEF2	HGNC:3214
EEF2K	HGNC:24615
EEF2KMT	HGNC:32221
EEFSEC	HGNC:24614
EEIG1	HGNC:31419
EEIG2	HGNC:27637
EEPD1	HGNC:22223
EFCAB10	HGNC:34531
EFCAB11	HGNC:20357
EFCAB12	HGNC:28061
EFCAB13	HGNC:26864
EFCAB14	HGNC:29051
EFCAB3	HGNC:26379
EFCAB5	HGNC:24801
EFCAB6	HGNC:24204
EFCAB7	HGNC:29379
EFCAB8	HGNC:34532
EFCAB9	HGNC:34530
EFCC1	HGNC:25692
EFEMP1	HGNC:3218
EFEMP2	HGNC:3219
EFHB	HGNC:26330
EFHC1	HGNC:16406
EFHC2	HGNC:26233
EFHD1	HGNC:29556
EFHD2	HGNC:28670
EFL1	HGNC:25789
EFNA1	HGNC:3221
EFNA2	HGNC:3222
EFNA3	HGNC:3223
EFNA4	HGNC:3224
EFNA5	HGNC:3225
EFNB1	HGNC:3226
EFNB2	HGNC:3227
EFNB3	HGNC:3228
EFR3A	HGNC:28970
EFR3B	HGNC:29155
EFS	HGNC:16898
EFTUD2	HGNC:30858
EGF	HGNC:3229
EGFL6	HGNC:3235
EGFL7	HGNC:20594
EGFL8	HGNC:13944
EGFLAM	HGNC:26810
EGFR	HGNC:3236
EGLN1	HGNC:1232
EGLN2	HGNC:14660
EGLN3	HGNC:14661
EGR1	HGNC:3238
EGR2	HGNC:3239
EGR3	HGNC:3240
EGR4	HGNC:3241
EHBP1	HGNC:29144
EHBP1L1	HGNC:30682
EHD1	HGNC:3242
EHD2	HGNC:3243
EHD3	HGNC:3244
EHD4	HGNC:3245
EHF	HGNC:3246
EHHADH	HGNC:3247
EHMT1	HGNC:24650
EHMT2	HGNC:14129
EI24	HGNC:13276
EID1	HGNC:1191
EID2	HGNC:28292
EID2B	HGNC:26796
EID3	HGNC:32961
EIF1	HGNC:3249
EIF1AD	HGNC:28147
EIF1AX	HGNC:3250
EIF1AY	HGNC:3252
EIF1B	HGNC:30792
EIF2A	HGNC:3254
EIF2AK1	HGNC:24921
EIF2AK2	HGNC:9437
EIF2AK3	HGNC:3255
EIF2AK4	HGNC:19687
EIF2B1	HGNC:3257
EIF2B2	HGNC:3258
EIF2B3	HGNC:3259
EIF2B4	HGNC:3260
EIF2B5	HGNC:3261
EIF2D	HGNC:6583
EIF2S1	HGNC:3265
EIF2S2	HGNC:3266
EIF2S3	HGNC:3267
EIF2S3B	HGNC:43863
EIF3A	HGNC:3271
EIF3B	HGNC:3280
EIF3C	HGNC:3279
EIF3CL	HGNC:26347
EIF3D	HGNC:3278
EIF3E	HGNC:3277
EIF3F	HGNC:3275
EIF3G	HGNC:3274
EIF3H	HGNC:3273
EIF3I	HGNC:3272
EIF3J	HGNC:3270
EIF3K	HGNC:24656
EIF3L	HGNC:18138
EIF3M	HGNC:24460
EIF4A1	HGNC:3282
EIF4A2	HGNC:3284
EIF4A3	HGNC:18683
EIF4B	HGNC:3285
EIF4E	HGNC:3287
EIF4E1B	HGNC:33179
EIF4E2	HGNC:3293
EIF4E3	HGNC:31837
EIF4EBP1	HGNC:3288
EIF4EBP2	HGNC:3289
EIF4EBP3	HGNC:3290
EIF4ENIF1	HGNC:16687
EIF4G1	HGNC:3296
EIF4G2	HGNC:3297
EIF4G3	HGNC:3298
EIF4H	HGNC:12741
EIF5	HGNC:3299
EIF5A	HGNC:3300
EIF5A2	HGNC:3301
EIF5AL1	HGNC:17419
EIF5B	HGNC:30793
EIF6	HGNC:6159
EIPR1	HGNC:12383
ELAC1	HGNC:14197
ELAC2	HGNC:14198
ELANE	HGNC:3309
ELAPOR1	HGNC:29618
ELAPOR2	HGNC:21945
ELAVL1	HGNC:3312
ELAVL2	HGNC:3313
ELAVL3	HGNC:3314
ELAVL4	HGNC:3315
ELF1	HGNC:3316
ELF2	HGNC:3317
ELF3	HGNC:3318
ELF4	HGNC:3319
ELF5	HGNC:3320
ELFN1	HGNC:33154
ELFN2	HGNC:29396
ELK1	HGNC:3321
ELK3	HGNC:3325
ELK4	HGNC:3326
ELL	HGNC:23114
ELL2	HGNC:17064
ELL3	HGNC:23113
ELMO1	HGNC:16286
ELMO2	HGNC:17233
ELMO3	HGNC:17289
ELMOD1	HGNC:25334
ELMOD2	HGNC:28111
ELMOD3	HGNC:26158
ELN	HGNC:3327
ELOA	HGNC:11620
ELOA2	HGNC:30771
ELOB	HGNC:11619
ELOC	HGNC:11617
ELOF1	HGNC:28691
ELOVL1	HGNC:14418
ELOVL2	HGNC:14416
ELOVL3	HGNC:18047
ELOVL4	HGNC:14415
ELOVL5	HGNC:21308
ELOVL6	HGNC:15829
ELOVL7	HGNC:26292
ELP1	HGNC:5959
ELP2	HGNC:18248
ELP3	HGNC:20696
ELP4	HGNC:1171
ELP5	HGNC:30617
ELP6	HGNC:25976
ELSPBP1	HGNC:14417
EMB	HGNC:30465
EMC1	HGNC:28957
EMC10	HGNC:27609
EMC2	HGNC:28963
EMC3	HGNC:23999
EMC4	HGNC:28032
EMC6	HGNC:28430
EMC7	HGNC:24301
EMC8	HGNC:7864
EMC9	HGNC:20273
EMCN	HGNC:16041
EMD	HGNC:3331
EME1	HGNC:24965
EME2	HGNC:27289
EMG1	HGNC:16912
EMID1	HGNC:18036
EMILIN1	HGNC:19880
EMILIN2	HGNC:19881
EMILIN3	HGNC:16123
EML1	HGNC:3330
EML2	HGNC:18035
EML3	HGNC:26666
EML4	HGNC:1316
EML5	HGNC:18197
EML6	HGNC:35412
EMP1	HGNC:3333
EMP2	HGNC:3334
EMP3	HGNC:3335
EMSY	HGNC:18071
EMX1	HGNC:3340
EMX2	HGNC:3341
EN1	HGNC:3342
EN2	HGNC:3343
ENAH	HGNC:18271
ENAM	HGNC:3344
ENC1	HGNC:3345
ENDOD1	HGNC:29129
ENDOG	HGNC:3346
ENDOU	HGNC:14369
ENDOV	HGNC:26640
ENG	HGNC:3349
ENGASE	HGNC:24622
ENHO	HGNC:24838
ENKD1	HGNC:25246
ENKUR	HGNC:28388
ENO1	HGNC:3350
ENO2	HGNC:3353
ENO3	HGNC:3354
ENO4	HGNC:31670
ENOPH1	HGNC:24599
ENOSF1	HGNC:30365
ENOX1	HGNC:25474
ENOX2	HGNC:2259
ENPEP	HGNC:3355
ENPP1	HGNC:3356
ENPP2	HGNC:3357
ENPP3	HGNC:3358
ENPP4	HGNC:3359
ENPP5	HGNC:13717
ENPP6	HGNC:23409
ENPP7	HGNC:23764
ENSA	HGNC:3360
ENTHD1	HGNC:26352
ENTPD1	HGNC:3363
ENTPD2	HGNC:3364
ENTPD3	HGNC:3365
ENTPD4	HGNC:14573
ENTPD5	HGNC:3367
ENTPD6	HGNC:3368
ENTPD7	HGNC:19745
ENTPD8	HGNC:24860
ENTR1	HGNC:10667
ENTREP1	HGNC:24820
ENTREP2	HGNC:29075
ENTREP3	HGNC:1233
ENY2	HGNC:24449
EOGT	HGNC:28526
EOLA1	HGNC:28089
EOLA2	HGNC:17402
EOMES	HGNC:3372
EP300	HGNC:3373
EP400	HGNC:11958
EPAS1	HGNC:3374
EPB41	HGNC:3377
EPB41L1	HGNC:3378
EPB41L2	HGNC:3379
EPB41L3	HGNC:3380
EPB41L4A	HGNC:13278
EPB41L4B	HGNC:19818
EPB41L5	HGNC:19819
EPB42	HGNC:3381
EPC1	HGNC:19876
EPC2	HGNC:24543
EPCAM	HGNC:11529
EPCIP	HGNC:1305
EPDR1	HGNC:17572
EPG5	HGNC:29331
EPGN	HGNC:17470
EPHA1	HGNC:3385
EPHA10	HGNC:19987
EPHA2	HGNC:3386
EPHA3	HGNC:3387
EPHA4	HGNC:3388
EPHA5	HGNC:3389
EPHA6	HGNC:19296
EPHA7	HGNC:3390
EPHA8	HGNC:3391
EPHB1	HGNC:3392
EPHB2	HGNC:3393
EPHB3	HGNC:3394
EPHB4	HGNC:3395
EPHB6	HGNC:3396
EPHX1	HGNC:3401
EPHX2	HGNC:3402
EPHX3	HGNC:23760
EPHX4	HGNC:23758
EPM2A	HGNC:3413
EPM2AIP1	HGNC:19735
EPN1	HGNC:21604
EPN2	HGNC:18639
EPN3	HGNC:18235
EPO	HGNC:3415
EPOP	HGNC:34493
EPOR	HGNC:3416
EPPIN	HGNC:15932
EPPK1	HGNC:15577
EPRS1	HGNC:3418
EPS15	HGNC:3419
EPS15L1	HGNC:24634
EPS8	HGNC:3420
EPS8L1	HGNC:21295
EPS8L2	HGNC:21296
EPS8L3	HGNC:21297
EPSTI1	HGNC:16465
EPX	HGNC:3423
EPYC	HGNC:3053
EQTN	HGNC:1359
ERAL1	HGNC:3424
ERAP1	HGNC:18173
ERAP2	HGNC:29499
ERAS	HGNC:5174
ERBB2	HGNC:3430
ERBB3	HGNC:3431
ERBB4	HGNC:3432
ERBIN	HGNC:15842
ERC1	HGNC:17072
ERC2	HGNC:31922
ERCC1	HGNC:3433
ERCC2	HGNC:3434
ERCC3	HGNC:3435
ERCC4	HGNC:3436
ERCC5	HGNC:3437
ERCC6	HGNC:3438
ERCC6L	HGNC:20794
ERCC6L2	HGNC:26922
ERCC8	HGNC:3439
EREG	HGNC:3443
ERF	HGNC:3444
ERFE	HGNC:26727
ERFL	HGNC:53894
ERG	HGNC:3446
ERG28	HGNC:1187
ERGIC1	HGNC:29205
ERGIC2	HGNC:30208
ERGIC3	HGNC:15927
ERH	HGNC:3447
ERI1	HGNC:23994
ERI2	HGNC:30541
ERI3	HGNC:17276
ERICH1	HGNC:27234
ERICH2	HGNC:44395
ERICH3	HGNC:25346
ERICH4	HGNC:34497
ERICH5	HGNC:26823
ERICH6	HGNC:28602
ERICH6B	HGNC:26523
ERLEC1	HGNC:25222
ERLIN1	HGNC:16947
ERLIN2	HGNC:1356
ERLN	HGNC:40032
ERMAP	HGNC:15743
ERMARD	HGNC:21056
ERMN	HGNC:29208
ERMP1	HGNC:23703
ERN1	HGNC:3449
ERN2	HGNC:16942
ERO1A	HGNC:13280
ERO1B	HGNC:14355
ERP27	HGNC:26495
ERP29	HGNC:13799
ERP44	HGNC:18311
ERRFI1	HGNC:18185
ERV3-1	HGNC:3454
ERVFRD-1	HGNC:33823
ERVH48-1	HGNC:17216
ERVK3-1	HGNC:30466
ERVMER34-1	HGNC:42970
ERVV-1	HGNC:26501
ERVV-2	HGNC:39051
ERVW-1	HGNC:13525
ESAM	HGNC:17474
ESCO1	HGNC:24645
ESCO2	HGNC:27230
ESD	HGNC:3465
ESF1	HGNC:15898
ESM1	HGNC:3466
ESPL1	HGNC:16856
ESPN	HGNC:13281
ESPNL	HGNC:27937
ESR1	HGNC:3467
ESR2	HGNC:3468
ESRP1	HGNC:25966
ESRP2	HGNC:26152
ESRRA	HGNC:3471
ESRRB	HGNC:3473
ESRRG	HGNC:3474
ESS2	HGNC:16817
ESX1	HGNC:14865
ESYT1	HGNC:29534
ESYT2	HGNC:22211
ESYT3	HGNC:24295
ETAA1	HGNC:24648
ETDA	HGNC:53449
ETDB	HGNC:44269
ETDC	HGNC:53450
ETF1	HGNC:3477
ETFA	HGNC:3481
ETFB	HGNC:3482
ETFBKMT	HGNC:28739
ETFDH	HGNC:3483
ETFRF1	HGNC:27052
ETHE1	HGNC:23287
ETNK1	HGNC:24649
ETNK2	HGNC:25575
ETNPPL	HGNC:14404
ETS1	HGNC:3488
ETS2	HGNC:3489
ETV1	HGNC:3490
ETV2	HGNC:3491
ETV3	HGNC:3492
ETV3L	HGNC:33834
ETV4	HGNC:3493
ETV5	HGNC:3494
ETV6	HGNC:3495
ETV7	HGNC:18160
EVA1A	HGNC:25816
EVA1B	HGNC:25558
EVA1C	HGNC:13239
EVC	HGNC:3497
EVC2	HGNC:19747
EVI2A	HGNC:3499
EVI2B	HGNC:3500
EVI5	HGNC:3501
EVI5L	HGNC:30464
EVL	HGNC:20234
EVPL	HGNC:3503
EVPLL	HGNC:35236
EVX1	HGNC:3506
EVX2	HGNC:3507
EWSR1	HGNC:3508
EXD1	HGNC:28507
EXD2	HGNC:20217
EXD3	HGNC:26023
EXO1	HGNC:3511
EXO5	HGNC:26115
EXOC1	HGNC:30380
EXOC1L	HGNC:53433
EXOC2	HGNC:24968
EXOC3	HGNC:30378
EXOC3L1	HGNC:27540
EXOC3L2	HGNC:30162
EXOC3L4	HGNC:20120
EXOC4	HGNC:30389
EXOC5	HGNC:10696
EXOC6	HGNC:23196
EXOC6B	HGNC:17085
EXOC7	HGNC:23214
EXOC8	HGNC:24659
EXOG	HGNC:3347
EXOSC1	HGNC:17286
EXOSC10	HGNC:9138
EXOSC2	HGNC:17097
EXOSC3	HGNC:17944
EXOSC4	HGNC:18189
EXOSC5	HGNC:24662
EXOSC6	HGNC:19055
EXOSC7	HGNC:28112
EXOSC8	HGNC:17035
EXOSC9	HGNC:9137
EXPH5	HGNC:30578
EXT1	HGNC:3512
EXT2	HGNC:3513
EXTL1	HGNC:3515
EXTL2	HGNC:3516
EXTL3	HGNC:3518
EYA1	HGNC:3519
EYA2	HGNC:3520
EYA3	HGNC:3521
EYA4	HGNC:3522
EYS	HGNC:21555
EZH1	HGNC:3526
EZH2	HGNC:3527
EZHIP	HGNC:33738
EZR	HGNC:12691
F10	HGNC:3528
F11	HGNC:3529
F11R	HGNC:14685
F12	HGNC:3530
F13A1	HGNC:3531
F13B	HGNC:3534
F2	HGNC:3535
F2R	HGNC:3537
F2RL1	HGNC:3538
F2RL2	HGNC:3539
F2RL3	HGNC:3540
F3	HGNC:3541
F5	HGNC:3542
F7	HGNC:3544
F8	HGNC:3546
F8A1	HGNC:3547
F8A2	HGNC:31849
F8A3	HGNC:31850
F9	HGNC:3551
FA2H	HGNC:21197
FAAH	HGNC:3553
FAAH2	HGNC:26440
FAAP100	HGNC:26171
FAAP20	HGNC:26428
FAAP24	HGNC:28467
FABP1	HGNC:3555
FABP12	HGNC:34524
FABP2	HGNC:3556
FABP3	HGNC:3557
FABP4	HGNC:3559
FABP5	HGNC:3560
FABP6	HGNC:3561
FABP7	HGNC:3562
FABP9	HGNC:3563
FADD	HGNC:3573
FADS1	HGNC:3574
FADS2	HGNC:3575
FADS3	HGNC:3576
FADS6	HGNC:30459
FAF1	HGNC:3578
FAF2	HGNC:24666
FAH	HGNC:3579
FAHD1	HGNC:14169
FAHD2A	HGNC:24252
FAHD2B	HGNC:25318
FAIM	HGNC:18703
FAIM2	HGNC:17067
FALEC	HGNC:43713
FAM107A	HGNC:30827
FAM107B	HGNC:23726
FAM110A	HGNC:16188
FAM110B	HGNC:28587
FAM110C	HGNC:33340
FAM110D	HGNC:25860
FAM111A	HGNC:24725
FAM111B	HGNC:24200
FAM114A1	HGNC:25087
FAM114A2	HGNC:1333
FAM117A	HGNC:24179
FAM117B	HGNC:14440
FAM118A	HGNC:1313
FAM118B	HGNC:26110
FAM120A	HGNC:13247
FAM120AOS	HGNC:23389
FAM120B	HGNC:21109
FAM120C	HGNC:16949
FAM124A	HGNC:26413
FAM124B	HGNC:26224
FAM131A	HGNC:28308
FAM131B	HGNC:22202
FAM131C	HGNC:26717
FAM133A	HGNC:26748
FAM133B	HGNC:28629
FAM135A	HGNC:21084
FAM135B	HGNC:28029
FAM136A	HGNC:25911
FAM13A	HGNC:19367
FAM13B	HGNC:1335
FAM13C	HGNC:19371
FAM149A	HGNC:24527
FAM149B1	HGNC:29162
FAM151A	HGNC:25032
FAM151B	HGNC:33716
FAM153A	HGNC:29940
FAM156A	HGNC:30114
FAM156B	HGNC:31962
FAM161A	HGNC:25808
FAM161B	HGNC:19854
FAM162A	HGNC:17865
FAM162B	HGNC:21549
FAM163A	HGNC:28274
FAM163B	HGNC:33277
FAM167A	HGNC:15549
FAM167B	HGNC:28133
FAM168A	HGNC:28999
FAM168B	HGNC:27016
FAM169A	HGNC:29138
FAM170A	HGNC:27963
FAM170B	HGNC:19736
FAM171A1	HGNC:23522
FAM171A2	HGNC:30480
FAM171B	HGNC:29412
FAM174A	HGNC:24943
FAM174B	HGNC:34339
FAM174C	HGNC:26073
FAM177A1	HGNC:19829
FAM177B	HGNC:34395
FAM178B	HGNC:28036
FAM180A	HGNC:33773
FAM180B	HGNC:34451
FAM181A	HGNC:20491
FAM181B	HGNC:28512
FAM184A	HGNC:20991
FAM184B	HGNC:29235
FAM185A	HGNC:22412
FAM186A	HGNC:26980
FAM186B	HGNC:25296
FAM187A	HGNC:35153
FAM187B	HGNC:26366
FAM193A	HGNC:16822
FAM193B	HGNC:25524
FAM199X	HGNC:25195
FAM200A	HGNC:25401
FAM200B	HGNC:27740
FAM200C	HGNC:30804
FAM204A	HGNC:25794
FAM209A	HGNC:16100
FAM209B	HGNC:16101
FAM20A	HGNC:23015
FAM20B	HGNC:23017
FAM20C	HGNC:22140
FAM210A	HGNC:28346
FAM210B	HGNC:16102
FAM216A	HGNC:30180
FAM216B	HGNC:26883
FAM217A	HGNC:21362
FAM217B	HGNC:16170
FAM219A	HGNC:19920
FAM219B	HGNC:24695
FAM220A	HGNC:22422
FAM221A	HGNC:27977
FAM221B	HGNC:30762
FAM222A	HGNC:25915
FAM222B	HGNC:25563
FAM227A	HGNC:44197
FAM227B	HGNC:26543
FAM228A	HGNC:34418
FAM228B	HGNC:24736
FAM229A	HGNC:44652
FAM229B	HGNC:33858
FAM234A	HGNC:14163
FAM234B	HGNC:29288
FAM236A	HGNC:44268
FAM236B	HGNC:52640
FAM236C	HGNC:52641
FAM236D	HGNC:52642
FAM237A	HGNC:52388
FAM237B	HGNC:53217
FAM240A	HGNC:52390
FAM240B	HGNC:53430
FAM240C	HGNC:54200
FAM241A	HGNC:26813
FAM241B	HGNC:23519
FAM246A	HGNC:54844
FAM246B	HGNC:54843
FAM24A	HGNC:23470
FAM24B	HGNC:23475
FAM25A	HGNC:23436
FAM25C	HGNC:23586
FAM25G	HGNC:23590
FAM32A	HGNC:24563
FAM3A	HGNC:13749
FAM3B	HGNC:1253
FAM3C	HGNC:18664
FAM3D	HGNC:18665
FAM43A	HGNC:26888
FAM43B	HGNC:31791
FAM47A	HGNC:29962
FAM47B	HGNC:26659
FAM47C	HGNC:25301
FAM47E	HGNC:34343
FAM50A	HGNC:18786
FAM50B	HGNC:18789
FAM53A	HGNC:31860
FAM53B	HGNC:28968
FAM53C	HGNC:1336
FAM72A	HGNC:24044
FAM72B	HGNC:24805
FAM72C	HGNC:30602
FAM72D	HGNC:33593
FAM76A	HGNC:28530
FAM76B	HGNC:28492
FAM78A	HGNC:25465
FAM78B	HGNC:13495
FAM81A	HGNC:28379
FAM81B	HGNC:26335
FAM83A	HGNC:28210
FAM83B	HGNC:21357
FAM83C	HGNC:16121
FAM83D	HGNC:16122
FAM83E	HGNC:25972
FAM83F	HGNC:25148
FAM83G	HGNC:32554
FAM83H	HGNC:24797
FAM86B1	HGNC:28268
FAM86B2	HGNC:32222
FAM89A	HGNC:25057
FAM89B	HGNC:16708
FAM8A1	HGNC:16372
FAM90A1	HGNC:25526
FAM90A10	HGNC:32258
FAM90A11	HGNC:32259
FAM90A12	HGNC:32260
FAM90A13	HGNC:32261
FAM90A14	HGNC:32262
FAM90A15	HGNC:32263
FAM90A16	HGNC:32264
FAM90A17	HGNC:32265
FAM90A18	HGNC:32266
FAM90A19	HGNC:32267
FAM90A20	HGNC:32268
FAM90A22	HGNC:32270
FAM90A23	HGNC:32271
FAM90A24	HGNC:32272
FAM90A26	HGNC:43746
FAM90A3	HGNC:32251
FAM90A5	HGNC:32253
FAM90A7	HGNC:32255
FAM90A8	HGNC:32256
FAM90A9	HGNC:32257
FAM91A1	HGNC:26306
FAM98A	HGNC:24520
FAM98B	HGNC:26773
FAM98C	HGNC:27119
FAM9A	HGNC:18403
FAM9B	HGNC:18404
FAM9C	HGNC:18405
FAN1	HGNC:29170
FANCA	HGNC:3582
FANCB	HGNC:3583
FANCC	HGNC:3584
FANCD2	HGNC:3585
FANCD2OS	HGNC:28623
FANCE	HGNC:3586
FANCF	HGNC:3587
FANCG	HGNC:3588
FANCI	HGNC:25568
FANCL	HGNC:20748
FANCM	HGNC:23168
FANK1	HGNC:23527
FAP	HGNC:3590
FAR1	HGNC:26222
FAR2	HGNC:25531
FARP1	HGNC:3591
FARP2	HGNC:16460
FARS2	HGNC:21062
FARSA	HGNC:3592
FARSB	HGNC:17800
FAS	HGNC:11920
FASLG	HGNC:11936
FASN	HGNC:3594
FASTK	HGNC:24676
FASTKD1	HGNC:26150
FASTKD2	HGNC:29160
FASTKD3	HGNC:28758
FASTKD5	HGNC:25790
FAT1	HGNC:3595
FAT2	HGNC:3596
FAT3	HGNC:23112
FAT4	HGNC:23109
FATE1	HGNC:24683
FAU	HGNC:3597
FAXC	HGNC:20742
FAXDC2	HGNC:1334
FBF1	HGNC:24674
FBH1	HGNC:13620
FBL	HGNC:3599
FBLIM1	HGNC:24686
FBLL1	HGNC:35458
FBLN1	HGNC:3600
FBLN2	HGNC:3601
FBLN5	HGNC:3602
FBLN7	HGNC:26740
FBN1	HGNC:3603
FBN2	HGNC:3604
FBN3	HGNC:18794
FBP1	HGNC:3606
FBP2	HGNC:3607
FBRS	HGNC:20442
FBRSL1	HGNC:29308
FBXL12	HGNC:13611
FBXL13	HGNC:21658
FBXL14	HGNC:28624
FBXL15	HGNC:28155
FBXL16	HGNC:14150
FBXL17	HGNC:13615
FBXL18	HGNC:21874
FBXL19	HGNC:25300
FBXL2	HGNC:13598
FBXL20	HGNC:24679
FBXL22	HGNC:27537
FBXL3	HGNC:13599
FBXL4	HGNC:13601
FBXL5	HGNC:13602
FBXL6	HGNC:13603
FBXL7	HGNC:13604
FBXL8	HGNC:17875
FBXO10	HGNC:13589
FBXO11	HGNC:13590
FBXO15	HGNC:13617
FBXO16	HGNC:13618
FBXO17	HGNC:18754
FBXO2	HGNC:13581
FBXO21	HGNC:13592
FBXO22	HGNC:13593
FBXO24	HGNC:13595
FBXO25	HGNC:13596
FBXO27	HGNC:18753
FBXO28	HGNC:29046
FBXO3	HGNC:13582
FBXO30	HGNC:15600
FBXO31	HGNC:16510
FBXO32	HGNC:16731
FBXO33	HGNC:19833
FBXO34	HGNC:20201
FBXO36	HGNC:27020
FBXO38	HGNC:28844
FBXO39	HGNC:28565
FBXO4	HGNC:13583
FBXO40	HGNC:29816
FBXO41	HGNC:29409
FBXO42	HGNC:29249
FBXO43	HGNC:28521
FBXO44	HGNC:24847
FBXO45	HGNC:29148
FBXO46	HGNC:25069
FBXO47	HGNC:31969
FBXO48	HGNC:33857
FBXO5	HGNC:13584
FBXO6	HGNC:13585
FBXO7	HGNC:13586
FBXO8	HGNC:13587
FBXO9	HGNC:13588
FBXW10	HGNC:1211
FBXW10B	HGNC:14379
FBXW11	HGNC:13607
FBXW12	HGNC:20729
FBXW2	HGNC:13608
FBXW4	HGNC:10847
FBXW5	HGNC:13613
FBXW7	HGNC:16712
FBXW8	HGNC:13597
FBXW9	HGNC:28136
FCAMR	HGNC:24692
FCAR	HGNC:3608
FCER1A	HGNC:3609
FCER1G	HGNC:3611
FCER2	HGNC:3612
FCF1	HGNC:20220
FCGBP	HGNC:13572
FCGR1A	HGNC:3613
FCGR2A	HGNC:3616
FCGR2B	HGNC:3618
FCGR3A	HGNC:3619
FCGR3B	HGNC:3620
FCGRT	HGNC:3621
FCHO1	HGNC:29002
FCHO2	HGNC:25180
FCHSD1	HGNC:25463
FCHSD2	HGNC:29114
FCMR	HGNC:14315
FCN1	HGNC:3623
FCN2	HGNC:3624
FCN3	HGNC:3625
FCRL1	HGNC:18509
FCRL2	HGNC:14875
FCRL3	HGNC:18506
FCRL4	HGNC:18507
FCRL5	HGNC:18508
FCRL6	HGNC:31910
FCRLA	HGNC:18504
FCRLB	HGNC:26431
FCSK	HGNC:29500
FDCSP	HGNC:19215
FDFT1	HGNC:3629
FDPS	HGNC:3631
FDX1	HGNC:3638
FDX2	HGNC:30546
FDXACB1	HGNC:25110
FDXR	HGNC:3642
FECH	HGNC:3647
FEM1A	HGNC:16934
FEM1B	HGNC:3649
FEM1C	HGNC:16933
FEN1	HGNC:3650
FER	HGNC:3655
FER1L5	HGNC:19044
FER1L6	HGNC:28065
FERD3L	HGNC:16660
FERMT1	HGNC:15889
FERMT2	HGNC:15767
FERMT3	HGNC:23151
FERRY3	HGNC:1184
FES	HGNC:3657
FETUB	HGNC:3658
FEV	HGNC:18562
FEZ1	HGNC:3659
FEZ2	HGNC:3660
FEZF1	HGNC:22788
FEZF2	HGNC:13506
FFAR1	HGNC:4498
FFAR2	HGNC:4501
FFAR3	HGNC:4499
FFAR4	HGNC:19061
FGA	HGNC:3661
FGB	HGNC:3662
FGD1	HGNC:3663
FGD2	HGNC:3664
FGD3	HGNC:16027
FGD4	HGNC:19125
FGD5	HGNC:19117
FGD6	HGNC:21740
FGF1	HGNC:3665
FGF10	HGNC:3666
FGF11	HGNC:3667
FGF12	HGNC:3668
FGF13	HGNC:3670
FGF14	HGNC:3671
FGF16	HGNC:3672
FGF17	HGNC:3673
FGF18	HGNC:3674
FGF19	HGNC:3675
FGF2	HGNC:3676
FGF20	HGNC:3677
FGF21	HGNC:3678
FGF22	HGNC:3679
FGF23	HGNC:3680
FGF3	HGNC:3681
FGF4	HGNC:3682
FGF5	HGNC:3683
FGF6	HGNC:3684
FGF7	HGNC:3685
FGF8	HGNC:3686
FGF9	HGNC:3687
FGFBP1	HGNC:19695
FGFBP2	HGNC:29451
FGFBP3	HGNC:23428
FGFR1	HGNC:3688
FGFR1OP2	HGNC:23098
FGFR2	HGNC:3689
FGFR3	HGNC:3690
FGFR4	HGNC:3691
FGFRL1	HGNC:3693
FGG	HGNC:3694
FGGY	HGNC:25610
FGL1	HGNC:3695
FGL2	HGNC:3696
FGR	HGNC:3697
FH	HGNC:3700
FHAD1	HGNC:29408
FHDC1	HGNC:29363
FHIP1A	HGNC:34237
FHIP1B	HGNC:25378
FHIP2A	HGNC:29320
FHIP2B	HGNC:16492
FHIT	HGNC:3701
FHL1	HGNC:3702
FHL2	HGNC:3703
FHL3	HGNC:3704
FHL5	HGNC:17371
FHOD1	HGNC:17905
FHOD3	HGNC:26178
FIBCD1	HGNC:25922
FIBIN	HGNC:33747
FIBP	HGNC:3705
FICD	HGNC:18416
FIG4	HGNC:16873
FIGLA	HGNC:24669
FIGN	HGNC:13285
FIGNL1	HGNC:13286
FIGNL2	HGNC:13287
FILIP1	HGNC:21015
FILIP1L	HGNC:24589
FIP1L1	HGNC:19124
FIRRM	HGNC:25565
FIS1	HGNC:21689
FITM1	HGNC:33714
FITM2	HGNC:16135
FIZ1	HGNC:25917
FJX1	HGNC:17166
FKBP10	HGNC:18169
FKBP11	HGNC:18624
FKBP14	HGNC:18625
FKBP15	HGNC:23397
FKBP1A	HGNC:3711
FKBP1B	HGNC:3712
FKBP1C	HGNC:21376
FKBP2	HGNC:3718
FKBP3	HGNC:3719
FKBP4	HGNC:3720
FKBP5	HGNC:3721
FKBP6	HGNC:3722
FKBP7	HGNC:3723
FKBP8	HGNC:3724
FKBP9	HGNC:3725
FKBPL	HGNC:13949
FKRP	HGNC:17997
FKTN	HGNC:3622
FLACC1	HGNC:14439
FLAD1	HGNC:24671
FLCN	HGNC:27310
FLG	HGNC:3748
FLG2	HGNC:33276
FLI1	HGNC:3749
FLII	HGNC:3750
FLNA	HGNC:3754
FLNB	HGNC:3755
FLNC	HGNC:3756
FLOT1	HGNC:3757
FLOT2	HGNC:3758
FLRT1	HGNC:3760
FLRT2	HGNC:3761
FLRT3	HGNC:3762
FLT1	HGNC:3763
FLT3	HGNC:3765
FLT3LG	HGNC:3766
FLT4	HGNC:3767
FLVCR1	HGNC:24682
FLVCR2	HGNC:20105
FLYWCH1	HGNC:25404
FLYWCH2	HGNC:25178
FMC1	HGNC:26946
FMN1	HGNC:3768
FMN2	HGNC:14074
FMNL1	HGNC:1212
FMNL2	HGNC:18267
FMNL3	HGNC:23698
FMO1	HGNC:3769
FMO2	HGNC:3770
FMO3	HGNC:3771
FMO4	HGNC:3772
FMO5	HGNC:3773
FMOD	HGNC:3774
FMR1	HGNC:3775
FMR1NB	HGNC:26372
FN1	HGNC:3778
FN3K	HGNC:24822
FN3KRP	HGNC:25700
FNBP1	HGNC:17069
FNBP1L	HGNC:20851
FNBP4	HGNC:19752
FNDC1	HGNC:21184
FNDC10	HGNC:42951
FNDC11	HGNC:28764
FNDC3A	HGNC:20296
FNDC3B	HGNC:24670
FNDC4	HGNC:20239
FNDC5	HGNC:20240
FNDC7	HGNC:26668
FNDC8	HGNC:25286
FNDC9	HGNC:33547
FNIP1	HGNC:29418
FNIP2	HGNC:29280
FNTA	HGNC:3782
FNTB	HGNC:3785
FOCAD	HGNC:23377
FOLH1	HGNC:3788
FOLR1	HGNC:3791
FOLR2	HGNC:3793
FOLR3	HGNC:3795
FOS	HGNC:3796
FOSB	HGNC:3797
FOSL1	HGNC:13718
FOSL2	HGNC:3798
FOXA1	HGNC:5021
FOXA2	HGNC:5022
FOXA3	HGNC:5023
FOXB1	HGNC:3799
FOXB2	HGNC:23315
FOXC1	HGNC:3800
FOXC2	HGNC:3801
FOXD1	HGNC:3802
FOXD2	HGNC:3803
FOXD3	HGNC:3804
FOXD4	HGNC:3805
FOXD4L1	HGNC:18521
FOXD4L3	HGNC:18523
FOXD4L4	HGNC:23762
FOXD4L5	HGNC:18522
FOXD4L6	HGNC:31986
FOXE1	HGNC:3806
FOXE3	HGNC:3808
FOXF1	HGNC:3809
FOXF2	HGNC:3810
FOXG1	HGNC:3811
FOXH1	HGNC:3814
FOXI1	HGNC:3815
FOXI2	HGNC:32448
FOXI3	HGNC:35123
FOXJ1	HGNC:3816
FOXJ2	HGNC:24818
FOXJ3	HGNC:29178
FOXK1	HGNC:23480
FOXK2	HGNC:6036
FOXL1	HGNC:3817
FOXL2	HGNC:1092
FOXL2NB	HGNC:34428
FOXL3	HGNC:54201
FOXM1	HGNC:3818
FOXN1	HGNC:12765
FOXN2	HGNC:5281
FOXN3	HGNC:1928
FOXN4	HGNC:21399
FOXO1	HGNC:3819
FOXO3	HGNC:3821
FOXO3B	HGNC:3822
FOXO4	HGNC:7139
FOXO6	HGNC:24814
FOXP1	HGNC:3823
FOXP2	HGNC:13875
FOXP3	HGNC:6106
FOXP4	HGNC:20842
FOXQ1	HGNC:20951
FOXR1	HGNC:29980
FOXR2	HGNC:30469
FOXRED1	HGNC:26927
FOXRED2	HGNC:26264
FOXS1	HGNC:3735
FPGS	HGNC:3824
FPGT	HGNC:3825
FPR1	HGNC:3826
FPR2	HGNC:3827
FPR3	HGNC:3828
FRA10AC1	HGNC:1162
FRAS1	HGNC:19185
FRAT1	HGNC:3944
FRAT2	HGNC:16048
FREM1	HGNC:23399
FREM2	HGNC:25396
FREM3	HGNC:25172
FREY1	HGNC:37213
FRG1	HGNC:3954
FRG2	HGNC:19136
FRG2B	HGNC:33518
FRG2C	HGNC:33626
FRK	HGNC:3955
FRMD1	HGNC:21240
FRMD3	HGNC:24125
FRMD4A	HGNC:25491
FRMD4B	HGNC:24886
FRMD5	HGNC:28214
FRMD6	HGNC:19839
FRMD7	HGNC:8079
FRMD8	HGNC:25462
FRMPD1	HGNC:29159
FRMPD2	HGNC:28572
FRMPD3	HGNC:29382
FRMPD4	HGNC:29007
FRRS1	HGNC:27622
FRRS1L	HGNC:1362
FRS2	HGNC:16971
FRS3	HGNC:16970
FRY	HGNC:20367
FRYL	HGNC:29127
FRZB	HGNC:3959
FSAF1	HGNC:25332
FSBP	HGNC:43653
FSCB	HGNC:20494
FSCN1	HGNC:11148
FSCN2	HGNC:3960
FSCN3	HGNC:3961
FSD1	HGNC:13745
FSD1L	HGNC:13753
FSD2	HGNC:18024
FSHB	HGNC:3964
FSHR	HGNC:3969
FSIP1	HGNC:21674
FSIP2	HGNC:21675
FST	HGNC:3971
FSTL1	HGNC:3972
FSTL3	HGNC:3973
FSTL4	HGNC:21389
FSTL5	HGNC:21386
FTCD	HGNC:3974
FTCDNL1	HGNC:48661
FTH1	HGNC:3976
FTHL17	HGNC:3987
FTL	HGNC:3999
FTMT	HGNC:17345
FTO	HGNC:24678
FTSJ1	HGNC:13254
FTSJ3	HGNC:17136
FUBP1	HGNC:4004
FUBP3	HGNC:4005
FUCA1	HGNC:4006
FUCA2	HGNC:4008
FUNDC1	HGNC:28746
FUNDC2	HGNC:24925
FUOM	HGNC:24733
FURIN	HGNC:8568
FUS	HGNC:4010
FUT1	HGNC:4012
FUT2	HGNC:4013
FUT3	HGNC:4014
FUT4	HGNC:4015
FUT5	HGNC:4016
FUT6	HGNC:4017
FUT7	HGNC:4018
FUT8	HGNC:4019
FUT9	HGNC:4020
FUZ	HGNC:26219
FXN	HGNC:3951
FXR1	HGNC:4023
FXR2	HGNC:4024
FXYD1	HGNC:4025
FXYD2	HGNC:4026
FXYD3	HGNC:4027
FXYD4	HGNC:4028
FXYD5	HGNC:4029
FXYD6	HGNC:4030
FXYD7	HGNC:4034
FYB1	HGNC:4036
FYB2	HGNC:27295
FYCO1	HGNC:14673
FYN	HGNC:4037
FYTTD1	HGNC:25407
FZD1	HGNC:4038
FZD10	HGNC:4039
FZD2	HGNC:4040
FZD3	HGNC:4041
FZD4	HGNC:4042
FZD5	HGNC:4043
FZD6	HGNC:4044
FZD7	HGNC:4045
FZD8	HGNC:4046
FZD9	HGNC:4047
FZR1	HGNC:24824
G0S2	HGNC:30229
G2E3	HGNC:20338
G3BP1	HGNC:30292
G3BP2	HGNC:30291
G6PC1	HGNC:4056
G6PC2	HGNC:28906
G6PC3	HGNC:24861
G6PD	HGNC:4057
GAA	HGNC:4065
GAB1	HGNC:4066
GAB2	HGNC:14458
GAB3	HGNC:17515
GAB4	HGNC:18325
GABARAP	HGNC:4067
GABARAPL1	HGNC:4068
GABARAPL2	HGNC:13291
GABBR1	HGNC:4070
GABBR2	HGNC:4507
GABPA	HGNC:4071
GABPB1	HGNC:4074
GABPB2	HGNC:28441
GABRA1	HGNC:4075
GABRA2	HGNC:4076
GABRA3	HGNC:4077
GABRA4	HGNC:4078
GABRA5	HGNC:4079
GABRA6	HGNC:4080
GABRB1	HGNC:4081
GABRB2	HGNC:4082
GABRB3	HGNC:4083
GABRD	HGNC:4084
GABRE	HGNC:4085
GABRG1	HGNC:4086
GABRG2	HGNC:4087
GABRG3	HGNC:4088
GABRP	HGNC:4089
GABRQ	HGNC:14454
GABRR1	HGNC:4090
GABRR2	HGNC:4091
GABRR3	HGNC:17969
GAD1	HGNC:4092
GAD2	HGNC:4093
GADD45A	HGNC:4095
GADD45B	HGNC:4096
GADD45G	HGNC:4097
GADD45GIP1	HGNC:29996
GADL1	HGNC:27949
GAGE1	HGNC:4098
GAGE10	HGNC:30968
GAGE12C	HGNC:28402
GAGE12D	HGNC:31904
GAGE12E	HGNC:31905
GAGE12F	HGNC:31906
GAGE12G	HGNC:31907
GAGE12H	HGNC:31908
GAGE12J	HGNC:17778
GAGE13	HGNC:29081
GAGE2A	HGNC:4099
GAK	HGNC:4113
GAL	HGNC:4114
GAL3ST1	HGNC:24240
GAL3ST2	HGNC:24869
GAL3ST3	HGNC:24144
GAL3ST4	HGNC:24145
GALC	HGNC:4115
GALE	HGNC:4116
GALK1	HGNC:4118
GALK2	HGNC:4119
GALM	HGNC:24063
GALNS	HGNC:4122
GALNT1	HGNC:4123
GALNT10	HGNC:19873
GALNT11	HGNC:19875
GALNT12	HGNC:19877
GALNT13	HGNC:23242
GALNT14	HGNC:22946
GALNT15	HGNC:21531
GALNT16	HGNC:23233
GALNT17	HGNC:16347
GALNT18	HGNC:30488
GALNT2	HGNC:4124
GALNT3	HGNC:4125
GALNT4	HGNC:4126
GALNT5	HGNC:4127
GALNT6	HGNC:4128
GALNT7	HGNC:4129
GALNT8	HGNC:4130
GALNT9	HGNC:4131
GALNTL5	HGNC:21725
GALNTL6	HGNC:33844
GALP	HGNC:24840
GALR1	HGNC:4132
GALR2	HGNC:4133
GALR3	HGNC:4134
GALT	HGNC:4135
GAMT	HGNC:4136
GAN	HGNC:4137
GANAB	HGNC:4138
GANC	HGNC:4139
GAP43	HGNC:4140
GAPDH	HGNC:4141
GAPDHS	HGNC:24864
GAPT	HGNC:26588
GAPVD1	HGNC:23375
GAR1	HGNC:14264
GAREM1	HGNC:26136
GAREM2	HGNC:27172
GARIN1A	HGNC:27998
GARIN1B	HGNC:30704
GARIN2	HGNC:20101
GARIN3	HGNC:28397
GARIN4	HGNC:26541
GARIN5A	HGNC:25107
GARIN5B	HGNC:25278
GARIN6	HGNC:28594
GARNL3	HGNC:25425
GARRE1	HGNC:29016
GARS1	HGNC:4162
GART	HGNC:4163
GAS1	HGNC:4165
GAS2	HGNC:4167
GAS2L1	HGNC:16955
GAS2L2	HGNC:24846
GAS2L3	HGNC:27475
GAS5	HGNC:16355
GAS6	HGNC:4168
GAS7	HGNC:4169
GASK1A	HGNC:24485
GASK1B	HGNC:25312
GAST	HGNC:4164
GATA1	HGNC:4170
GATA2	HGNC:4171
GATA3	HGNC:4172
GATA4	HGNC:4173
GATA5	HGNC:15802
GATA6	HGNC:4174
GATAD1	HGNC:29941
GATAD2A	HGNC:29989
GATAD2B	HGNC:30778
GATB	HGNC:8849
GATC	HGNC:25068
GATD1	HGNC:26616
GATD3	HGNC:1273
GATM	HGNC:4175
GBA1	HGNC:4177
GBA2	HGNC:18986
GBA3	HGNC:19069
GBE1	HGNC:4180
GBF1	HGNC:4181
GBGT1	HGNC:20460
GBP1	HGNC:4182
GBP2	HGNC:4183
GBP3	HGNC:4184
GBP4	HGNC:20480
GBP5	HGNC:19895
GBP6	HGNC:25395
GBP7	HGNC:29606
GBX1	HGNC:4185
GBX2	HGNC:4186
GC	HGNC:4187
GCA	HGNC:15990
GCAT	HGNC:4188
GCC1	HGNC:19095
GCC2	HGNC:23218
GCDH	HGNC:4189
GCFC2	HGNC:1317
GCG	HGNC:4191
GCGR	HGNC:4192
GCH1	HGNC:4193
GCHFR	HGNC:4194
GCK	HGNC:4195
GCKR	HGNC:4196
GCLC	HGNC:4311
GCLM	HGNC:4312
GCM1	HGNC:4197
GCM2	HGNC:4198
GCN1	HGNC:4199
GCNA	HGNC:15805
GCNT1	HGNC:4203
GCNT2	HGNC:4204
GCNT3	HGNC:4205
GCNT4	HGNC:17973
GCSAM	HGNC:20253
GCSAML	HGNC:29583
GCSH	HGNC:4208
GDA	HGNC:4212
GDAP1	HGNC:15968
GDAP1L1	HGNC:4213
GDAP2	HGNC:18010
GDE1	HGNC:29644
GDF1	HGNC:4214
GDF10	HGNC:4215
GDF11	HGNC:4216
GDF15	HGNC:30142
GDF2	HGNC:4217
GDF3	HGNC:4218
GDF5	HGNC:4220
GDF6	HGNC:4221
GDF7	HGNC:4222
GDF9	HGNC:4224
GDI1	HGNC:4226
GDI2	HGNC:4227
GDNF	HGNC:4232
GDPD1	HGNC:20883
GDPD2	HGNC:25974
GDPD3	HGNC:28638
GDPD4	HGNC:24849
GDPD5	HGNC:28804
GDPGP1	HGNC:34360
GEM	HGNC:4234
GEMIN2	HGNC:10884
GEMIN4	HGNC:15717
GEMIN5	HGNC:20043
GEMIN6	HGNC:20044
GEMIN7	HGNC:20045
GEMIN8	HGNC:26044
GEN1	HGNC:26881
GET1	HGNC:12790
GET3	HGNC:752
GET4	HGNC:21690
GFAP	HGNC:4235
GFER	HGNC:4236
GFI1	HGNC:4237
GFI1B	HGNC:4238
GFM1	HGNC:13780
GFM2	HGNC:29682
GFOD1	HGNC:21096
GFOD2	HGNC:28159
GFPT1	HGNC:4241
GFPT2	HGNC:4242
GFRA1	HGNC:4243
GFRA2	HGNC:4244
GFRA3	HGNC:4245
GFRA4	HGNC:13821
GFRAL	HGNC:32789
GFUS	HGNC:12390
GFY	HGNC:44663
GGA1	HGNC:17842
GGA2	HGNC:16064
GGA3	HGNC:17079
GGACT	HGNC:25100
GGCT	HGNC:21705
GGCX	HGNC:4247
GGH	HGNC:4248
GGN	HGNC:18869
GGNBP2	HGNC:19357
GGPS1	HGNC:4249
GGT1	HGNC:4250
GGT5	HGNC:4260
GGT6	HGNC:26891
GGT7	HGNC:4259
GGTA1	HGNC:4253
GGTLC1	HGNC:16437
GGTLC2	HGNC:18596
GGTLC3	HGNC:33426
GH1	HGNC:4261
GH2	HGNC:4262
GHDC	HGNC:24438
GHITM	HGNC:17281
GHR	HGNC:4263
GHRH	HGNC:4265
GHRHR	HGNC:4266
GHRL	HGNC:18129
GHSR	HGNC:4267
GID4	HGNC:28453
GID8	HGNC:15857
GIGYF1	HGNC:9126
GIGYF2	HGNC:11960
GIMAP1	HGNC:23237
GIMAP2	HGNC:21789
GIMAP4	HGNC:21872
GIMAP5	HGNC:18005
GIMAP6	HGNC:21918
GIMAP7	HGNC:22404
GIMAP8	HGNC:21792
GIMD1	HGNC:44141
GIN1	HGNC:25959
GINM1	HGNC:21074
GINS1	HGNC:28980
GINS2	HGNC:24575
GINS3	HGNC:25851
GINS4	HGNC:28226
GIP	HGNC:4270
GIPC1	HGNC:1226
GIPC2	HGNC:18177
GIPC3	HGNC:18183
GIPR	HGNC:4271
GIT1	HGNC:4272
GIT2	HGNC:4273
GJA1	HGNC:4274
GJA10	HGNC:16995
GJA3	HGNC:4277
GJA4	HGNC:4278
GJA5	HGNC:4279
GJA8	HGNC:4281
GJA9	HGNC:19155
GJB1	HGNC:4283
GJB2	HGNC:4284
GJB3	HGNC:4285
GJB4	HGNC:4286
GJB5	HGNC:4287
GJB6	HGNC:4288
GJB7	HGNC:16690
GJC1	HGNC:4280
GJC2	HGNC:17494
GJC3	HGNC:17495
GJD2	HGNC:19154
GJD3	HGNC:19147
GJD4	HGNC:23296
GJE1	HGNC:33251
GK	HGNC:4289
GK2	HGNC:4291
GK3	HGNC:4292
GK5	HGNC:28635
GKAP1	HGNC:17496
GKN1	HGNC:23217
GKN2	HGNC:24588
GLA	HGNC:4296
GLB1	HGNC:4298
GLB1L	HGNC:28129
GLB1L2	HGNC:25129
GLB1L3	HGNC:25147
GLCCI1	HGNC:18713
GLCE	HGNC:17855
GLDC	HGNC:4313
GLDN	HGNC:29514
GLE1	HGNC:4315
GLG1	HGNC:4316
GLI1	HGNC:4317
GLI2	HGNC:4318
GLI3	HGNC:4319
GLI4	HGNC:4320
GLIPR1	HGNC:17001
GLIPR1L1	HGNC:28392
GLIPR1L2	HGNC:28592
GLIPR2	HGNC:18007
GLIS1	HGNC:29525
GLIS2	HGNC:29450
GLIS3	HGNC:28510
GLMN	HGNC:14373
GLMP	HGNC:29436
GLO1	HGNC:4323
GLOD4	HGNC:14111
GLOD5	HGNC:33358
GLP1R	HGNC:4324
GLP2R	HGNC:4325
GLRA1	HGNC:4326
GLRA2	HGNC:4327
GLRA3	HGNC:4328
GLRB	HGNC:4329
GLRX	HGNC:4330
GLRX2	HGNC:16065
GLRX3	HGNC:15987
GLRX5	HGNC:20134
GLS	HGNC:4331
GLS2	HGNC:29570
GLT1D1	HGNC:26483
GLT6D1	HGNC:23671
GLT8D1	HGNC:24870
GLT8D2	HGNC:24890
GLTP	HGNC:24867
GLTPD2	HGNC:33756
GLUD1	HGNC:4335
GLUD2	HGNC:4336
GLUL	HGNC:4341
GLYAT	HGNC:13734
GLYATL1	HGNC:30519
GLYATL1B	HGNC:37865
GLYATL2	HGNC:24178
GLYATL3	HGNC:21349
GLYCTK	HGNC:24247
GLYR1	HGNC:24434
GM2A	HGNC:4367
GMCL1	HGNC:23843
GMCL2	HGNC:19717
GMDS	HGNC:4369
GMEB1	HGNC:4370
GMEB2	HGNC:4371
GMFB	HGNC:4373
GMFG	HGNC:4374
GMIP	HGNC:24852
GML	HGNC:4375
GMNC	HGNC:40049
GMNN	HGNC:17493
GMPPA	HGNC:22923
GMPPB	HGNC:22932
GMPR	HGNC:4376
GMPR2	HGNC:4377
GMPS	HGNC:4378
GNA11	HGNC:4379
GNA12	HGNC:4380
GNA13	HGNC:4381
GNA14	HGNC:4382
GNA15	HGNC:4383
GNAI1	HGNC:4384
GNAI2	HGNC:4385
GNAI3	HGNC:4387
GNAL	HGNC:4388
GNAO1	HGNC:4389
GNAQ	HGNC:4390
GNAS	HGNC:4392
GNAS-AS1	HGNC:24872
GNAT1	HGNC:4393
GNAT2	HGNC:4394
GNAT3	HGNC:22800
GNAZ	HGNC:4395
GNB1	HGNC:4396
GNB1L	HGNC:4397
GNB2	HGNC:4398
GNB3	HGNC:4400
GNB4	HGNC:20731
GNB5	HGNC:4401
GNE	HGNC:23657
GNG10	HGNC:4402
GNG11	HGNC:4403
GNG12	HGNC:19663
GNG13	HGNC:14131
GNG14	HGNC:53439
GNG2	HGNC:4404
GNG3	HGNC:4405
GNG4	HGNC:4407
GNG5	HGNC:4408
GNG5B	HGNC:24826
GNG7	HGNC:4410
GNG8	HGNC:19664
GNGT1	HGNC:4411
GNGT2	HGNC:4412
GNL1	HGNC:4413
GNL2	HGNC:29925
GNL3	HGNC:29931
GNL3L	HGNC:25553
GNLY	HGNC:4414
GNMT	HGNC:4415
GNPAT	HGNC:4416
GNPDA1	HGNC:4417
GNPDA2	HGNC:21526
GNPNAT1	HGNC:19980
GNPTAB	HGNC:29670
GNPTG	HGNC:23026
GNRH1	HGNC:4419
GNRH2	HGNC:4420
GNRHR	HGNC:4421
GNS	HGNC:4422
GOLGA1	HGNC:4424
GOLGA2	HGNC:4425
GOLGA3	HGNC:4426
GOLGA4	HGNC:4427
GOLGA5	HGNC:4428
GOLGA6A	HGNC:13567
GOLGA6B	HGNC:32205
GOLGA6C	HGNC:32206
GOLGA6D	HGNC:32204
GOLGA6L1	HGNC:37444
GOLGA6L10	HGNC:37228
GOLGA6L2	HGNC:26695
GOLGA6L22	HGNC:50289
GOLGA6L24	HGNC:55710
GOLGA6L25	HGNC:55711
GOLGA6L26	HGNC:56306
GOLGA6L4	HGNC:27256
GOLGA6L6	HGNC:37225
GOLGA6L7	HGNC:37442
GOLGA6L9	HGNC:37229
GOLGA7	HGNC:24876
GOLGA7B	HGNC:31668
GOLGA8A	HGNC:31972
GOLGA8B	HGNC:31973
GOLGA8F	HGNC:32378
GOLGA8G	HGNC:25328
GOLGA8H	HGNC:37443
GOLGA8J	HGNC:38650
GOLGA8K	HGNC:38652
GOLGA8M	HGNC:44404
GOLGA8N	HGNC:44405
GOLGA8O	HGNC:44406
GOLGA8Q	HGNC:44408
GOLGA8R	HGNC:44407
GOLGA8S	HGNC:44409
GOLGA8T	HGNC:44410
GOLGB1	HGNC:4429
GOLIM4	HGNC:15448
GOLM1	HGNC:15451
GOLM2	HGNC:24892
GOLPH3	HGNC:15452
GOLPH3L	HGNC:24882
GOLT1A	HGNC:24766
GOLT1B	HGNC:20175
GON4L	HGNC:25973
GON7	HGNC:20356
GOPC	HGNC:17643
GORAB	HGNC:25676
GORASP1	HGNC:16769
GORASP2	HGNC:17500
GOSR1	HGNC:4430
GOSR2	HGNC:4431
GOT1	HGNC:4432
GOT1L1	HGNC:28487
GOT2	HGNC:4433
GP1BA	HGNC:4439
GP1BB	HGNC:4440
GP2	HGNC:4441
GP5	HGNC:4443
GP6	HGNC:14388
GP9	HGNC:4444
GPA33	HGNC:4445
GPAA1	HGNC:4446
GPALPP1	HGNC:20298
GPAM	HGNC:24865
GPANK1	HGNC:13920
GPAT2	HGNC:27168
GPAT3	HGNC:28157
GPAT4	HGNC:20880
GPATCH1	HGNC:24658
GPATCH11	HGNC:26768
GPATCH2	HGNC:25499
GPATCH2L	HGNC:20210
GPATCH3	HGNC:25720
GPATCH4	HGNC:25982
GPATCH8	HGNC:29066
GPBAR1	HGNC:19680
GPBP1	HGNC:29520
GPBP1L1	HGNC:28843
GPC1	HGNC:4449
GPC2	HGNC:4450
GPC3	HGNC:4451
GPC4	HGNC:4452
GPC5	HGNC:4453
GPC6	HGNC:4454
GPCPD1	HGNC:26957
GPD1	HGNC:4455
GPD1L	HGNC:28956
GPD2	HGNC:4456
GPER1	HGNC:4485
GPHA2	HGNC:18054
GPHB5	HGNC:18055
GPHN	HGNC:15465
GPI	HGNC:4458
GPIHBP1	HGNC:24945
GPKOW	HGNC:30677
GPLD1	HGNC:4459
GPM6A	HGNC:4460
GPM6B	HGNC:4461
GPN1	HGNC:17030
GPN2	HGNC:25513
GPN3	HGNC:30186
GPNMB	HGNC:4462
GPR101	HGNC:14963
GPR107	HGNC:17830
GPR108	HGNC:17829
GPR119	HGNC:19060
GPR12	HGNC:4466
GPR132	HGNC:17482
GPR135	HGNC:19991
GPR137	HGNC:24300
GPR137B	HGNC:11862
GPR137C	HGNC:25445
GPR139	HGNC:19995
GPR141	HGNC:19997
GPR142	HGNC:20088
GPR143	HGNC:20145
GPR146	HGNC:21718
GPR148	HGNC:23623
GPR149	HGNC:23627
GPR15	HGNC:4469
GPR150	HGNC:23628
GPR151	HGNC:23624
GPR152	HGNC:23622
GPR153	HGNC:23618
GPR155	HGNC:22951
GPR156	HGNC:20844
GPR157	HGNC:23687
GPR158	HGNC:23689
GPR15LG	HGNC:31428
GPR160	HGNC:23693
GPR161	HGNC:23694
GPR162	HGNC:16693
GPR17	HGNC:4471
GPR171	HGNC:30057
GPR173	HGNC:18186
GPR174	HGNC:30245
GPR176	HGNC:32370
GPR179	HGNC:31371
GPR18	HGNC:4472
GPR180	HGNC:28899
GPR183	HGNC:3128
GPR19	HGNC:4473
GPR20	HGNC:4475
GPR21	HGNC:4476
GPR22	HGNC:4477
GPR25	HGNC:4480
GPR26	HGNC:4481
GPR27	HGNC:4482
GPR3	HGNC:4484
GPR31	HGNC:4486
GPR32	HGNC:4487
GPR33	HGNC:4489
GPR34	HGNC:4490
GPR35	HGNC:4492
GPR37	HGNC:4494
GPR37L1	HGNC:14923
GPR39	HGNC:4496
GPR4	HGNC:4497
GPR42	HGNC:4500
GPR45	HGNC:4503
GPR50	HGNC:4506
GPR52	HGNC:4508
GPR55	HGNC:4511
GPR6	HGNC:4515
GPR61	HGNC:13300
GPR62	HGNC:13301
GPR63	HGNC:13302
GPR65	HGNC:4517
GPR68	HGNC:4519
GPR75	HGNC:4526
GPR78	HGNC:4528
GPR82	HGNC:4533
GPR83	HGNC:4523
GPR84	HGNC:4535
GPR85	HGNC:4536
GPR87	HGNC:4538
GPR88	HGNC:4539
GPR89A	HGNC:31984
GPR89B	HGNC:13840
GPRASP1	HGNC:24834
GPRASP2	HGNC:25169
GPRASP3	HGNC:29353
GPRC5A	HGNC:9836
GPRC5B	HGNC:13308
GPRC5C	HGNC:13309
GPRC5D	HGNC:13310
GPRC6A	HGNC:18510
GPRIN1	HGNC:24835
GPRIN2	HGNC:23730
GPRIN3	HGNC:27733
GPS1	HGNC:4549
GPS2	HGNC:4550
GPSM1	HGNC:17858
GPSM2	HGNC:29501
GPSM3	HGNC:13945
GPT	HGNC:4552
GPT2	HGNC:18062
GPX1	HGNC:4553
GPX2	HGNC:4554
GPX3	HGNC:4555
GPX4	HGNC:4556
GPX5	HGNC:4557
GPX6	HGNC:4558
GPX7	HGNC:4559
GPX8	HGNC:33100
GRAMD1A	HGNC:29305
GRAMD1B	HGNC:29214
GRAMD1C	HGNC:25252
GRAMD2A	HGNC:27287
GRAMD2B	HGNC:24911
GRAMD4	HGNC:29113
GRAP	HGNC:4562
GRAP2	HGNC:4563
GRAPL	HGNC:37240
GRB10	HGNC:4564
GRB14	HGNC:4565
GRB2	HGNC:4566
GRB7	HGNC:4567
GREB1	HGNC:24885
GREB1L	HGNC:31042
GREM1	HGNC:2001
GREM2	HGNC:17655
GREP1	HGNC:27549
GRHL1	HGNC:17923
GRHL2	HGNC:2799
GRHL3	HGNC:25839
GRHPR	HGNC:4570
GRIA1	HGNC:4571
GRIA2	HGNC:4572
GRIA3	HGNC:4573
GRIA4	HGNC:4574
GRID1	HGNC:4575
GRID2	HGNC:4576
GRID2IP	HGNC:18464
GRIFIN	HGNC:4577
GRIK1	HGNC:4579
GRIK2	HGNC:4580
GRIK3	HGNC:4581
GRIK4	HGNC:4582
GRIK5	HGNC:4583
GRIN1	HGNC:4584
GRIN2A	HGNC:4585
GRIN2B	HGNC:4586
GRIN2C	HGNC:4587
GRIN2D	HGNC:4588
GRIN3A	HGNC:16767
GRIN3B	HGNC:16768
GRINA	HGNC:4589
GRIP1	HGNC:18708
GRIP2	HGNC:23841
GRIPAP1	HGNC:18706
GRK1	HGNC:10013
GRK2	HGNC:289
GRK3	HGNC:290
GRK4	HGNC:4543
GRK5	HGNC:4544
GRK6	HGNC:4545
GRK7	HGNC:17031
GRM1	HGNC:4593
GRM2	HGNC:4594
GRM3	HGNC:4595
GRM4	HGNC:4596
GRM5	HGNC:4597
GRM6	HGNC:4598
GRM7	HGNC:4599
GRM8	HGNC:4600
GRN	HGNC:4601
GRP	HGNC:4605
GRPEL1	HGNC:19696
GRPEL2	HGNC:21060
GRPR	HGNC:4609
GRSF1	HGNC:4610
GRTP1	HGNC:20310
GRWD1	HGNC:21270
GRXCR1	HGNC:31673
GRXCR2	HGNC:33862
GSAP	HGNC:28042
GSC	HGNC:4612
GSC2	HGNC:4613
GSDMA	HGNC:13311
GSDMB	HGNC:23690
GSDMC	HGNC:7151
GSDMD	HGNC:25697
GSDME	HGNC:2810
GSE1	HGNC:28979
GSG1	HGNC:19716
GSG1L	HGNC:28283
GSG1L2	HGNC:51826
GSK3A	HGNC:4616
GSK3B	HGNC:4617
GSKIP	HGNC:20343
GSN	HGNC:4620
GSPT1	HGNC:4621
GSPT2	HGNC:4622
GSR	HGNC:4623
GSS	HGNC:4624
GSTA1	HGNC:4626
GSTA2	HGNC:4627
GSTA3	HGNC:4628
GSTA4	HGNC:4629
GSTA5	HGNC:19662
GSTCD	HGNC:25806
GSTK1	HGNC:16906
GSTM1	HGNC:4632
GSTM2	HGNC:4634
GSTM3	HGNC:4635
GSTM4	HGNC:4636
GSTM5	HGNC:4637
GSTO1	HGNC:13312
GSTO2	HGNC:23064
GSTP1	HGNC:4638
GSTT1	HGNC:4641
GSTT2	HGNC:4642
GSTT2B	HGNC:33437
GSTT4	HGNC:26930
GSTZ1	HGNC:4643
GSX1	HGNC:20374
GSX2	HGNC:24959
GTF2A1	HGNC:4646
GTF2A1L	HGNC:30727
GTF2A2	HGNC:4647
GTF2B	HGNC:4648
GTF2E1	HGNC:4650
GTF2E2	HGNC:4651
GTF2F1	HGNC:4652
GTF2F2	HGNC:4653
GTF2H1	HGNC:4655
GTF2H2	HGNC:4656
GTF2H2C	HGNC:31394
GTF2H2C_2	HGNC:35418
GTF2H3	HGNC:4657
GTF2H4	HGNC:4658
GTF2H5	HGNC:21157
GTF2I	HGNC:4659
GTF2IRD1	HGNC:4661
GTF2IRD2	HGNC:30775
GTF2IRD2B	HGNC:33125
GTF3A	HGNC:4662
GTF3C1	HGNC:4664
GTF3C2	HGNC:4665
GTF3C3	HGNC:4666
GTF3C4	HGNC:4667
GTF3C5	HGNC:4668
GTF3C6	HGNC:20872
GTPBP1	HGNC:4669
GTPBP10	HGNC:25106
GTPBP2	HGNC:4670
GTPBP3	HGNC:14880
GTPBP4	HGNC:21535
GTPBP6	HGNC:30189
GTPBP8	HGNC:25007
GTSE1	HGNC:13698
GTSF1	HGNC:26565
GTSF1L	HGNC:16198
GUCA1A	HGNC:4678
GUCA1B	HGNC:4679
GUCA1C	HGNC:4680
GUCA2A	HGNC:4682
GUCA2B	HGNC:4683
GUCD1	HGNC:14237
GUCY1A1	HGNC:4685
GUCY1A2	HGNC:4684
GUCY1B1	HGNC:4687
GUCY2C	HGNC:4688
GUCY2D	HGNC:4689
GUCY2F	HGNC:4691
GUF1	HGNC:25799
GUK1	HGNC:4693
GULP1	HGNC:18649
GUSB	HGNC:4696
GVQW3	HGNC:51239
GXYLT1	HGNC:27482
GXYLT2	HGNC:33383
GYG1	HGNC:4699
GYG2	HGNC:4700
GYPA	HGNC:4702
GYPB	HGNC:4703
GYPC	HGNC:4704
GYPE	HGNC:4705
GYS1	HGNC:4706
GYS2	HGNC:4707
GZF1	HGNC:15808
GZMA	HGNC:4708
GZMB	HGNC:4709
GZMH	HGNC:4710
GZMK	HGNC:4711
GZMM	HGNC:4712
H1-0	HGNC:4714
H1-1	HGNC:4715
H1-10	HGNC:4722
H1-2	HGNC:4716
H1-3	HGNC:4717
H1-4	HGNC:4718
H1-5	HGNC:4719
H1-6	HGNC:4720
H1-7	HGNC:24893
H1-8	HGNC:18463
H19	HGNC:4713
H2AB1	HGNC:22516
H2AB2	HGNC:18298
H2AB3	HGNC:14455
H2AC1	HGNC:18729
H2AC11	HGNC:4737
H2AC12	HGNC:13671
H2AC13	HGNC:4725
H2AC14	HGNC:4727
H2AC15	HGNC:4726
H2AC16	HGNC:4730
H2AC17	HGNC:4735
H2AC18	HGNC:4736
H2AC19	HGNC:29668
H2AC20	HGNC:4738
H2AC21	HGNC:20508
H2AC25	HGNC:20507
H2AC4	HGNC:4734
H2AC6	HGNC:4733
H2AC7	HGNC:4729
H2AC8	HGNC:4724
H2AJ	HGNC:14456
H2AL3	HGNC:53960
H2AP	HGNC:18417
H2AX	HGNC:4739
H2AZ1	HGNC:4741
H2AZ2	HGNC:20664
H2BC1	HGNC:18730
H2BC10	HGNC:4756
H2BC11	HGNC:4761
H2BC12	HGNC:13954
H2BC12L	HGNC:4762
H2BC13	HGNC:4748
H2BC14	HGNC:4750
H2BC15	HGNC:4749
H2BC17	HGNC:4758
H2BC18	HGNC:24700
H2BC21	HGNC:4760
H2BC26	HGNC:20514
H2BC3	HGNC:4751
H2BC4	HGNC:4757
H2BC5	HGNC:4747
H2BC6	HGNC:4753
H2BC7	HGNC:4752
H2BC8	HGNC:4746
H2BC9	HGNC:4755
H2BK1	HGNC:53833
H2BN1	HGNC:56200
H2BW1	HGNC:27252
H2BW2	HGNC:27867
H3-3A	HGNC:4764
H3-3B	HGNC:4765
H3-4	HGNC:4778
H3-5	HGNC:33164
H3-7	HGNC:32060
H3C1	HGNC:4766
H3C10	HGNC:4775
H3C11	HGNC:4771
H3C12	HGNC:4774
H3C13	HGNC:25311
H3C14	HGNC:20503
H3C15	HGNC:20505
H3C2	HGNC:4776
H3C3	HGNC:4768
H3C4	HGNC:4767
H3C6	HGNC:4769
H3C7	HGNC:4773
H3C8	HGNC:4772
H3Y1	HGNC:43735
H3Y2	HGNC:43734
H4C1	HGNC:4781
H4C11	HGNC:4785
H4C12	HGNC:4784
H4C13	HGNC:4791
H4C14	HGNC:4794
H4C15	HGNC:29607
H4C16	HGNC:20510
H4C2	HGNC:4789
H4C3	HGNC:4787
H4C4	HGNC:4782
H4C5	HGNC:4790
H4C6	HGNC:4783
H4C7	HGNC:4792
H4C8	HGNC:4788
H4C9	HGNC:4793
H6PD	HGNC:4795
HAAO	HGNC:4796
HABP2	HGNC:4798
HABP4	HGNC:17062
HACD1	HGNC:9639
HACD2	HGNC:9640
HACD3	HGNC:24175
HACD4	HGNC:20920
HACE1	HGNC:21033
HACL1	HGNC:17856
HACL2	HGNC:6041
HADH	HGNC:4799
HADHA	HGNC:4801
HADHB	HGNC:4803
HAGH	HGNC:4805
HAGHL	HGNC:14177
HAL	HGNC:4806
HAMP	HGNC:15598
HAND1	HGNC:4807
HAND2	HGNC:4808
HAO1	HGNC:4809
HAO2	HGNC:4810
HAP1	HGNC:4812
HAPLN1	HGNC:2380
HAPLN2	HGNC:17410
HAPLN3	HGNC:21446
HAPLN4	HGNC:31357
HAPSTR1	HGNC:30103
HAPSTR2	HGNC:55138
HARBI1	HGNC:26522
HARS1	HGNC:4816
HARS2	HGNC:4817
HAS1	HGNC:4818
HAS2	HGNC:4819
HAS3	HGNC:4820
HASPIN	HGNC:19682
HAT1	HGNC:4821
HAUS1	HGNC:25174
HAUS2	HGNC:25530
HAUS3	HGNC:28719
HAUS4	HGNC:20163
HAUS5	HGNC:29130
HAUS6	HGNC:25948
HAUS7	HGNC:32979
HAUS8	HGNC:30532
HAVCR1	HGNC:17866
HAVCR2	HGNC:18437
HAX1	HGNC:16915
HBA1	HGNC:4823
HBA2	HGNC:4824
HBB	HGNC:4827
HBD	HGNC:4829
HBE1	HGNC:4830
HBEGF	HGNC:3059
HBG1	HGNC:4831
HBG2	HGNC:4832
HBM	HGNC:4826
HBP1	HGNC:23200
HBQ1	HGNC:4833
HBS1L	HGNC:4834
HBZ	HGNC:4835
HCAR1	HGNC:4532
HCAR2	HGNC:24827
HCAR3	HGNC:16824
HCCS	HGNC:4837
HCFC1	HGNC:4839
HCFC1R1	HGNC:21198
HCFC2	HGNC:24972
HCK	HGNC:4840
HCLS1	HGNC:4844
HCN1	HGNC:4845
HCN2	HGNC:4846
HCN3	HGNC:19183
HCN4	HGNC:16882
HCRT	HGNC:4847
HCRTR1	HGNC:4848
HCRTR2	HGNC:4849
HCST	HGNC:16977
HDAC1	HGNC:4852
HDAC10	HGNC:18128
HDAC11	HGNC:19086
HDAC2	HGNC:4853
HDAC3	HGNC:4854
HDAC4	HGNC:14063
HDAC5	HGNC:14068
HDAC6	HGNC:14064
HDAC7	HGNC:14067
HDAC8	HGNC:13315
HDAC9	HGNC:14065
HDC	HGNC:4855
HDDC2	HGNC:21078
HDDC3	HGNC:30522
HDGF	HGNC:4856
HDGFL1	HGNC:21095
HDGFL2	HGNC:14680
HDGFL3	HGNC:24937
HDHD2	HGNC:25364
HDHD3	HGNC:28171
HDHD5	HGNC:1843
HDLBP	HGNC:4857
HDX	HGNC:26411
HEATR1	HGNC:25517
HEATR3	HGNC:26087
HEATR4	HGNC:16761
HEATR5A	HGNC:20276
HEATR5B	HGNC:29273
HEATR6	HGNC:24076
HEATR9	HGNC:26548
HEBP1	HGNC:17176
HEBP2	HGNC:15716
HECA	HGNC:21041
HECTD1	HGNC:20157
HECTD2	HGNC:26736
HECTD3	HGNC:26117
HECTD4	HGNC:26611
HECW1	HGNC:22195
HECW2	HGNC:29853
HEG1	HGNC:29227
HELB	HGNC:17196
HELLS	HGNC:4861
HELQ	HGNC:18536
HELT	HGNC:33783
HELZ	HGNC:16878
HELZ2	HGNC:30021
HEMGN	HGNC:17509
HEMK1	HGNC:24923
HEMK2	HGNC:16021
HENMT1	HGNC:26400
HEPACAM	HGNC:26361
HEPACAM2	HGNC:27364
HEPH	HGNC:4866
HEPHL1	HGNC:30477
HEPN1	HGNC:34400
HERC1	HGNC:4867
HERC2	HGNC:4868
HERC3	HGNC:4876
HERC4	HGNC:24521
HERC5	HGNC:24368
HERC6	HGNC:26072
HERPUD1	HGNC:13744
HERPUD2	HGNC:21915
HES1	HGNC:5192
HES2	HGNC:16005
HES3	HGNC:26226
HES4	HGNC:24149
HES5	HGNC:19764
HES6	HGNC:18254
HES7	HGNC:15977
HESX1	HGNC:4877
HEXA	HGNC:4878
HEXB	HGNC:4879
HEXD	HGNC:26307
HEXIM1	HGNC:24953
HEXIM2	HGNC:28591
HEY1	HGNC:4880
HEY2	HGNC:4881
HEYL	HGNC:4882
HFE	HGNC:4886
HFM1	HGNC:20193
HGD	HGNC:4892
HGF	HGNC:4893
HGFAC	HGNC:4894
HGH1	HGNC:24161
HGS	HGNC:4897
HGSNAT	HGNC:26527
HHAT	HGNC:18270
HHATL	HGNC:13242
HHEX	HGNC:4901
HHIP	HGNC:14866
HHIPL1	HGNC:19710
HHIPL2	HGNC:25842
HHLA1	HGNC:4904
HHLA2	HGNC:4905
HIBADH	HGNC:4907
HIBCH	HGNC:4908
HIC1	HGNC:4909
HIC2	HGNC:18595
HID1	HGNC:15736
HIF1A	HGNC:4910
HIF1AN	HGNC:17113
HIF3A	HGNC:15825
HIGD1A	HGNC:29527
HIGD1B	HGNC:24318
HIGD1C	HGNC:28044
HIGD2A	HGNC:28311
HIGD2B	HGNC:26984
HIKESHI	HGNC:26938
HILPDA	HGNC:28859
HINFP	HGNC:17850
HINT1	HGNC:4912
HINT2	HGNC:18344
HINT3	HGNC:18468
HIP1	HGNC:4913
HIP1R	HGNC:18415
HIPK1	HGNC:19006
HIPK2	HGNC:14402
HIPK3	HGNC:4915
HIPK4	HGNC:19007
HIRA	HGNC:4916
HIRIP3	HGNC:4917
HIVEP1	HGNC:4920
HIVEP2	HGNC:4921
HIVEP3	HGNC:13561
HJURP	HGNC:25444
HJV	HGNC:4887
HK1	HGNC:4922
HK2	HGNC:4923
HK3	HGNC:4925
HKDC1	HGNC:23302
HLA-A	HGNC:4931
HLA-B	HGNC:4932
HLA-C	HGNC:4933
HLA-DMA	HGNC:4934
HLA-DMB	HGNC:4935
HLA-DOA	HGNC:4936
HLA-DOB	HGNC:4937
HLA-DPA1	HGNC:4938
HLA-DPB1	HGNC:4940
HLA-DQA1	HGNC:4942
HLA-DQA2	HGNC:4943
HLA-DQB1	HGNC:4944
HLA-DQB2	HGNC:4945
HLA-DRA	HGNC:4947
HLA-DRB1	HGNC:4948
HLA-DRB3	HGNC:4951
HLA-DRB4	HGNC:4952
HLA-DRB5	HGNC:4953
HLA-E	HGNC:4962
HLA-F	HGNC:4963
HLA-G	HGNC:4964
HLCS	HGNC:4976
HLF	HGNC:4977
HLTF	HGNC:11099
HLX	HGNC:4978
HM13	HGNC:16435
HMBOX1	HGNC:26137
HMBS	HGNC:4982
HMCES	HGNC:24446
HMCN1	HGNC:19194
HMCN2	HGNC:21293
HMG20A	HGNC:5001
HMG20B	HGNC:5002
HMGA1	HGNC:5010
HMGA2	HGNC:5009
HMGB1	HGNC:4983
HMGB2	HGNC:5000
HMGB3	HGNC:5004
HMGB4	HGNC:24954
HMGCL	HGNC:5005
HMGCLL1	HGNC:21359
HMGCR	HGNC:5006
HMGCS1	HGNC:5007
HMGCS2	HGNC:5008
HMGN1	HGNC:4984
HMGN2	HGNC:4986
HMGN3	HGNC:12312
HMGN4	HGNC:4989
HMGN5	HGNC:8013
HMGXB3	HGNC:28982
HMGXB4	HGNC:5003
HMHB1	HGNC:29677
HMMR	HGNC:5012
HMOX1	HGNC:5013
HMOX2	HGNC:5014
HMSD	HGNC:23037
HMX1	HGNC:5017
HMX2	HGNC:5018
HMX3	HGNC:5019
HNF1A	HGNC:11621
HNF1B	HGNC:11630
HNF4A	HGNC:5024
HNF4G	HGNC:5026
HNMT	HGNC:5028
HNRNPA0	HGNC:5030
HNRNPA1	HGNC:5031
HNRNPA1L2	HGNC:27067
HNRNPA1L3	HGNC:48778
HNRNPA2B1	HGNC:5033
HNRNPA3	HGNC:24941
HNRNPAB	HGNC:5034
HNRNPC	HGNC:5035
HNRNPCL1	HGNC:29295
HNRNPCL2	HGNC:48813
HNRNPCL3	HGNC:51235
HNRNPCL4	HGNC:51333
HNRNPD	HGNC:5036
HNRNPDL	HGNC:5037
HNRNPF	HGNC:5039
HNRNPH1	HGNC:5041
HNRNPH2	HGNC:5042
HNRNPH3	HGNC:5043
HNRNPK	HGNC:5044
HNRNPL	HGNC:5045
HNRNPLL	HGNC:25127
HNRNPM	HGNC:5046
HNRNPR	HGNC:5047
HNRNPU	HGNC:5048
HNRNPUL1	HGNC:17011
HNRNPUL2	HGNC:25451
HOATZ	HGNC:25061
HOGA1	HGNC:25155
HOMER1	HGNC:17512
HOMER2	HGNC:17513
HOMER3	HGNC:17514
HOMEZ	HGNC:20164
HOOK1	HGNC:19884
HOOK2	HGNC:19885
HOOK3	HGNC:23576
HOPX	HGNC:24961
HORMAD1	HGNC:25245
HORMAD2	HGNC:28383
HOTAIR	HGNC:33510
HOXA1	HGNC:5099
HOXA10	HGNC:5100
HOXA11	HGNC:5101
HOXA13	HGNC:5102
HOXA2	HGNC:5103
HOXA3	HGNC:5104
HOXA4	HGNC:5105
HOXA5	HGNC:5106
HOXA6	HGNC:5107
HOXA7	HGNC:5108
HOXA9	HGNC:5109
HOXB1	HGNC:5111
HOXB13	HGNC:5112
HOXB2	HGNC:5113
HOXB3	HGNC:5114
HOXB4	HGNC:5115
HOXB5	HGNC:5116
HOXB6	HGNC:5117
HOXB7	HGNC:5118
HOXB8	HGNC:5119
HOXB9	HGNC:5120
HOXC10	HGNC:5122
HOXC11	HGNC:5123
HOXC12	HGNC:5124
HOXC13	HGNC:5125
HOXC4	HGNC:5126
HOXC5	HGNC:5127
HOXC6	HGNC:5128
HOXC8	HGNC:5129
HOXC9	HGNC:5130
HOXD1	HGNC:5132
HOXD10	HGNC:5133
HOXD11	HGNC:5134
HOXD12	HGNC:5135
HOXD13	HGNC:5136
HOXD3	HGNC:5137
HOXD4	HGNC:5138
HOXD8	HGNC:5139
HOXD9	HGNC:5140
HP	HGNC:5141
HP1BP3	HGNC:24973
HPCA	HGNC:5144
HPCAL1	HGNC:5145
HPCAL4	HGNC:18212
HPD	HGNC:5147
HPDL	HGNC:28242
HPF1	HGNC:26051
HPGD	HGNC:5154
HPGDS	HGNC:17890
HPN	HGNC:5155
HPR	HGNC:5156
HPRT1	HGNC:5157
HPS1	HGNC:5163
HPS3	HGNC:15597
HPS4	HGNC:15844
HPS5	HGNC:17022
HPS6	HGNC:18817
HPSE	HGNC:5164
HPSE2	HGNC:18374
HPX	HGNC:5171
HR	HGNC:5172
HRAS	HGNC:5173
HRC	HGNC:5178
HRCT1	HGNC:33872
HRG	HGNC:5181
HRH1	HGNC:5182
HRH2	HGNC:5183
HRH3	HGNC:5184
HRH4	HGNC:17383
HRK	HGNC:5185
HRNR	HGNC:20846
HROB	HGNC:28460
HRURF	HGNC:55085
HS1BP3	HGNC:24979
HS2ST1	HGNC:5193
HS3ST1	HGNC:5194
HS3ST2	HGNC:5195
HS3ST3A1	HGNC:5196
HS3ST3B1	HGNC:5198
HS3ST4	HGNC:5200
HS3ST5	HGNC:19419
HS3ST6	HGNC:14178
HS6ST1	HGNC:5201
HS6ST2	HGNC:19133
HS6ST3	HGNC:19134
HSBP1	HGNC:5203
HSBP1L1	HGNC:37243
HSCB	HGNC:28913
HSD11B1	HGNC:5208
HSD11B1L	HGNC:30419
HSD11B2	HGNC:5209
HSD17B1	HGNC:5210
HSD17B10	HGNC:4800
HSD17B11	HGNC:22960
HSD17B12	HGNC:18646
HSD17B13	HGNC:18685
HSD17B14	HGNC:23238
HSD17B2	HGNC:5211
HSD17B3	HGNC:5212
HSD17B4	HGNC:5213
HSD17B6	HGNC:23316
HSD17B7	HGNC:5215
HSD17B8	HGNC:3554
HSD3B1	HGNC:5217
HSD3B2	HGNC:5218
HSD3B7	HGNC:18324
HSDL1	HGNC:16475
HSDL2	HGNC:18572
HSF1	HGNC:5224
HSF2	HGNC:5225
HSF2BP	HGNC:5226
HSF4	HGNC:5227
HSF5	HGNC:26862
HSFX1	HGNC:29603
HSFX2	HGNC:32701
HSFX3	HGNC:52395
HSFX4	HGNC:52398
HSFY1	HGNC:18568
HSFY2	HGNC:23950
HSH2D	HGNC:24920
HSP90AA1	HGNC:5253
HSP90AB1	HGNC:5258
HSP90B1	HGNC:12028
HSPA12A	HGNC:19022
HSPA12B	HGNC:16193
HSPA13	HGNC:11375
HSPA14	HGNC:29526
HSPA1A	HGNC:5232
HSPA1B	HGNC:5233
HSPA1L	HGNC:5234
HSPA2	HGNC:5235
HSPA4	HGNC:5237
HSPA4L	HGNC:17041
HSPA5	HGNC:5238
HSPA6	HGNC:5239
HSPA8	HGNC:5241
HSPA9	HGNC:5244
HSPB1	HGNC:5246
HSPB2	HGNC:5247
HSPB3	HGNC:5248
HSPB6	HGNC:26511
HSPB7	HGNC:5249
HSPB8	HGNC:30171
HSPB9	HGNC:30589
HSPBAP1	HGNC:16389
HSPBP1	HGNC:24989
HSPD1	HGNC:5261
HSPE1	HGNC:5269
HSPG2	HGNC:5273
HSPH1	HGNC:16969
HTATIP2	HGNC:16637
HTATSF1	HGNC:5276
HTD2	HGNC:53111
HTN1	HGNC:5283
HTN3	HGNC:5284
HTR1A	HGNC:5286
HTR1B	HGNC:5287
HTR1D	HGNC:5289
HTR1E	HGNC:5291
HTR1F	HGNC:5292
HTR2A	HGNC:5293
HTR2B	HGNC:5294
HTR2C	HGNC:5295
HTR3A	HGNC:5297
HTR3B	HGNC:5298
HTR3C	HGNC:24003
HTR3D	HGNC:24004
HTR3E	HGNC:24005
HTR4	HGNC:5299
HTR5A	HGNC:5300
HTR6	HGNC:5301
HTR7	HGNC:5302
HTRA1	HGNC:9476
HTRA2	HGNC:14348
HTRA3	HGNC:30406
HTRA4	HGNC:26909
HTT	HGNC:4851
HTT-AS	HGNC:37118
HULC	HGNC:34232
HUNK	HGNC:13326
HUS1	HGNC:5309
HUS1B	HGNC:16485
HUWE1	HGNC:30892
HVCN1	HGNC:28240
HYAL1	HGNC:5320
HYAL2	HGNC:5321
HYAL3	HGNC:5322
HYAL4	HGNC:5323
HYCC1	HGNC:24587
HYCC2	HGNC:28593
HYDIN	HGNC:19368
HYI	HGNC:26948
HYKK	HGNC:34403
HYLS1	HGNC:26558
HYOU1	HGNC:16931
HYPK	HGNC:18418
IAH1	HGNC:27696
IAPP	HGNC:5329
IARS1	HGNC:5330
IARS2	HGNC:29685
IBA57	HGNC:27302
IBSP	HGNC:5341
IBTK	HGNC:17853
ICA1	HGNC:5343
ICA1L	HGNC:14442
ICAM1	HGNC:5344
ICAM2	HGNC:5345
ICAM3	HGNC:5346
ICAM4	HGNC:5347
ICAM5	HGNC:5348
ICE1	HGNC:29154
ICE2	HGNC:29885
ICMT	HGNC:5350
ICOS	HGNC:5351
ICOSLG	HGNC:17087
ID1	HGNC:5360
ID2	HGNC:5361
ID3	HGNC:5362
ID4	HGNC:5363
IDE	HGNC:5381
IDH1	HGNC:5382
IDH2	HGNC:5383
IDH3A	HGNC:5384
IDH3B	HGNC:5385
IDH3G	HGNC:5386
IDI1	HGNC:5387
IDI2	HGNC:23487
IDNK	HGNC:31367
IDO1	HGNC:6059
IDO2	HGNC:27269
IDS	HGNC:5389
IDUA	HGNC:5391
IER2	HGNC:28871
IER3	HGNC:5392
IER3IP1	HGNC:18550
IER5	HGNC:5393
IER5L	HGNC:23679
IFFO1	HGNC:24970
IFFO2	HGNC:27006
IFI16	HGNC:5395
IFI27	HGNC:5397
IFI27L1	HGNC:19754
IFI27L2	HGNC:19753
IFI30	HGNC:5398
IFI35	HGNC:5399
IFI44	HGNC:16938
IFI44L	HGNC:17817
IFI6	HGNC:4054
IFIH1	HGNC:18873
IFIT1	HGNC:5407
IFIT1B	HGNC:23442
IFIT2	HGNC:5409
IFIT3	HGNC:5411
IFIT5	HGNC:13328
IFITM1	HGNC:5412
IFITM10	HGNC:40022
IFITM2	HGNC:5413
IFITM3	HGNC:5414
IFITM5	HGNC:16644
IFNA1	HGNC:5417
IFNA10	HGNC:5418
IFNA13	HGNC:5419
IFNA14	HGNC:5420
IFNA16	HGNC:5421
IFNA17	HGNC:5422
IFNA2	HGNC:5423
IFNA21	HGNC:5424
IFNA4	HGNC:5425
IFNA5	HGNC:5426
IFNA6	HGNC:5427
IFNA7	HGNC:5428
IFNA8	HGNC:5429
IFNAR1	HGNC:5432
IFNAR2	HGNC:5433
IFNB1	HGNC:5434
IFNE	HGNC:18163
IFNG	HGNC:5438
IFNG-AS1	HGNC:43910
IFNGR1	HGNC:5439
IFNGR2	HGNC:5440
IFNK	HGNC:21714
IFNL1	HGNC:18363
IFNL2	HGNC:18364
IFNL3	HGNC:18365
IFNL4	HGNC:44480
IFNLR1	HGNC:18584
IFNW1	HGNC:5448
IFRD1	HGNC:5456
IFRD2	HGNC:5457
IFT122	HGNC:13556
IFT140	HGNC:29077
IFT172	HGNC:30391
IFT20	HGNC:30989
IFT22	HGNC:21895
IFT25	HGNC:25019
IFT27	HGNC:18626
IFT43	HGNC:29669
IFT46	HGNC:26146
IFT52	HGNC:15901
IFT56	HGNC:21882
IFT57	HGNC:17367
IFT70A	HGNC:25853
IFT70B	HGNC:26425
IFT74	HGNC:21424
IFT80	HGNC:29262
IFT81	HGNC:14313
IFT88	HGNC:20606
IFTAP	HGNC:25142
IGBP1	HGNC:5461
IGBP1C	HGNC:43611
IGDCC3	HGNC:9700
IGDCC4	HGNC:13770
IGF1	HGNC:5464
IGF1R	HGNC:5465
IGF2	HGNC:5466
IGF2BP1	HGNC:28866
IGF2BP2	HGNC:28867
IGF2BP3	HGNC:28868
IGF2R	HGNC:5467
IGFALS	HGNC:5468
IGFBP1	HGNC:5469
IGFBP2	HGNC:5471
IGFBP3	HGNC:5472
IGFBP4	HGNC:5473
IGFBP5	HGNC:5474
IGFBP6	HGNC:5475
IGFBP7	HGNC:5476
IGFBPL1	HGNC:20081
IGFL1	HGNC:24093
IGFL2	HGNC:32929
IGFL3	HGNC:32930
IGFL4	HGNC:32931
IGFLR1	HGNC:23620
IGFN1	HGNC:24607
IGHMBP2	HGNC:5542
IGIP	HGNC:33847
IGLL1	HGNC:5870
IGLL5	HGNC:38476
IGLON5	HGNC:34550
IGSF1	HGNC:5948
IGSF10	HGNC:26384
IGSF11	HGNC:16669
IGSF21	HGNC:28246
IGSF22	HGNC:26750
IGSF23	HGNC:40040
IGSF3	HGNC:5950
IGSF5	HGNC:5952
IGSF6	HGNC:5953
IGSF8	HGNC:17813
IGSF9	HGNC:18132
IGSF9B	HGNC:32326
IHH	HGNC:5956
IHO1	HGNC:27945
IK	HGNC:5958
IKBIP	HGNC:26430
IKBKB	HGNC:5960
IKBKB-DT	HGNC:55254
IKBKE	HGNC:14552
IKBKG	HGNC:5961
IKZF1	HGNC:13176
IKZF2	HGNC:13177
IKZF3	HGNC:13178
IKZF4	HGNC:13179
IKZF5	HGNC:14283
IL10	HGNC:5962
IL10RA	HGNC:5964
IL10RB	HGNC:5965
IL11	HGNC:5966
IL11RA	HGNC:5967
IL12A	HGNC:5969
IL12B	HGNC:5970
IL12RB1	HGNC:5971
IL12RB2	HGNC:5972
IL13	HGNC:5973
IL13RA1	HGNC:5974
IL13RA2	HGNC:5975
IL15	HGNC:5977
IL15RA	HGNC:5978
IL16	HGNC:5980
IL17A	HGNC:5981
IL17B	HGNC:5982
IL17C	HGNC:5983
IL17D	HGNC:5984
IL17F	HGNC:16404
IL17RA	HGNC:5985
IL17RB	HGNC:18015
IL17RC	HGNC:18358
IL17RD	HGNC:17616
IL17RE	HGNC:18439
IL17REL	HGNC:33808
IL18	HGNC:5986
IL18BP	HGNC:5987
IL18R1	HGNC:5988
IL18RAP	HGNC:5989
IL19	HGNC:5990
IL1A	HGNC:5991
IL1B	HGNC:5992
IL1F10	HGNC:15552
IL1R1	HGNC:5993
IL1R2	HGNC:5994
IL1RAP	HGNC:5995
IL1RAPL1	HGNC:5996
IL1RAPL2	HGNC:5997
IL1RL1	HGNC:5998
IL1RL2	HGNC:5999
IL1RN	HGNC:6000
IL2	HGNC:6001
IL20	HGNC:6002
IL20RA	HGNC:6003
IL20RB	HGNC:6004
IL21	HGNC:6005
IL21R	HGNC:6006
IL22	HGNC:14900
IL22RA1	HGNC:13700
IL22RA2	HGNC:14901
IL23A	HGNC:15488
IL23R	HGNC:19100
IL24	HGNC:11346
IL25	HGNC:13765
IL26	HGNC:17119
IL27	HGNC:19157
IL27RA	HGNC:17290
IL2RA	HGNC:6008
IL2RB	HGNC:6009
IL2RG	HGNC:6010
IL3	HGNC:6011
IL31	HGNC:19372
IL31RA	HGNC:18969
IL32	HGNC:16830
IL33	HGNC:16028
IL34	HGNC:28529
IL36A	HGNC:15562
IL36B	HGNC:15564
IL36G	HGNC:15741
IL36RN	HGNC:15561
IL37	HGNC:15563
IL3RA	HGNC:6012
IL4	HGNC:6014
IL4I1	HGNC:19094
IL4R	HGNC:6015
IL5	HGNC:6016
IL5RA	HGNC:6017
IL6	HGNC:6018
IL6R	HGNC:6019
IL6ST	HGNC:6021
IL7	HGNC:6023
IL7R	HGNC:6024
IL9	HGNC:6029
IL9R	HGNC:6030
ILDR1	HGNC:28741
ILDR2	HGNC:18131
ILF2	HGNC:6037
ILF3	HGNC:6038
ILK	HGNC:6040
ILKAP	HGNC:15566
ILRUN	HGNC:21215
IMMP1L	HGNC:26317
IMMP2L	HGNC:14598
IMMT	HGNC:6047
IMP3	HGNC:14497
IMP4	HGNC:30856
IMPA1	HGNC:6050
IMPA2	HGNC:6051
IMPACT	HGNC:20387
IMPDH1	HGNC:6052
IMPDH2	HGNC:6053
IMPG1	HGNC:6055
IMPG2	HGNC:18362
INA	HGNC:6057
INAFM1	HGNC:27406
INAFM2	HGNC:35165
INAVA	HGNC:25599
INCA1	HGNC:32224
INCENP	HGNC:6058
INF2	HGNC:23791
ING1	HGNC:6062
ING2	HGNC:6063
ING3	HGNC:14587
ING4	HGNC:19423
ING5	HGNC:19421
INHA	HGNC:6065
INHBA	HGNC:6066
INHBB	HGNC:6067
INHBC	HGNC:6068
INHBE	HGNC:24029
INIP	HGNC:24994
INKA1	HGNC:32480
INKA2	HGNC:28045
INMT	HGNC:6069
INO80	HGNC:26956
INO80B	HGNC:13324
INO80C	HGNC:26994
INO80D	HGNC:25997
INO80E	HGNC:26905
INPP1	HGNC:6071
INPP4A	HGNC:6074
INPP4B	HGNC:6075
INPP5A	HGNC:6076
INPP5B	HGNC:6077
INPP5D	HGNC:6079
INPP5E	HGNC:21474
INPP5F	HGNC:17054
INPP5J	HGNC:8956
INPP5K	HGNC:33882
INPPL1	HGNC:6080
INS	HGNC:6081
INSC	HGNC:33116
INSIG1	HGNC:6083
INSIG2	HGNC:20452
INSL3	HGNC:6086
INSL4	HGNC:6087
INSL5	HGNC:6088
INSL6	HGNC:6089
INSM1	HGNC:6090
INSM2	HGNC:17539
INSR	HGNC:6091
INSRR	HGNC:6093
INSYN1	HGNC:33753
INSYN2A	HGNC:33859
INSYN2B	HGNC:37271
INTS1	HGNC:24555
INTS10	HGNC:25548
INTS11	HGNC:26052
INTS12	HGNC:25067
INTS13	HGNC:20174
INTS14	HGNC:25372
INTS15	HGNC:21702
INTS2	HGNC:29241
INTS3	HGNC:26153
INTS4	HGNC:25048
INTS5	HGNC:29352
INTS6	HGNC:14879
INTS6L	HGNC:27334
INTS7	HGNC:24484
INTS8	HGNC:26048
INTS9	HGNC:25592
INTU	HGNC:29239
INVS	HGNC:17870
IP6K1	HGNC:18360
IP6K2	HGNC:17313
IP6K3	HGNC:17269
IPCEF1	HGNC:21204
IPMK	HGNC:20739
IPO11	HGNC:20628
IPO13	HGNC:16853
IPO4	HGNC:19426
IPO5	HGNC:6402
IPO7	HGNC:9852
IPO8	HGNC:9853
IPO9	HGNC:19425
IPP	HGNC:6108
IPPK	HGNC:14645
IQANK1	HGNC:49576
IQCB1	HGNC:28949
IQCC	HGNC:25545
IQCE	HGNC:29171
IQCF1	HGNC:28607
IQCF2	HGNC:31815
IQCF3	HGNC:31816
IQCF5	HGNC:35159
IQCF6	HGNC:35158
IQCH	HGNC:25721
IQCJ	HGNC:32406
IQCK	HGNC:28556
IQCM	HGNC:53443
IQCN	HGNC:29350
IQGAP1	HGNC:6110
IQGAP2	HGNC:6111
IQGAP3	HGNC:20669
IQSEC1	HGNC:29112
IQSEC2	HGNC:29059
IQSEC3	HGNC:29193
IQUB	HGNC:21995
IRAG1	HGNC:7237
IRAG2	HGNC:6690
IRAK1	HGNC:6112
IRAK1BP1	HGNC:17368
IRAK2	HGNC:6113
IRAK3	HGNC:17020
IRAK4	HGNC:17967
IREB2	HGNC:6115
IRF1	HGNC:6116
IRF2	HGNC:6117
IRF2BP1	HGNC:21728
IRF2BP2	HGNC:21729
IRF2BPL	HGNC:14282
IRF3	HGNC:6118
IRF4	HGNC:6119
IRF5	HGNC:6120
IRF6	HGNC:6121
IRF7	HGNC:6122
IRF8	HGNC:5358
IRF9	HGNC:6131
IRGC	HGNC:28835
IRGM	HGNC:29597
IRGQ	HGNC:24868
IRS1	HGNC:6125
IRS2	HGNC:6126
IRS4	HGNC:6128
IRX1	HGNC:14358
IRX2	HGNC:14359
IRX3	HGNC:14360
IRX4	HGNC:6129
IRX5	HGNC:14361
IRX6	HGNC:14675
ISCA1	HGNC:28660
ISCA2	HGNC:19857
ISCU	HGNC:29882
ISG15	HGNC:4053
ISG20	HGNC:6130
ISG20L2	HGNC:25745
ISL1	HGNC:6132
ISL2	HGNC:18524
ISLR	HGNC:6133
ISLR2	HGNC:29286
ISM1	HGNC:16213
ISM2	HGNC:23176
ISOC1	HGNC:24254
ISOC2	HGNC:26278
IST1	HGNC:28977
ISX	HGNC:28084
ISY1	HGNC:29201
ISYNA1	HGNC:29821
ITCH	HGNC:13890
ITFG1	HGNC:30697
ITFG2	HGNC:30879
ITGA1	HGNC:6134
ITGA10	HGNC:6135
ITGA11	HGNC:6136
ITGA2	HGNC:6137
ITGA2B	HGNC:6138
ITGA3	HGNC:6139
ITGA4	HGNC:6140
ITGA5	HGNC:6141
ITGA6	HGNC:6142
ITGA7	HGNC:6143
ITGA8	HGNC:6144
ITGA9	HGNC:6145
ITGAD	HGNC:6146
ITGAE	HGNC:6147
ITGAL	HGNC:6148
ITGAM	HGNC:6149
ITGAV	HGNC:6150
ITGAX	HGNC:6152
ITGB1	HGNC:6153
ITGB1BP1	HGNC:23927
ITGB1BP2	HGNC:6154
ITGB2	HGNC:6155
ITGB3	HGNC:6156
ITGB3BP	HGNC:6157
ITGB4	HGNC:6158
ITGB5	HGNC:6160
ITGB6	HGNC:6161
ITGB7	HGNC:6162
ITGB8	HGNC:6163
ITGBL1	HGNC:6164
ITIH1	HGNC:6166
ITIH2	HGNC:6167
ITIH3	HGNC:6168
ITIH4	HGNC:6169
ITIH5	HGNC:21449
ITIH6	HGNC:28907
ITK	HGNC:6171
ITLN1	HGNC:18259
ITLN2	HGNC:20599
ITM2A	HGNC:6173
ITM2B	HGNC:6174
ITM2C	HGNC:6175
ITPA	HGNC:6176
ITPK1	HGNC:6177
ITPKA	HGNC:6178
ITPKB	HGNC:6179
ITPKC	HGNC:14897
ITPR1	HGNC:6180
ITPR2	HGNC:6181
ITPR3	HGNC:6182
ITPRID1	HGNC:27363
ITPRID2	HGNC:11319
ITPRIP	HGNC:29370
ITPRIPL1	HGNC:29371
ITPRIPL2	HGNC:27257
ITSN1	HGNC:6183
ITSN2	HGNC:6184
IVD	HGNC:6186
IVL	HGNC:6187
IVNS1ABP	HGNC:16951
IWS1	HGNC:25467
IYD	HGNC:21071
IZUMO1	HGNC:28539
IZUMO1R	HGNC:32565
IZUMO2	HGNC:28518
IZUMO3	HGNC:31421
IZUMO4	HGNC:26950
JADE1	HGNC:30027
JADE2	HGNC:22984
JADE3	HGNC:22982
JAG1	HGNC:6188
JAG2	HGNC:6189
JAGN1	HGNC:26926
JAK1	HGNC:6190
JAK2	HGNC:6192
JAK3	HGNC:6193
JAKMIP1	HGNC:26460
JAKMIP2	HGNC:29067
JAKMIP3	HGNC:23523
JAM2	HGNC:14686
JAM3	HGNC:15532
JAML	HGNC:19084
JARID2	HGNC:6196
JAZF1	HGNC:28917
JCAD	HGNC:29283
JCHAIN	HGNC:5713
JDP2	HGNC:17546
JHY	HGNC:26288
JKAMP	HGNC:20184
JMJD1C	HGNC:12313
JMJD4	HGNC:25724
JMJD6	HGNC:19355
JMJD7	HGNC:34397
JMJD8	HGNC:14148
JMY	HGNC:28916
JOSD1	HGNC:28953
JOSD2	HGNC:28853
JPH1	HGNC:14201
JPH2	HGNC:14202
JPH3	HGNC:14203
JPH4	HGNC:20156
JPT1	HGNC:14569
JPT2	HGNC:14137
JRK	HGNC:6199
JRKL	HGNC:6200
JSRP1	HGNC:24963
JTB	HGNC:6201
JUN	HGNC:6204
JUNB	HGNC:6205
JUND	HGNC:6206
JUP	HGNC:6207
KALRN	HGNC:4814
KANK1	HGNC:19309
KANK2	HGNC:29300
KANK3	HGNC:24796
KANK4	HGNC:27263
KANSL1	HGNC:24565
KANSL1L	HGNC:26310
KANSL2	HGNC:26024
KANSL3	HGNC:25473
KANTR	HGNC:49510
KARS1	HGNC:6215
KASH5	HGNC:26520
KAT14	HGNC:15904
KAT2A	HGNC:4201
KAT2B	HGNC:8638
KAT5	HGNC:5275
KAT6A	HGNC:13013
KAT6B	HGNC:17582
KAT7	HGNC:17016
KAT8	HGNC:17933
KATNA1	HGNC:6216
KATNAL1	HGNC:28361
KATNAL2	HGNC:25387
KATNB1	HGNC:6217
KATNBL1	HGNC:26199
KATNIP	HGNC:29068
KAZALD1	HGNC:25460
KAZN	HGNC:29173
KBTBD11	HGNC:29104
KBTBD12	HGNC:25731
KBTBD13	HGNC:37227
KBTBD2	HGNC:21751
KBTBD3	HGNC:22934
KBTBD4	HGNC:23761
KBTBD6	HGNC:25340
KBTBD7	HGNC:25266
KBTBD8	HGNC:30691
KCMF1	HGNC:20589
KCNA1	HGNC:6218
KCNA10	HGNC:6219
KCNA2	HGNC:6220
KCNA3	HGNC:6221
KCNA4	HGNC:6222
KCNA5	HGNC:6224
KCNA6	HGNC:6225
KCNA7	HGNC:6226
KCNAB1	HGNC:6228
KCNAB2	HGNC:6229
KCNAB3	HGNC:6230
KCNB1	HGNC:6231
KCNB2	HGNC:6232
KCNC1	HGNC:6233
KCNC2	HGNC:6234
KCNC3	HGNC:6235
KCNC4	HGNC:6236
KCND1	HGNC:6237
KCND2	HGNC:6238
KCND3	HGNC:6239
KCNE1	HGNC:6240
KCNE2	HGNC:6242
KCNE3	HGNC:6243
KCNE4	HGNC:6244
KCNE5	HGNC:6241
KCNF1	HGNC:6246
KCNG1	HGNC:6248
KCNG2	HGNC:6249
KCNG3	HGNC:18306
KCNG4	HGNC:19697
KCNH1	HGNC:6250
KCNH2	HGNC:6251
KCNH3	HGNC:6252
KCNH4	HGNC:6253
KCNH5	HGNC:6254
KCNH6	HGNC:18862
KCNH7	HGNC:18863
KCNH8	HGNC:18864
KCNIP1	HGNC:15521
KCNIP2	HGNC:15522
KCNIP3	HGNC:15523
KCNIP4	HGNC:30083
KCNJ1	HGNC:6255
KCNJ10	HGNC:6256
KCNJ11	HGNC:6257
KCNJ12	HGNC:6258
KCNJ13	HGNC:6259
KCNJ14	HGNC:6260
KCNJ15	HGNC:6261
KCNJ16	HGNC:6262
KCNJ18	HGNC:39080
KCNJ2	HGNC:6263
KCNJ3	HGNC:6264
KCNJ4	HGNC:6265
KCNJ5	HGNC:6266
KCNJ6	HGNC:6267
KCNJ8	HGNC:6269
KCNJ9	HGNC:6270
KCNK1	HGNC:6272
KCNK10	HGNC:6273
KCNK12	HGNC:6274
KCNK13	HGNC:6275
KCNK15	HGNC:13814
KCNK16	HGNC:14464
KCNK17	HGNC:14465
KCNK18	HGNC:19439
KCNK2	HGNC:6277
KCNK3	HGNC:6278
KCNK4	HGNC:6279
KCNK5	HGNC:6280
KCNK6	HGNC:6281
KCNK7	HGNC:6282
KCNK9	HGNC:6283
KCNMA1	HGNC:6284
KCNMB1	HGNC:6285
KCNMB2	HGNC:6286
KCNMB3	HGNC:6287
KCNMB4	HGNC:6289
KCNN1	HGNC:6290
KCNN2	HGNC:6291
KCNN3	HGNC:6292
KCNN4	HGNC:6293
KCNQ1	HGNC:6294
KCNQ1OT1	HGNC:6295
KCNQ2	HGNC:6296
KCNQ3	HGNC:6297
KCNQ4	HGNC:6298
KCNQ5	HGNC:6299
KCNRG	HGNC:18893
KCNS1	HGNC:6300
KCNS2	HGNC:6301
KCNS3	HGNC:6302
KCNT1	HGNC:18865
KCNT2	HGNC:18866
KCNU1	HGNC:18867
KCNV1	HGNC:18861
KCNV2	HGNC:19698
KCP	HGNC:17585
KCTD1	HGNC:18249
KCTD10	HGNC:23236
KCTD11	HGNC:21302
KCTD12	HGNC:14678
KCTD13	HGNC:22234
KCTD14	HGNC:23295
KCTD15	HGNC:23297
KCTD16	HGNC:29244
KCTD17	HGNC:25705
KCTD18	HGNC:26446
KCTD19	HGNC:24753
KCTD2	HGNC:21294
KCTD20	HGNC:21052
KCTD21	HGNC:27452
KCTD3	HGNC:21305
KCTD4	HGNC:23227
KCTD5	HGNC:21423
KCTD6	HGNC:22235
KCTD7	HGNC:21957
KCTD8	HGNC:22394
KCTD9	HGNC:22401
KDELR1	HGNC:6304
KDELR2	HGNC:6305
KDELR3	HGNC:6306
KDF1	HGNC:26624
KDM1A	HGNC:29079
KDM1B	HGNC:21577
KDM2A	HGNC:13606
KDM2B	HGNC:13610
KDM3A	HGNC:20815
KDM3B	HGNC:1337
KDM4A	HGNC:22978
KDM4B	HGNC:29136
KDM4C	HGNC:17071
KDM4D	HGNC:25498
KDM4E	HGNC:37098
KDM4F	HGNC:52413
KDM5A	HGNC:9886
KDM5B	HGNC:18039
KDM5C	HGNC:11114
KDM5D	HGNC:11115
KDM6A	HGNC:12637
KDM6B	HGNC:29012
KDM7A	HGNC:22224
KDM8	HGNC:25840
KDR	HGNC:6307
KDSR	HGNC:4021
KEAP1	HGNC:23177
KEL	HGNC:6308
KERA	HGNC:6309
KGD4	HGNC:16631
KHDC1	HGNC:21366
KHDC1L	HGNC:37274
KHDC3L	HGNC:33699
KHDC4	HGNC:29145
KHDRBS1	HGNC:18116
KHDRBS2	HGNC:18114
KHDRBS3	HGNC:18117
KHK	HGNC:6315
KHNYN	HGNC:20166
KHSRP	HGNC:6316
KIAA0040	HGNC:28950
KIAA0232	HGNC:28992
KIAA0319	HGNC:21580
KIAA0319L	HGNC:30071
KIAA0408	HGNC:21636
KIAA0513	HGNC:29058
KIAA0586	HGNC:19960
KIAA0753	HGNC:29110
KIAA0825	HGNC:28532
KIAA0930	HGNC:1314
KIAA1143	HGNC:29198
KIAA1191	HGNC:29209
KIAA1210	HGNC:29218
KIAA1217	HGNC:25428
KIAA1328	HGNC:29248
KIAA1549	HGNC:22219
KIAA1549L	HGNC:24836
KIAA1586	HGNC:21360
KIAA1614	HGNC:29327
KIAA1671	HGNC:29345
KIAA1755	HGNC:29372
KIAA1958	HGNC:23427
KIAA2012	HGNC:51250
KIAA2013	HGNC:28513
KICS2	HGNC:26517
KIDINS220	HGNC:29508
KIF11	HGNC:6388
KIF12	HGNC:21495
KIF13A	HGNC:14566
KIF13B	HGNC:14405
KIF14	HGNC:19181
KIF15	HGNC:17273
KIF16B	HGNC:15869
KIF17	HGNC:19167
KIF18A	HGNC:29441
KIF18B	HGNC:27102
KIF19	HGNC:26735
KIF1A	HGNC:888
KIF1B	HGNC:16636
KIF1C	HGNC:6317
KIF20A	HGNC:9787
KIF20B	HGNC:7212
KIF21A	HGNC:19349
KIF21B	HGNC:29442
KIF22	HGNC:6391
KIF23	HGNC:6392
KIF24	HGNC:19916
KIF25	HGNC:6390
KIF26A	HGNC:20226
KIF26B	HGNC:25484
KIF27	HGNC:18632
KIF2A	HGNC:6318
KIF2B	HGNC:29443
KIF2C	HGNC:6393
KIF3A	HGNC:6319
KIF3B	HGNC:6320
KIF3C	HGNC:6321
KIF4A	HGNC:13339
KIF4B	HGNC:6322
KIF5A	HGNC:6323
KIF5B	HGNC:6324
KIF5C	HGNC:6325
KIF6	HGNC:21202
KIF7	HGNC:30497
KIF9	HGNC:16666
KIFAP3	HGNC:17060
KIFBP	HGNC:23419
KIFC1	HGNC:6389
KIFC2	HGNC:29530
KIFC3	HGNC:6326
KIN	HGNC:6327
KIR2DL1	HGNC:6329
KIR2DL2	HGNC:6330
KIR2DL3	HGNC:6331
KIR2DL4	HGNC:6332
KIR2DL5A	HGNC:16345
KIR2DL5B	HGNC:16346
KIR2DS1	HGNC:6333
KIR2DS2	HGNC:6334
KIR2DS3	HGNC:6335
KIR2DS4	HGNC:6336
KIR2DS5	HGNC:6337
KIR3DL1	HGNC:6338
KIR3DL2	HGNC:6339
KIR3DL3	HGNC:16312
KIR3DS1	HGNC:6340
KIRREL1	HGNC:15734
KIRREL2	HGNC:18816
KIRREL3	HGNC:23204
KISS1	HGNC:6341
KISS1R	HGNC:4510
KIT	HGNC:6342
KITLG	HGNC:6343
KIZ	HGNC:15865
KL	HGNC:6344
KLB	HGNC:15527
KLC1	HGNC:6387
KLC2	HGNC:20716
KLC3	HGNC:20717
KLC4	HGNC:21624
KLF1	HGNC:6345
KLF10	HGNC:11810
KLF11	HGNC:11811
KLF12	HGNC:6346
KLF13	HGNC:13672
KLF14	HGNC:23025
KLF15	HGNC:14536
KLF16	HGNC:16857
KLF17	HGNC:18830
KLF18	HGNC:51793
KLF2	HGNC:6347
KLF3	HGNC:16516
KLF4	HGNC:6348
KLF5	HGNC:6349
KLF6	HGNC:2235
KLF7	HGNC:6350
KLF8	HGNC:6351
KLF9	HGNC:1123
KLHDC1	HGNC:19836
KLHDC10	HGNC:22194
KLHDC2	HGNC:20231
KLHDC3	HGNC:20704
KLHDC4	HGNC:25272
KLHDC7A	HGNC:26791
KLHDC7B	HGNC:25145
KLHDC8A	HGNC:25573
KLHDC8B	HGNC:28557
KLHDC9	HGNC:28489
KLHL1	HGNC:6352
KLHL10	HGNC:18829
KLHL11	HGNC:19008
KLHL12	HGNC:19360
KLHL13	HGNC:22931
KLHL14	HGNC:29266
KLHL15	HGNC:29347
KLHL17	HGNC:24023
KLHL18	HGNC:29120
KLHL2	HGNC:6353
KLHL20	HGNC:25056
KLHL21	HGNC:29041
KLHL22	HGNC:25888
KLHL23	HGNC:27506
KLHL24	HGNC:25947
KLHL25	HGNC:25732
KLHL26	HGNC:25623
KLHL28	HGNC:19741
KLHL29	HGNC:29404
KLHL3	HGNC:6354
KLHL30	HGNC:24770
KLHL31	HGNC:21353
KLHL32	HGNC:21221
KLHL33	HGNC:31952
KLHL34	HGNC:26634
KLHL35	HGNC:26597
KLHL36	HGNC:17844
KLHL38	HGNC:34435
KLHL4	HGNC:6355
KLHL40	HGNC:30372
KLHL41	HGNC:16905
KLHL42	HGNC:29252
KLHL5	HGNC:6356
KLHL6	HGNC:18653
KLHL7	HGNC:15646
KLHL8	HGNC:18644
KLHL9	HGNC:18732
KLK1	HGNC:6357
KLK10	HGNC:6358
KLK11	HGNC:6359
KLK12	HGNC:6360
KLK13	HGNC:6361
KLK14	HGNC:6362
KLK15	HGNC:20453
KLK2	HGNC:6363
KLK3	HGNC:6364
KLK4	HGNC:6365
KLK5	HGNC:6366
KLK6	HGNC:6367
KLK7	HGNC:6368
KLK8	HGNC:6369
KLK9	HGNC:6370
KLKB1	HGNC:6371
KLLN	HGNC:37212
KLRB1	HGNC:6373
KLRC1	HGNC:6374
KLRC2	HGNC:6375
KLRC3	HGNC:6376
KLRC4	HGNC:6377
KLRD1	HGNC:6378
KLRF1	HGNC:13342
KLRF2	HGNC:37646
KLRG1	HGNC:6380
KLRG2	HGNC:24778
KLRK1	HGNC:18788
KMO	HGNC:6381
KMT2A	HGNC:7132
KMT2B	HGNC:15840
KMT2C	HGNC:13726
KMT2D	HGNC:7133
KMT2E	HGNC:18541
KMT5A	HGNC:29489
KMT5B	HGNC:24283
KMT5C	HGNC:28405
KNCN	HGNC:26488
KNDC1	HGNC:29374
KNG1	HGNC:6383
KNL1	HGNC:24054
KNOP1	HGNC:34404
KNSTRN	HGNC:30767
KNTC1	HGNC:17255
KPLCE	HGNC:29468
KPNA1	HGNC:6394
KPNA2	HGNC:6395
KPNA3	HGNC:6396
KPNA4	HGNC:6397
KPNA5	HGNC:6398
KPNA6	HGNC:6399
KPNA7	HGNC:21839
KPNB1	HGNC:6400
KPRP	HGNC:31823
KPTN	HGNC:6404
KRABD1	HGNC:38708
KRABD2	HGNC:26989
KRABD3	HGNC:22228
KRABD4	HGNC:26007
KRABD5	HGNC:26987
KRAS	HGNC:6407
KRCC1	HGNC:28039
KREMEN1	HGNC:17550
KREMEN2	HGNC:18797
KRI1	HGNC:25769
KRIT1	HGNC:1573
KRR1	HGNC:5176
KRT1	HGNC:6412
KRT10	HGNC:6413
KRT12	HGNC:6414
KRT13	HGNC:6415
KRT14	HGNC:6416
KRT15	HGNC:6421
KRT16	HGNC:6423
KRT17	HGNC:6427
KRT18	HGNC:6430
KRT19	HGNC:6436
KRT2	HGNC:6439
KRT20	HGNC:20412
KRT222	HGNC:28695
KRT23	HGNC:6438
KRT24	HGNC:18527
KRT25	HGNC:30839
KRT26	HGNC:30840
KRT27	HGNC:30841
KRT28	HGNC:30842
KRT3	HGNC:6440
KRT31	HGNC:6448
KRT32	HGNC:6449
KRT33A	HGNC:6450
KRT33B	HGNC:6451
KRT34	HGNC:6452
KRT35	HGNC:6453
KRT36	HGNC:6454
KRT37	HGNC:6455
KRT38	HGNC:6456
KRT39	HGNC:32971
KRT4	HGNC:6441
KRT40	HGNC:26707
KRT5	HGNC:6442
KRT6A	HGNC:6443
KRT6B	HGNC:6444
KRT6C	HGNC:20406
KRT7	HGNC:6445
KRT71	HGNC:28927
KRT72	HGNC:28932
KRT73	HGNC:28928
KRT74	HGNC:28929
KRT75	HGNC:24431
KRT76	HGNC:24430
KRT77	HGNC:20411
KRT78	HGNC:28926
KRT79	HGNC:28930
KRT8	HGNC:6446
KRT80	HGNC:27056
KRT81	HGNC:6458
KRT82	HGNC:6459
KRT83	HGNC:6460
KRT84	HGNC:6461
KRT85	HGNC:6462
KRT86	HGNC:6463
KRT9	HGNC:6447
KRTAP1-1	HGNC:16772
KRTAP1-3	HGNC:16771
KRTAP1-4	HGNC:18904
KRTAP1-5	HGNC:16777
KRTAP10-1	HGNC:22966
KRTAP10-10	HGNC:22972
KRTAP10-11	HGNC:20528
KRTAP10-12	HGNC:20533
KRTAP10-2	HGNC:22967
KRTAP10-3	HGNC:22968
KRTAP10-4	HGNC:20521
KRTAP10-5	HGNC:22969
KRTAP10-6	HGNC:20523
KRTAP10-7	HGNC:22970
KRTAP10-8	HGNC:20525
KRTAP10-9	HGNC:22971
KRTAP11-1	HGNC:18922
KRTAP12-1	HGNC:20529
KRTAP12-2	HGNC:20530
KRTAP12-3	HGNC:20531
KRTAP12-4	HGNC:20532
KRTAP13-1	HGNC:18924
KRTAP13-2	HGNC:18923
KRTAP13-3	HGNC:18925
KRTAP13-4	HGNC:18926
KRTAP15-1	HGNC:18927
KRTAP16-1	HGNC:18916
KRTAP17-1	HGNC:18917
KRTAP19-1	HGNC:18936
KRTAP19-2	HGNC:18937
KRTAP19-3	HGNC:18938
KRTAP19-4	HGNC:18939
KRTAP19-5	HGNC:18940
KRTAP19-6	HGNC:18941
KRTAP19-7	HGNC:18942
KRTAP19-8	HGNC:33898
KRTAP2-1	HGNC:16775
KRTAP2-2	HGNC:18905
KRTAP2-3	HGNC:18906
KRTAP2-4	HGNC:18891
KRTAP20-1	HGNC:18943
KRTAP20-2	HGNC:18944
KRTAP20-3	HGNC:34001
KRTAP20-4	HGNC:34002
KRTAP21-1	HGNC:18945
KRTAP21-2	HGNC:18946
KRTAP21-3	HGNC:34216
KRTAP22-1	HGNC:18947
KRTAP22-2	HGNC:37091
KRTAP23-1	HGNC:18928
KRTAP24-1	HGNC:33902
KRTAP25-1	HGNC:34003
KRTAP26-1	HGNC:33760
KRTAP27-1	HGNC:33864
KRTAP29-1	HGNC:34211
KRTAP3-1	HGNC:16778
KRTAP3-2	HGNC:16779
KRTAP3-3	HGNC:18890
KRTAP4-1	HGNC:18907
KRTAP4-11	HGNC:18911
KRTAP4-12	HGNC:16776
KRTAP4-16	HGNC:18921
KRTAP4-2	HGNC:18900
KRTAP4-3	HGNC:18908
KRTAP4-4	HGNC:16928
KRTAP4-5	HGNC:18899
KRTAP4-6	HGNC:18909
KRTAP4-7	HGNC:18898
KRTAP4-8	HGNC:17230
KRTAP4-9	HGNC:18910
KRTAP5-1	HGNC:23596
KRTAP5-10	HGNC:23605
KRTAP5-11	HGNC:23606
KRTAP5-2	HGNC:23597
KRTAP5-3	HGNC:23598
KRTAP5-4	HGNC:23599
KRTAP5-5	HGNC:23601
KRTAP5-6	HGNC:23600
KRTAP5-7	HGNC:23602
KRTAP5-8	HGNC:23603
KRTAP5-9	HGNC:23604
KRTAP6-1	HGNC:18931
KRTAP6-2	HGNC:18932
KRTAP6-3	HGNC:18933
KRTAP7-1	HGNC:18934
KRTAP8-1	HGNC:18935
KRTAP9-1	HGNC:18912
KRTAP9-2	HGNC:16926
KRTAP9-3	HGNC:16927
KRTAP9-4	HGNC:18902
KRTAP9-6	HGNC:18914
KRTAP9-7	HGNC:18915
KRTAP9-8	HGNC:17231
KRTAP9-9	HGNC:16773
KRTCAP2	HGNC:28942
KRTCAP3	HGNC:28943
KRTDAP	HGNC:16313
KSR1	HGNC:6465
KSR2	HGNC:18610
KTI12	HGNC:25160
KTN1	HGNC:6467
KXD1	HGNC:28420
KY	HGNC:26576
KYAT1	HGNC:1564
KYAT3	HGNC:33238
KYNU	HGNC:6469
L1CAM	HGNC:6470
L1TD1	HGNC:25595
L2HGDH	HGNC:20499
L3HYPDH	HGNC:20488
L3MBTL1	HGNC:15905
L3MBTL2	HGNC:18594
L3MBTL3	HGNC:23035
L3MBTL4	HGNC:26677
LACC1	HGNC:26789
LACRT	HGNC:16430
LACTB	HGNC:16468
LACTB2	HGNC:18512
LACTBL1	HGNC:35445
LAD1	HGNC:6472
LAG3	HGNC:6476
LAGE3	HGNC:26058
LAIR1	HGNC:6477
LAIR2	HGNC:6478
LALBA	HGNC:6480
LAMA1	HGNC:6481
LAMA2	HGNC:6482
LAMA3	HGNC:6483
LAMA4	HGNC:6484
LAMA5	HGNC:6485
LAMB1	HGNC:6486
LAMB2	HGNC:6487
LAMB3	HGNC:6490
LAMB4	HGNC:6491
LAMC1	HGNC:6492
LAMC2	HGNC:6493
LAMC3	HGNC:6494
LAMP1	HGNC:6499
LAMP2	HGNC:6501
LAMP3	HGNC:14582
LAMP5	HGNC:16097
LAMTOR1	HGNC:26068
LAMTOR2	HGNC:29796
LAMTOR3	HGNC:15606
LAMTOR4	HGNC:33772
LAMTOR5	HGNC:17955
LANCL1	HGNC:6508
LANCL2	HGNC:6509
LANCL3	HGNC:24767
LAP3	HGNC:18449
LAPTM4A	HGNC:6924
LAPTM4B	HGNC:13646
LAPTM5	HGNC:29612
LARGE1	HGNC:6511
LARGE2	HGNC:16522
LARP1	HGNC:29531
LARP1B	HGNC:24704
LARP4	HGNC:24320
LARP4B	HGNC:28987
LARP6	HGNC:24012
LARP7	HGNC:24912
LARS1	HGNC:6512
LARS2	HGNC:17095
LAS1L	HGNC:25726
LASP1	HGNC:6513
LASP1NB	HGNC:44353
LAT	HGNC:18874
LAT2	HGNC:12749
LATS1	HGNC:6514
LATS2	HGNC:6515
LAX1	HGNC:26005
LAYN	HGNC:29471
LBH	HGNC:29532
LBHD1	HGNC:28351
LBHD2	HGNC:52384
LBP	HGNC:6517
LBR	HGNC:6518
LBX1	HGNC:16960
LBX2	HGNC:15525
LCA5	HGNC:31923
LCA5L	HGNC:1255
LCAT	HGNC:6522
LCE1A	HGNC:29459
LCE1B	HGNC:16611
LCE1C	HGNC:29464
LCE1D	HGNC:29465
LCE1E	HGNC:29466
LCE1F	HGNC:29467
LCE2A	HGNC:29469
LCE2B	HGNC:16610
LCE2C	HGNC:29460
LCE2D	HGNC:16518
LCE3A	HGNC:29461
LCE3B	HGNC:29462
LCE3C	HGNC:16612
LCE3D	HGNC:16615
LCE3E	HGNC:29463
LCE4A	HGNC:16613
LCE5A	HGNC:16614
LCE6A	HGNC:31824
LCE7A	HGNC:55921
LCK	HGNC:6524
LCLAT1	HGNC:26756
LCMT1	HGNC:17557
LCMT2	HGNC:17558
LCN1	HGNC:6525
LCN10	HGNC:20892
LCN12	HGNC:28733
LCN15	HGNC:33777
LCN2	HGNC:6526
LCN6	HGNC:17337
LCN8	HGNC:27038
LCN9	HGNC:17442
LCNL1	HGNC:34436
LCOR	HGNC:29503
LCORL	HGNC:30776
LCP1	HGNC:6528
LCP2	HGNC:6529
LCT	HGNC:6530
LCTL	HGNC:15583
LDAF1	HGNC:30136
LDAH	HGNC:26145
LDB1	HGNC:6532
LDB2	HGNC:6533
LDB3	HGNC:15710
LDHA	HGNC:6535
LDHAL6A	HGNC:28335
LDHAL6B	HGNC:21481
LDHB	HGNC:6541
LDHC	HGNC:6544
LDHD	HGNC:19708
LDLR	HGNC:6547
LDLRAD1	HGNC:32069
LDLRAD2	HGNC:32071
LDLRAD3	HGNC:27046
LDLRAD4	HGNC:1224
LDLRAP1	HGNC:18640
LDOC1	HGNC:6548
LEAP2	HGNC:29571
LECT2	HGNC:6550
LEF1	HGNC:6551
LEFTY1	HGNC:6552
LEFTY2	HGNC:3122
LEKR1	HGNC:33765
LELP1	HGNC:32046
LEMD1	HGNC:18725
LEMD2	HGNC:21244
LEMD3	HGNC:28887
LENEP	HGNC:14429
LENG1	HGNC:15502
LENG8	HGNC:15500
LENG9	HGNC:16306
LEO1	HGNC:30401
LEP	HGNC:6553
LEPR	HGNC:6554
LEPROT	HGNC:29477
LEPROTL1	HGNC:6555
LETM1	HGNC:6556
LETM2	HGNC:14648
LETMD1	HGNC:24241
LEUTX	HGNC:31953
LFNG	HGNC:6560
LGALS1	HGNC:6561
LGALS12	HGNC:15788
LGALS13	HGNC:15449
LGALS14	HGNC:30054
LGALS16	HGNC:40039
LGALS2	HGNC:6562
LGALS3	HGNC:6563
LGALS3BP	HGNC:6564
LGALS4	HGNC:6565
LGALS7	HGNC:6568
LGALS7B	HGNC:34447
LGALS8	HGNC:6569
LGALS9	HGNC:6570
LGALS9B	HGNC:24842
LGALS9C	HGNC:33874
LGALSL	HGNC:25012
LGI1	HGNC:6572
LGI2	HGNC:18710
LGI3	HGNC:18711
LGI4	HGNC:18712
LGMN	HGNC:9472
LGR4	HGNC:13299
LGR5	HGNC:4504
LGR6	HGNC:19719
LGSN	HGNC:21016
LHB	HGNC:6584
LHCGR	HGNC:6585
LHFPL1	HGNC:6587
LHFPL2	HGNC:6588
LHFPL3	HGNC:6589
LHFPL4	HGNC:29568
LHFPL5	HGNC:21253
LHFPL6	HGNC:6586
LHFPL7	HGNC:33725
LHPP	HGNC:30042
LHX1	HGNC:6593
LHX2	HGNC:6594
LHX3	HGNC:6595
LHX4	HGNC:21734
LHX5	HGNC:14216
LHX6	HGNC:21735
LHX8	HGNC:28838
LHX9	HGNC:14222
LIAS	HGNC:16429
LIAT1	HGNC:33800
LIF	HGNC:6596
LIFR	HGNC:6597
LIG1	HGNC:6598
LIG3	HGNC:6600
LIG4	HGNC:6601
LILRA1	HGNC:6602
LILRA2	HGNC:6603
LILRA3	HGNC:6604
LILRA4	HGNC:15503
LILRA5	HGNC:16309
LILRA6	HGNC:15495
LILRB1	HGNC:6605
LILRB2	HGNC:6606
LILRB3	HGNC:6607
LILRB4	HGNC:6608
LILRB5	HGNC:6609
LIM2	HGNC:6610
LIMA1	HGNC:24636
LIMCH1	HGNC:29191
LIMD1	HGNC:6612
LIMD2	HGNC:28142
LIME1	HGNC:26016
LIMK1	HGNC:6613
LIMK2	HGNC:6614
LIMS1	HGNC:6616
LIMS2	HGNC:16084
LIMS3	HGNC:30047
LIMS4	HGNC:39941
LIN28A	HGNC:15986
LIN28B	HGNC:32207
LIN37	HGNC:33234
LIN52	HGNC:19856
LIN54	HGNC:25397
LIN7A	HGNC:17787
LIN7B	HGNC:17788
LIN7C	HGNC:17789
LIN9	HGNC:30830
LINC00237	HGNC:38166
LINC00305	HGNC:28597
LINC00632	HGNC:27865
LINC01488	HGNC:51144
LINC02747	HGNC:54266
LINGO1	HGNC:21205
LINGO2	HGNC:21207
LINGO3	HGNC:21206
LINGO4	HGNC:31814
LINS1	HGNC:30922
LIPA	HGNC:6617
LIPC	HGNC:6619
LIPE	HGNC:6621
LIPF	HGNC:6622
LIPG	HGNC:6623
LIPH	HGNC:18483
LIPI	HGNC:18821
LIPJ	HGNC:21773
LIPK	HGNC:23444
LIPM	HGNC:23455
LIPN	HGNC:23452
LIPT1	HGNC:29569
LIPT2	HGNC:37216
LITAF	HGNC:16841
LITAFD	HGNC:53927
LIX1	HGNC:18581
LIX1L	HGNC:28715
LKAAEAR1	HGNC:33718
LLCFC1	HGNC:21750
LLGL1	HGNC:6628
LLGL2	HGNC:6629
LLPH	HGNC:28229
LMAN1	HGNC:6631
LMAN1L	HGNC:6632
LMAN2	HGNC:16986
LMAN2L	HGNC:19263
LMBR1	HGNC:13243
LMBR1L	HGNC:18268
LMBRD1	HGNC:23038
LMBRD2	HGNC:25287
LMCD1	HGNC:6633
LMF1	HGNC:14154
LMF2	HGNC:25096
LMLN	HGNC:15991
LMNA	HGNC:6636
LMNB1	HGNC:6637
LMNB2	HGNC:6638
LMNTD1	HGNC:26683
LMNTD2	HGNC:28561
LMO1	HGNC:6641
LMO2	HGNC:6642
LMO3	HGNC:6643
LMO4	HGNC:6644
LMO7	HGNC:6646
LMOD1	HGNC:6647
LMOD2	HGNC:6648
LMOD3	HGNC:6649
LMTK2	HGNC:17880
LMTK3	HGNC:19295
LMX1A	HGNC:6653
LMX1B	HGNC:6654
LNP1	HGNC:28014
LNPEP	HGNC:6656
LNPK	HGNC:21610
LNX1	HGNC:6657
LNX2	HGNC:20421
LOC101059915	
LOC102723971	
LOC102724250	
LOC102725023	
LOC110384692	
LOC112267897	
LOC112694756	
LOC114841035	
LOC122319696	
LOC122394732	
LOC122455340	
LOC122455342	
LOC122513141	
LOC122526780	
LOC122539214	
LOC127898562	
LOC127898563	
LOC127903862	
LOC127933115	
LOC128031832	
LOC128031833	
LOC128031834	
LOC128031835	
LOC128031836	
LOC128031837	
LOC128071544	
LOC128071545	
LOC128071547	
LOC128092246	
LOC128092247	
LOC128092248	
LOC128092249	
LOC128092250	
LOC128092251	
LOC128092252	
LOC128092253	
LOC128125814	
LOC128125816	
LOC128125817	
LOC128125818	
LOC128125822	
LOC128462377	
LOC128706665	
LOC128706666	
LOC131768270	
LOC400499	
LOC647264	
LOC728392	
LOC728743	
LOC730098	
LONP1	HGNC:9479
LONP2	HGNC:20598
LONRF1	HGNC:26302
LONRF2	HGNC:24788
LONRF3	HGNC:21152
LORICRIN	HGNC:6663
LOX	HGNC:6664
LOXHD1	HGNC:26521
LOXL1	HGNC:6665
LOXL2	HGNC:6666
LOXL3	HGNC:13869
LOXL4	HGNC:17171
LPA	HGNC:6667
LPAR1	HGNC:3166
LPAR2	HGNC:3168
LPAR3	HGNC:14298
LPAR4	HGNC:4478
LPAR5	HGNC:13307
LPAR6	HGNC:15520
LPCAT1	HGNC:25718
LPCAT2	HGNC:26032
LPCAT3	HGNC:30244
LPCAT4	HGNC:30059
LPGAT1	HGNC:28985
LPIN1	HGNC:13345
LPIN2	HGNC:14450
LPIN3	HGNC:14451
LPL	HGNC:6677
LPO	HGNC:6678
LPP	HGNC:6679
LPXN	HGNC:14061
LRAT	HGNC:6685
LRATD1	HGNC:20743
LRATD2	HGNC:24166
LRBA	HGNC:1742
LRCH1	HGNC:20309
LRCH2	HGNC:29292
LRCH3	HGNC:28637
LRCH4	HGNC:6691
LRCOL1	HGNC:44160
LRFN1	HGNC:29290
LRFN2	HGNC:21226
LRFN3	HGNC:28370
LRFN4	HGNC:28456
LRFN5	HGNC:20360
LRG1	HGNC:29480
LRGUK	HGNC:21964
LRIF1	HGNC:30299
LRIG1	HGNC:17360
LRIG2	HGNC:20889
LRIG3	HGNC:30991
LRIT1	HGNC:23404
LRIT2	HGNC:23443
LRIT3	HGNC:24783
LRMDA	HGNC:23405
LRP1	HGNC:6692
LRP1-AS	HGNC:51694
LRP10	HGNC:14553
LRP11	HGNC:16936
LRP12	HGNC:31708
LRP1B	HGNC:6693
LRP2	HGNC:6694
LRP2BP	HGNC:25434
LRP3	HGNC:6695
LRP4	HGNC:6696
LRP5	HGNC:6697
LRP6	HGNC:6698
LRP8	HGNC:6700
LRPAP1	HGNC:6701
LRPPRC	HGNC:15714
LRR1	HGNC:19742
LRRC1	HGNC:14307
LRRC10	HGNC:20264
LRRC10B	HGNC:37215
LRRC14	HGNC:20419
LRRC14B	HGNC:37268
LRRC15	HGNC:20818
LRRC17	HGNC:16895
LRRC18	HGNC:23199
LRRC19	HGNC:23379
LRRC2	HGNC:14676
LRRC20	HGNC:23421
LRRC23	HGNC:19138
LRRC24	HGNC:28947
LRRC25	HGNC:29806
LRRC26	HGNC:31409
LRRC27	HGNC:29346
LRRC28	HGNC:28355
LRRC3	HGNC:14965
LRRC30	HGNC:30219
LRRC31	HGNC:26261
LRRC32	HGNC:4161
LRRC34	HGNC:28408
LRRC36	HGNC:25615
LRRC37A	HGNC:29069
LRRC37A2	HGNC:32404
LRRC37A3	HGNC:32427
LRRC37B	HGNC:29070
LRRC38	HGNC:27005
LRRC39	HGNC:28228
LRRC3B	HGNC:28105
LRRC3C	HGNC:40034
LRRC4	HGNC:15586
LRRC40	HGNC:26004
LRRC41	HGNC:16917
LRRC42	HGNC:28792
LRRC43	HGNC:28562
LRRC45	HGNC:28302
LRRC46	HGNC:25047
LRRC47	HGNC:29207
LRRC49	HGNC:25965
LRRC4B	HGNC:25042
LRRC4C	HGNC:29317
LRRC51	HGNC:55526
LRRC52	HGNC:32156
LRRC53	HGNC:25255
LRRC55	HGNC:32324
LRRC56	HGNC:25430
LRRC57	HGNC:26719
LRRC58	HGNC:26968
LRRC59	HGNC:28817
LRRC61	HGNC:21704
LRRC63	HGNC:34296
LRRC66	HGNC:34299
LRRC69	HGNC:34303
LRRC7	HGNC:18531
LRRC70	HGNC:35155
LRRC71	HGNC:26556
LRRC72	HGNC:42972
LRRC73	HGNC:21375
LRRC74A	HGNC:23346
LRRC74B	HGNC:34301
LRRC75A	HGNC:32403
LRRC75B	HGNC:33155
LRRC8A	HGNC:19027
LRRC8B	HGNC:30692
LRRC8C	HGNC:25075
LRRC8D	HGNC:16992
LRRC8E	HGNC:26272
LRRC9	HGNC:19848
LRRCC1	HGNC:29373
LRRD1	HGNC:34300
LRRFIP1	HGNC:6702
LRRFIP2	HGNC:6703
LRRIQ1	HGNC:25708
LRRIQ3	HGNC:28318
LRRIQ4	HGNC:34298
LRRK1	HGNC:18608
LRRK2	HGNC:18618
LRRN1	HGNC:20980
LRRN2	HGNC:16914
LRRN3	HGNC:17200
LRRN4	HGNC:16208
LRRN4CL	HGNC:33724
LRRTM1	HGNC:19408
LRRTM2	HGNC:19409
LRRTM3	HGNC:19410
LRRTM4	HGNC:19411
LRSAM1	HGNC:25135
LRTM1	HGNC:25023
LRTM2	HGNC:32443
LRTM3	HGNC:26851
LRWD1	HGNC:21769
LSAMP	HGNC:6705
LSG1	HGNC:25652
LSM1	HGNC:20472
LSM10	HGNC:17562
LSM11	HGNC:30860
LSM12	HGNC:26407
LSM14A	HGNC:24489
LSM14B	HGNC:15887
LSM2	HGNC:13940
LSM3	HGNC:17874
LSM4	HGNC:17259
LSM5	HGNC:17162
LSM6	HGNC:17017
LSM7	HGNC:20470
LSM8	HGNC:20471
LSMEM1	HGNC:22036
LSMEM2	HGNC:26781
LSP1	HGNC:6707
LSR	HGNC:29572
LSS	HGNC:6708
LST1	HGNC:14189
LTA	HGNC:6709
LTA4H	HGNC:6710
LTAP1	HGNC:29876
LTB	HGNC:6711
LTB4R	HGNC:6713
LTB4R2	HGNC:19260
LTBP1	HGNC:6714
LTBP2	HGNC:6715
LTBP3	HGNC:6716
LTBP4	HGNC:6717
LTBR	HGNC:6718
LTC4S	HGNC:6719
LTF	HGNC:6720
LTK	HGNC:6721
LTN1	HGNC:13082
LTO1	HGNC:17589
LTV1	HGNC:21173
LUC7L	HGNC:6723
LUC7L2	HGNC:21608
LUC7L3	HGNC:24309
LUM	HGNC:6724
LURAP1	HGNC:32327
LURAP1L	HGNC:31452
LUZP1	HGNC:14985
LUZP2	HGNC:23206
LUZP4	HGNC:24971
LVRN	HGNC:26904
LXN	HGNC:13347
LY6D	HGNC:13348
LY6E	HGNC:6727
LY6G5B	HGNC:13931
LY6G5C	HGNC:13932
LY6G6C	HGNC:13936
LY6G6D	HGNC:13935
LY6G6F	HGNC:13933
LY6H	HGNC:6728
LY6K	HGNC:24225
LY6L	HGNC:52284
LY6S	HGNC:54397
LY75	HGNC:6729
LY86	HGNC:16837
LY9	HGNC:6730
LY96	HGNC:17156
LYAR	HGNC:26021
LYG1	HGNC:27014
LYG2	HGNC:29615
LYL1	HGNC:6734
LYN	HGNC:6735
LYNX1	HGNC:29604
LYPD1	HGNC:28431
LYPD2	HGNC:25215
LYPD3	HGNC:24880
LYPD4	HGNC:28659
LYPD5	HGNC:26397
LYPD6	HGNC:28751
LYPD6B	HGNC:27018
LYPD8	HGNC:44208
LYPLA1	HGNC:6737
LYPLA2	HGNC:6738
LYPLAL1	HGNC:20440
LYRM1	HGNC:25074
LYRM2	HGNC:25229
LYRM4	HGNC:21365
LYRM7	HGNC:28072
LYRM9	HGNC:27314
LYSET	HGNC:20218
LYSMD1	HGNC:32070
LYSMD2	HGNC:28571
LYSMD3	HGNC:26969
LYSMD4	HGNC:26571
LYST	HGNC:1968
LYVE1	HGNC:14687
LYZ	HGNC:6740
LYZL1	HGNC:30502
LYZL2	HGNC:29613
LYZL4	HGNC:28387
LYZL6	HGNC:29614
LZIC	HGNC:17497
LZTFL1	HGNC:6741
LZTR1	HGNC:6742
LZTS1	HGNC:13861
LZTS2	HGNC:29381
LZTS3	HGNC:30139
M1AP	HGNC:25183
M6PR	HGNC:6752
MAB21L1	HGNC:6757
MAB21L2	HGNC:6758
MAB21L3	HGNC:26787
MAB21L4	HGNC:26216
MACC1	HGNC:30215
MACF1	HGNC:13664
MACIR	HGNC:25052
MACO1	HGNC:25572
MACROD1	HGNC:29598
MACROD2	HGNC:16126
MACROH2A1	HGNC:4740
MACROH2A2	HGNC:14453
MAD1L1	HGNC:6762
MAD2L1	HGNC:6763
MAD2L1BP	HGNC:21059
MAD2L2	HGNC:6764
MADCAM1	HGNC:6765
MADD	HGNC:6766
MAEA	HGNC:13731
MAEL	HGNC:25929
MAF	HGNC:6776
MAF1	HGNC:24966
MAFA	HGNC:23145
MAFB	HGNC:6408
MAFF	HGNC:6780
MAFG	HGNC:6781
MAFK	HGNC:6782
MAG	HGNC:6783
MAGEA1	HGNC:6796
MAGEA10	HGNC:6797
MAGEA11	HGNC:6798
MAGEA12	HGNC:6799
MAGEA2	HGNC:6800
MAGEA2B	HGNC:19340
MAGEA3	HGNC:6801
MAGEA4	HGNC:6802
MAGEA6	HGNC:6804
MAGEA8	HGNC:6806
MAGEA9	HGNC:6807
MAGEA9B	HGNC:31909
MAGEB1	HGNC:6808
MAGEB10	HGNC:25377
MAGEB16	HGNC:21188
MAGEB17	HGNC:17418
MAGEB18	HGNC:28515
MAGEB2	HGNC:6809
MAGEB3	HGNC:6810
MAGEB4	HGNC:6811
MAGEB5	HGNC:23795
MAGEB6	HGNC:23796
MAGEB6B	HGNC:28824
MAGEC1	HGNC:6812
MAGEC2	HGNC:13574
MAGEC3	HGNC:23798
MAGED1	HGNC:6813
MAGED2	HGNC:16353
MAGED4	HGNC:23793
MAGED4B	HGNC:22880
MAGEE1	HGNC:24934
MAGEE2	HGNC:24935
MAGEF1	HGNC:29639
MAGEH1	HGNC:24092
MAGEL2	HGNC:6814
MAGI1	HGNC:946
MAGI2	HGNC:18957
MAGI3	HGNC:29647
MAGIX	HGNC:30006
MAGOH	HGNC:6815
MAGOHB	HGNC:25504
MAGT1	HGNC:28880
MAIP1	HGNC:26198
MAJIN	HGNC:27441
MAK	HGNC:6816
MAK16	HGNC:13703
MAL	HGNC:6817
MAL2	HGNC:13634
MALAT1	HGNC:29665
MALL	HGNC:6818
MALRD1	HGNC:24331
MALSU1	HGNC:21721
MALT1	HGNC:6819
MAMDC2	HGNC:23673
MAMDC4	HGNC:24083
MAML1	HGNC:13632
MAML2	HGNC:16259
MAML3	HGNC:16272
MAMLD1	HGNC:2568
MAMSTR	HGNC:26689
MAN1A1	HGNC:6821
MAN1A2	HGNC:6822
MAN1B1	HGNC:6823
MAN1C1	HGNC:19080
MAN2A1	HGNC:6824
MAN2A2	HGNC:6825
MAN2B1	HGNC:6826
MAN2B2	HGNC:29623
MAN2C1	HGNC:6827
MANBA	HGNC:6831
MANBAL	HGNC:15799
MANEA	HGNC:21072
MANEAL	HGNC:26452
MANF	HGNC:15461
MANSC1	HGNC:25505
MANSC4	HGNC:40023
MAOA	HGNC:6833
MAOB	HGNC:6834
MAP10	HGNC:29265
MAP1A	HGNC:6835
MAP1B	HGNC:6836
MAP1LC3A	HGNC:6838
MAP1LC3B	HGNC:13352
MAP1LC3B2	HGNC:34390
MAP1LC3C	HGNC:13353
MAP1S	HGNC:15715
MAP2	HGNC:6839
MAP2K1	HGNC:6840
MAP2K2	HGNC:6842
MAP2K3	HGNC:6843
MAP2K4	HGNC:6844
MAP2K5	HGNC:6845
MAP2K6	HGNC:6846
MAP2K7	HGNC:6847
MAP3K1	HGNC:6848
MAP3K10	HGNC:6849
MAP3K11	HGNC:6850
MAP3K12	HGNC:6851
MAP3K13	HGNC:6852
MAP3K14	HGNC:6853
MAP3K15	HGNC:31689
MAP3K19	HGNC:26249
MAP3K2	HGNC:6854
MAP3K20	HGNC:17797
MAP3K21	HGNC:29798
MAP3K3	HGNC:6855
MAP3K4	HGNC:6856
MAP3K5	HGNC:6857
MAP3K6	HGNC:6858
MAP3K7	HGNC:6859
MAP3K7CL	HGNC:16457
MAP3K8	HGNC:6860
MAP3K9	HGNC:6861
MAP4	HGNC:6862
MAP4K1	HGNC:6863
MAP4K2	HGNC:6864
MAP4K3	HGNC:6865
MAP4K4	HGNC:6866
MAP4K5	HGNC:6867
MAP6	HGNC:6868
MAP6D1	HGNC:25753
MAP7	HGNC:6869
MAP7D1	HGNC:25514
MAP7D2	HGNC:25899
MAP7D3	HGNC:25742
MAP9	HGNC:26118
MAPDA	HGNC:31853
MAPK1	HGNC:6871
MAPK10	HGNC:6872
MAPK11	HGNC:6873
MAPK12	HGNC:6874
MAPK13	HGNC:6875
MAPK14	HGNC:6876
MAPK15	HGNC:24667
MAPK1IP1L	HGNC:19840
MAPK3	HGNC:6877
MAPK4	HGNC:6878
MAPK6	HGNC:6879
MAPK7	HGNC:6880
MAPK8	HGNC:6881
MAPK8IP1	HGNC:6882
MAPK8IP2	HGNC:6883
MAPK8IP3	HGNC:6884
MAPK9	HGNC:6886
MAPKAP1	HGNC:18752
MAPKAPK2	HGNC:6887
MAPKAPK3	HGNC:6888
MAPKAPK5	HGNC:6889
MAPKBP1	HGNC:29536
MAPRE1	HGNC:6890
MAPRE2	HGNC:6891
MAPRE3	HGNC:6892
MAPT	HGNC:6893
MARCHF1	HGNC:26077
MARCHF10	HGNC:26655
MARCHF11	HGNC:33609
MARCHF2	HGNC:28038
MARCHF3	HGNC:28728
MARCHF4	HGNC:29269
MARCHF5	HGNC:26025
MARCHF6	HGNC:30550
MARCHF7	HGNC:17393
MARCHF8	HGNC:23356
MARCHF9	HGNC:25139
MARCKS	HGNC:6759
MARCKSL1	HGNC:7142
MARCO	HGNC:6895
MARCOL	HGNC:53644
MARF1	HGNC:29562
MARK1	HGNC:6896
MARK2	HGNC:3332
MARK3	HGNC:6897
MARK4	HGNC:13538
MARS1	HGNC:6898
MARS2	HGNC:25133
MARVELD1	HGNC:28674
MARVELD2	HGNC:26401
MARVELD3	HGNC:30525
MAS1	HGNC:6899
MAS1L	HGNC:13961
MASP1	HGNC:6901
MASP2	HGNC:6902
MAST1	HGNC:19034
MAST2	HGNC:19035
MAST3	HGNC:19036
MAST4	HGNC:19037
MASTL	HGNC:19042
MAT1A	HGNC:6903
MAT2A	HGNC:6904
MAT2B	HGNC:6905
MATCAP1	HGNC:34408
MATCAP2	HGNC:22206
MATK	HGNC:6906
MATN1	HGNC:6907
MATN2	HGNC:6908
MATN3	HGNC:6909
MATN4	HGNC:6910
MATR3	HGNC:6912
MAU2	HGNC:29140
MAVS	HGNC:29233
MAX	HGNC:6913
MAZ	HGNC:6914
MB	HGNC:6915
MB21D2	HGNC:30438
MBD1	HGNC:6916
MBD2	HGNC:6917
MBD3	HGNC:6918
MBD3L1	HGNC:15774
MBD3L2	HGNC:18532
MBD3L2B	HGNC:53435
MBD3L3	HGNC:37205
MBD3L4	HGNC:37206
MBD3L5	HGNC:37204
MBD4	HGNC:6919
MBD5	HGNC:20444
MBD6	HGNC:20445
MBIP	HGNC:20427
MBL2	HGNC:6922
MBLAC1	HGNC:22180
MBLAC2	HGNC:33711
MBNL1	HGNC:6923
MBNL2	HGNC:16746
MBNL3	HGNC:20564
MBOAT1	HGNC:21579
MBOAT2	HGNC:25193
MBOAT4	HGNC:32311
MBOAT7	HGNC:15505
MBP	HGNC:6925
MBTD1	HGNC:19866
MBTPS1	HGNC:15456
MBTPS2	HGNC:15455
MC1R	HGNC:6929
MC2R	HGNC:6930
MC3R	HGNC:6931
MC4R	HGNC:6932
MC5R	HGNC:6933
MCAM	HGNC:6934
MCAT	HGNC:29622
MCC	HGNC:6935
MCCC1	HGNC:6936
MCCC2	HGNC:6937
MCCD1	HGNC:20668
MCEE	HGNC:16732
MCEMP1	HGNC:27291
MCF2	HGNC:6940
MCF2L	HGNC:14576
MCF2L2	HGNC:30319
MCFD2	HGNC:18451
MCHR1	HGNC:4479
MCHR2	HGNC:20867
MCIDAS	HGNC:40050
MCL1	HGNC:6943
MCM10	HGNC:18043
MCM2	HGNC:6944
MCM3	HGNC:6945
MCM3AP	HGNC:6946
MCM4	HGNC:6947
MCM5	HGNC:6948
MCM6	HGNC:6949
MCM7	HGNC:6950
MCM8	HGNC:16147
MCM9	HGNC:21484
MCMBP	HGNC:25782
MCMDC2	HGNC:26368
MCOLN1	HGNC:13356
MCOLN2	HGNC:13357
MCOLN3	HGNC:13358
MCPH1	HGNC:6954
MCRIP1	HGNC:28007
MCRIP2	HGNC:14142
MCRS1	HGNC:6960
MCTP1	HGNC:26183
MCTP2	HGNC:25636
MCTS1	HGNC:23357
MCTS2	HGNC:49760
MCU	HGNC:23526
MCUB	HGNC:26076
MCUR1	HGNC:21097
MDC1	HGNC:21163
MDFI	HGNC:6967
MDFIC	HGNC:28870
MDFIC2	HGNC:53442
MDGA1	HGNC:19267
MDGA2	HGNC:19835
MDH1	HGNC:6970
MDH1B	HGNC:17836
MDH2	HGNC:6971
MDK	HGNC:6972
MDM1	HGNC:29917
MDM2	HGNC:6973
MDM4	HGNC:6974
MDN1	HGNC:18302
MDP1	HGNC:28781
ME1	HGNC:6983
ME2	HGNC:6984
ME3	HGNC:6985
MEA1	HGNC:6986
MEAF6	HGNC:25674
MEAK7	HGNC:29325
MECOM	HGNC:3498
MECP2	HGNC:6990
MECR	HGNC:19691
MED1	HGNC:9234
MED10	HGNC:28760
MED11	HGNC:32687
MED12	HGNC:11957
MED12L	HGNC:16050
MED13	HGNC:22474
MED13L	HGNC:22962
MED14	HGNC:2370
MED15	HGNC:14248
MED16	HGNC:17556
MED17	HGNC:2375
MED18	HGNC:25944
MED19	HGNC:29600
MED20	HGNC:16840
MED21	HGNC:11473
MED22	HGNC:11477
MED23	HGNC:2372
MED24	HGNC:22963
MED25	HGNC:28845
MED26	HGNC:2376
MED27	HGNC:2377
MED28	HGNC:24628
MED29	HGNC:23074
MED30	HGNC:23032
MED31	HGNC:24260
MED4	HGNC:17903
MED6	HGNC:19970
MED7	HGNC:2378
MED8	HGNC:19971
MED9	HGNC:25487
MEDAG	HGNC:25926
MEF2A	HGNC:6993
MEF2B	HGNC:6995
MEF2C	HGNC:6996
MEF2D	HGNC:6997
MEFV	HGNC:6998
MEG3	HGNC:14575
MEGF10	HGNC:29634
MEGF11	HGNC:29635
MEGF6	HGNC:3232
MEGF8	HGNC:3233
MEGF9	HGNC:3234
MEI1	HGNC:28613
MEI4	HGNC:43638
MEIG1	HGNC:23429
MEIKIN	HGNC:51253
MEIOB	HGNC:28569
MEIOC	HGNC:26670
MEIOSIN	HGNC:44318
MEIS1	HGNC:7000
MEIS2	HGNC:7001
MEIS3	HGNC:29537
MELK	HGNC:16870
MELTF	HGNC:7037
MEMO1	HGNC:14014
MEN1	HGNC:7010
MEOX1	HGNC:7013
MEOX2	HGNC:7014
MEP1A	HGNC:7015
MEP1B	HGNC:7020
MEPCE	HGNC:20247
MEPE	HGNC:13361
MERTK	HGNC:7027
MESD	HGNC:13520
MESP1	HGNC:29658
MESP2	HGNC:29659
MEST	HGNC:7028
MET	HGNC:7029
METAP1	HGNC:15789
METAP1D	HGNC:32583
METAP2	HGNC:16672
METRN	HGNC:14151
METRNL	HGNC:27584
METTL1	HGNC:7030
METTL13	HGNC:24248
METTL14	HGNC:29330
METTL15	HGNC:26606
METTL16	HGNC:28484
METTL17	HGNC:19280
METTL18	HGNC:28793
METTL21A	HGNC:30476
METTL21C	HGNC:33717
METTL22	HGNC:28368
METTL23	HGNC:26988
METTL24	HGNC:21566
METTL25	HGNC:26228
METTL25B	HGNC:24273
METTL26	HGNC:14141
METTL27	HGNC:19068
METTL2A	HGNC:25755
METTL2B	HGNC:18272
METTL3	HGNC:17563
METTL4	HGNC:24726
METTL5	HGNC:25006
METTL6	HGNC:28343
METTL8	HGNC:25856
METTL9	HGNC:24586
MEX3A	HGNC:33482
MEX3B	HGNC:25297
MEX3C	HGNC:28040
MEX3D	HGNC:16734
MFAP1	HGNC:7032
MFAP2	HGNC:7033
MFAP3	HGNC:7034
MFAP3L	HGNC:29083
MFAP4	HGNC:7035
MFAP5	HGNC:29673
MFF	HGNC:24858
MFGE8	HGNC:7036
MFHAS1	HGNC:16982
MFN1	HGNC:18262
MFN2	HGNC:16877
MFNG	HGNC:7038
MFRP	HGNC:18121
MFSD1	HGNC:25874
MFSD11	HGNC:25458
MFSD12	HGNC:28299
MFSD2A	HGNC:25897
MFSD2B	HGNC:37207
MFSD6	HGNC:24711
MFSD6L	HGNC:26656
MFSD8	HGNC:28486
MGA	HGNC:14010
MGAM	HGNC:7043
MGAM2	HGNC:28101
MGARP	HGNC:29969
MGAT1	HGNC:7044
MGAT2	HGNC:7045
MGAT3	HGNC:7046
MGAT4A	HGNC:7047
MGAT4B	HGNC:7048
MGAT4C	HGNC:30871
MGAT4D	HGNC:43619
MGAT5	HGNC:7049
MGAT5B	HGNC:24140
MGLL	HGNC:17038
MGME1	HGNC:16205
MGMT	HGNC:7059
MGP	HGNC:7060
MGRN1	HGNC:20254
MGST1	HGNC:7061
MGST2	HGNC:7063
MGST3	HGNC:7064
MIA	HGNC:7076
MIA2	HGNC:18432
MIA3	HGNC:24008
MIAT	HGNC:33425
MIB1	HGNC:21086
MIB2	HGNC:30577
MICA	HGNC:7090
MICAL1	HGNC:20619
MICAL2	HGNC:24693
MICAL3	HGNC:24694
MICALL1	HGNC:29804
MICALL2	HGNC:29672
MICB	HGNC:7091
MICOS10	HGNC:32068
MICOS13	HGNC:33702
MICU1	HGNC:1530
MICU2	HGNC:31830
MICU3	HGNC:27820
MID1	HGNC:7095
MID1IP1	HGNC:20715
MID2	HGNC:7096
MIDEAS	HGNC:19853
MIDN	HGNC:16298
MIEF1	HGNC:25979
MIEF2	HGNC:17920
MIEN1	HGNC:28230
MIER1	HGNC:29657
MIER2	HGNC:29210
MIER3	HGNC:26678
MIF	HGNC:7097
MIF4GD	HGNC:24030
MIGA1	HGNC:24741
MIGA2	HGNC:23621
MIIP	HGNC:25715
MILR1	HGNC:27570
MINAR1	HGNC:29172
MINAR2	HGNC:33914
MINDY1	HGNC:25648
MINDY2	HGNC:26954
MINDY3	HGNC:23578
MINDY4	HGNC:21916
MINDY4B	HGNC:35475
MINK1	HGNC:17565
MINPP1	HGNC:7102
MIOS	HGNC:21905
MIOX	HGNC:14522
MIP	HGNC:7103
MIPEP	HGNC:7104
MIPOL1	HGNC:21460
MIR17HG	HGNC:23564
MIR2052HG	HGNC:51555
MIS12	HGNC:24967
MIS18A	HGNC:1286
MIS18BP1	HGNC:20190
MISFA	HGNC:44122
MISP	HGNC:27000
MISP3	HGNC:26963
MITD1	HGNC:25207
MITF	HGNC:7105
MIURF	
MIX23	HGNC:31136
MIXL1	HGNC:13363
MKI67	HGNC:7107
MKKS	HGNC:7108
MKLN1	HGNC:7109
MKNK1	HGNC:7110
MKNK2	HGNC:7111
MKRN1	HGNC:7112
MKRN2	HGNC:7113
MKRN2OS	HGNC:40375
MKRN3	HGNC:7114
MKS1	HGNC:7121
MKX	HGNC:23729
MLANA	HGNC:7124
MLC1	HGNC:17082
MLEC	HGNC:28973
MLF1	HGNC:7125
MLF2	HGNC:7126
MLH1	HGNC:7127
MLH3	HGNC:7128
MLIP	HGNC:21355
MLKL	HGNC:26617
MLLT1	HGNC:7134
MLLT10	HGNC:16063
MLLT11	HGNC:16997
MLLT3	HGNC:7136
MLLT6	HGNC:7138
MLN	HGNC:7141
MLNR	HGNC:4495
MLPH	HGNC:29643
MLST8	HGNC:24825
MLX	HGNC:11645
MLXIP	HGNC:17055
MLXIPL	HGNC:12744
MLYCD	HGNC:7150
MMAA	HGNC:18871
MMAB	HGNC:19331
MMACHC	HGNC:24525
MMADHC	HGNC:25221
MMD	HGNC:7153
MMD2	HGNC:30133
MME	HGNC:7154
MMEL1	HGNC:14668
MMGT1	HGNC:28100
MMP1	HGNC:7155
MMP10	HGNC:7156
MMP11	HGNC:7157
MMP12	HGNC:7158
MMP13	HGNC:7159
MMP14	HGNC:7160
MMP15	HGNC:7161
MMP16	HGNC:7162
MMP17	HGNC:7163
MMP19	HGNC:7165
MMP2	HGNC:7166
MMP20	HGNC:7167
MMP21	HGNC:14357
MMP23B	HGNC:7171
MMP24	HGNC:7172
MMP24OS	HGNC:44421
MMP25	HGNC:14246
MMP26	HGNC:14249
MMP27	HGNC:14250
MMP28	HGNC:14366
MMP3	HGNC:7173
MMP7	HGNC:7174
MMP8	HGNC:7175
MMP9	HGNC:7176
MMRN1	HGNC:7178
MMRN2	HGNC:19888
MMS19	HGNC:13824
MMS22L	HGNC:21475
MMUT	HGNC:7526
MN1	HGNC:7180
MNAT1	HGNC:7181
MND1	HGNC:24839
MNDA	HGNC:7183
MNS1	HGNC:29636
MNT	HGNC:7188
MNX1	HGNC:4979
MOAP1	HGNC:16658
MOB1A	HGNC:16015
MOB1B	HGNC:29801
MOB2	HGNC:24904
MOB3A	HGNC:29802
MOB3B	HGNC:23825
MOB3C	HGNC:29800
MOB4	HGNC:17261
MOBP	HGNC:7189
MOCOS	HGNC:18234
MOCS1	HGNC:7190
MOCS2	HGNC:7193
MOCS3	HGNC:15765
MOG	HGNC:7197
MOGAT1	HGNC:18210
MOGAT2	HGNC:23248
MOGAT3	HGNC:23249
MOGS	HGNC:24862
MOK	HGNC:9833
MON1A	HGNC:28207
MON1B	HGNC:25020
MON2	HGNC:29177
MORC1	HGNC:7198
MORC2	HGNC:23573
MORC3	HGNC:23572
MORC4	HGNC:23485
MORF4L1	HGNC:16989
MORF4L2	HGNC:16849
MORN1	HGNC:25852
MORN2	HGNC:30166
MORN3	HGNC:29807
MORN4	HGNC:24001
MORN5	HGNC:17841
MOS	HGNC:7199
MOSMO	HGNC:27087
MOSPD1	HGNC:25235
MOSPD2	HGNC:28381
MOSPD3	HGNC:25078
MOV10	HGNC:7200
MOV10L1	HGNC:7201
MOXD1	HGNC:21063
MPC1	HGNC:21606
MPC1L	HGNC:44205
MPC2	HGNC:24515
MPDU1	HGNC:7207
MPDZ	HGNC:7208
MPEG1	HGNC:29619
MPG	HGNC:7211
MPHOSPH10	HGNC:7213
MPHOSPH6	HGNC:7214
MPHOSPH8	HGNC:29810
MPHOSPH9	HGNC:7215
MPI	HGNC:7216
MPIG6B	HGNC:13937
MPL	HGNC:7217
MPLKIP	HGNC:16002
MPND	HGNC:25934
MPO	HGNC:7218
MPP1	HGNC:7219
MPP2	HGNC:7220
MPP3	HGNC:7221
MPP4	HGNC:13680
MPP7	HGNC:26542
MPPE1	HGNC:15988
MPPED1	HGNC:1306
MPPED2	HGNC:1180
MPRIP	HGNC:30321
MPST	HGNC:7223
MPV17	HGNC:7224
MPV17L	HGNC:26827
MPV17L2	HGNC:28177
MPZ	HGNC:7225
MPZL1	HGNC:7226
MPZL2	HGNC:3496
MPZL3	HGNC:27279
MR1	HGNC:4975
MRAP	HGNC:1304
MRAP2	HGNC:21232
MRAS	HGNC:7227
MRC1	HGNC:7228
MRC2	HGNC:16875
MRE11	HGNC:7230
MREG	HGNC:25478
MRFAP1	HGNC:24549
MRFAP1L1	HGNC:28796
MRFAP1L2	HGNC:25109
MRGBP	HGNC:15866
MRGPRD	HGNC:29626
MRGPRE	HGNC:30694
MRGPRF	HGNC:24828
MRGPRG	HGNC:24829
MRGPRX1	HGNC:17962
MRGPRX2	HGNC:17983
MRGPRX3	HGNC:17980
MRGPRX4	HGNC:17617
MRI1	HGNC:28469
MRLN	HGNC:48649
MRM1	HGNC:26202
MRM2	HGNC:16352
MRM3	HGNC:18485
MRNIP	HGNC:30817
MRO	HGNC:24121
MROH1	HGNC:26958
MROH2A	HGNC:27936
MROH2B	HGNC:26857
MROH5	HGNC:42976
MROH6	HGNC:27814
MROH7	HGNC:24802
MROH8	HGNC:16125
MROH9	HGNC:26287
MRPL1	HGNC:14275
MRPL10	HGNC:14055
MRPL11	HGNC:14042
MRPL12	HGNC:10378
MRPL13	HGNC:14278
MRPL14	HGNC:14279
MRPL15	HGNC:14054
MRPL16	HGNC:14476
MRPL17	HGNC:14053
MRPL18	HGNC:14477
MRPL19	HGNC:14052
MRPL2	HGNC:14056
MRPL20	HGNC:14478
MRPL21	HGNC:14479
MRPL22	HGNC:14480
MRPL23	HGNC:10322
MRPL24	HGNC:14037
MRPL27	HGNC:14483
MRPL28	HGNC:14484
MRPL3	HGNC:10379
MRPL30	HGNC:14036
MRPL32	HGNC:14035
MRPL33	HGNC:14487
MRPL34	HGNC:14488
MRPL35	HGNC:14489
MRPL36	HGNC:14490
MRPL37	HGNC:14034
MRPL38	HGNC:14033
MRPL39	HGNC:14027
MRPL4	HGNC:14276
MRPL40	HGNC:14491
MRPL41	HGNC:14492
MRPL42	HGNC:14493
MRPL43	HGNC:14517
MRPL44	HGNC:16650
MRPL45	HGNC:16651
MRPL46	HGNC:1192
MRPL47	HGNC:16652
MRPL48	HGNC:16653
MRPL49	HGNC:1176
MRPL50	HGNC:16654
MRPL51	HGNC:14044
MRPL52	HGNC:16655
MRPL53	HGNC:16684
MRPL54	HGNC:16685
MRPL55	HGNC:16686
MRPL57	HGNC:14514
MRPL58	HGNC:5359
MRPL9	HGNC:14277
MRPS10	HGNC:14502
MRPS11	HGNC:14050
MRPS12	HGNC:10380
MRPS14	HGNC:14049
MRPS15	HGNC:14504
MRPS16	HGNC:14048
MRPS17	HGNC:14047
MRPS18A	HGNC:14515
MRPS18B	HGNC:14516
MRPS18C	HGNC:16633
MRPS2	HGNC:14495
MRPS21	HGNC:14046
MRPS22	HGNC:14508
MRPS23	HGNC:14509
MRPS24	HGNC:14510
MRPS25	HGNC:14511
MRPS26	HGNC:14045
MRPS27	HGNC:14512
MRPS28	HGNC:14513
MRPS30	HGNC:8769
MRPS31	HGNC:16632
MRPS33	HGNC:16634
MRPS34	HGNC:16618
MRPS35	HGNC:16635
MRPS5	HGNC:14498
MRPS6	HGNC:14051
MRPS7	HGNC:14499
MRPS9	HGNC:14501
MRRF	HGNC:7234
MRS2	HGNC:13785
MRTFA	HGNC:14334
MRTFB	HGNC:29819
MRTO4	HGNC:18477
MS4A1	HGNC:7315
MS4A10	HGNC:13368
MS4A12	HGNC:13370
MS4A13	HGNC:16674
MS4A14	HGNC:30706
MS4A15	HGNC:28573
MS4A18	HGNC:37636
MS4A2	HGNC:7316
MS4A3	HGNC:7317
MS4A4A	HGNC:13371
MS4A4E	HGNC:14284
MS4A5	HGNC:13374
MS4A6A	HGNC:13375
MS4A6E	HGNC:14285
MS4A7	HGNC:13378
MS4A8	HGNC:13380
MSANTD1	HGNC:33741
MSANTD2	HGNC:26266
MSANTD3	HGNC:23370
MSANTD4	HGNC:29383
MSANTD5	HGNC:55184
MSANTD7	HGNC:56248
MSC	HGNC:7321
MSGN1	HGNC:14907
MSH2	HGNC:7325
MSH3	HGNC:7326
MSH4	HGNC:7327
MSH5	HGNC:7328
MSH6	HGNC:7329
MSI1	HGNC:7330
MSI2	HGNC:18585
MSL1	HGNC:27905
MSL2	HGNC:25544
MSL3	HGNC:7370
MSL3B	HGNC:17837
MSLN	HGNC:7371
MSMB	HGNC:7372
MSMO1	HGNC:10545
MSMP	HGNC:29663
MSN	HGNC:7373
MSR1	HGNC:7376
MSRA	HGNC:7377
MSRB1	HGNC:14133
MSRB2	HGNC:17061
MSRB3	HGNC:27375
MSS51	HGNC:21000
MST1	HGNC:7380
MST1R	HGNC:7381
MSTN	HGNC:4223
MSTO1	HGNC:29678
MSX1	HGNC:7391
MSX2	HGNC:7392
MT1A	HGNC:7393
MT1B	HGNC:7394
MT1E	HGNC:7397
MT1F	HGNC:7398
MT1G	HGNC:7399
MT1H	HGNC:7400
MT1HL1	HGNC:31864
MT1M	HGNC:14296
MT1X	HGNC:7405
MT2A	HGNC:7406
MT3	HGNC:7408
MT4	HGNC:18705
MTA1	HGNC:7410
MTA2	HGNC:7411
MTA3	HGNC:23784
MTAP	HGNC:7413
MTARC1	HGNC:26189
MTARC2	HGNC:26064
MTBP	HGNC:7417
MTCH1	HGNC:17586
MTCH2	HGNC:17587
MTCL1	HGNC:29121
MTCL2	HGNC:16111
MTCL3	HGNC:21494
MTCP1	HGNC:7423
MTDH	HGNC:29608
MTERF1	HGNC:21463
MTERF2	HGNC:30779
MTERF3	HGNC:24258
MTERF4	HGNC:28785
MTF1	HGNC:7428
MTF2	HGNC:29535
MTFMT	HGNC:29666
MTFP1	HGNC:26945
MTFR1	HGNC:29510
MTFR1L	HGNC:28836
MTFR2	HGNC:21115
MTG1	HGNC:32159
MTG2	HGNC:16239
MTHFD1	HGNC:7432
MTHFD1L	HGNC:21055
MTHFD2	HGNC:7434
MTHFD2L	HGNC:31865
MTHFR	HGNC:7436
MTHFS	HGNC:7437
MTHFSD	HGNC:25778
MTIF2	HGNC:7441
MTIF3	HGNC:29788
MTLN	HGNC:27339
MTM1	HGNC:7448
MTMR1	HGNC:7449
MTMR10	HGNC:25999
MTMR11	HGNC:24307
MTMR12	HGNC:18191
MTMR14	HGNC:26190
MTMR2	HGNC:7450
MTMR3	HGNC:7451
MTMR4	HGNC:7452
MTMR6	HGNC:7453
MTMR7	HGNC:7454
MTMR8	HGNC:16825
MTMR9	HGNC:14596
MTNAP1	HGNC:29601
MTNR1A	HGNC:7463
MTNR1B	HGNC:7464
MTO1	HGNC:19261
MTOR	HGNC:3942
MTPAP	HGNC:25532
MTPN	HGNC:15667
MTR	HGNC:7468
MTRES1	HGNC:17971
MTREX	HGNC:18734
MTRF1	HGNC:7469
MTRF1L	HGNC:21051
MTRFR	HGNC:26784
MTRR	HGNC:7473
MTSS1	HGNC:20443
MTSS2	HGNC:25094
MTTP	HGNC:7467
MTURN	HGNC:25457
MTUS1	HGNC:29789
MTUS2	HGNC:20595
MTX1	HGNC:7504
MTX2	HGNC:7506
MTX3	HGNC:24812
MUC12	HGNC:7510
MUC13	HGNC:7511
MUC15	HGNC:14956
MUC16	HGNC:15582
MUC17	HGNC:16800
MUC2	HGNC:7512
MUC20	HGNC:23282
MUC21	HGNC:21661
MUC22	HGNC:39755
MUC3A	HGNC:7513
MUC4	HGNC:7514
MUC5AC	HGNC:7515
MUC5B	HGNC:7516
MUC6	HGNC:7517
MUC7	HGNC:7518
MUCL1	HGNC:30588
MUCL3	HGNC:21666
MUL1	HGNC:25762
MUS81	HGNC:29814
MUSK	HGNC:7525
MUSTN1	HGNC:22144
MUTYH	HGNC:7527
MVB12A	HGNC:25153
MVB12B	HGNC:23368
MVD	HGNC:7529
MVK	HGNC:7530
MVP	HGNC:7531
MX1	HGNC:7532
MX2	HGNC:7533
MXD1	HGNC:6761
MXD3	HGNC:14008
MXD4	HGNC:13906
MXI1	HGNC:7534
MXRA5	HGNC:7539
MXRA7	HGNC:7541
MXRA8	HGNC:7542
MYADM	HGNC:7544
MYADML2	HGNC:34548
MYB	HGNC:7545
MYBBP1A	HGNC:7546
MYBL1	HGNC:7547
MYBL2	HGNC:7548
MYBPC1	HGNC:7549
MYBPC2	HGNC:7550
MYBPC3	HGNC:7551
MYBPH	HGNC:7552
MYBPHL	HGNC:30434
MYC	HGNC:7553
MYCBP	HGNC:7554
MYCBP2	HGNC:23386
MYCBPAP	HGNC:19677
MYCL	HGNC:7555
MYCN	HGNC:7559
MYCT1	HGNC:23172
MYD88	HGNC:7562
MYDGF	HGNC:16948
MYEF2	HGNC:17940
MYEOV	HGNC:7563
MYF5	HGNC:7565
MYF6	HGNC:7566
MYG1	HGNC:17590
MYH1	HGNC:7567
MYH10	HGNC:7568
MYH11	HGNC:7569
MYH13	HGNC:7571
MYH14	HGNC:23212
MYH15	HGNC:31073
MYH16	HGNC:31038
MYH2	HGNC:7572
MYH3	HGNC:7573
MYH4	HGNC:7574
MYH6	HGNC:7576
MYH7	HGNC:7577
MYH7B	HGNC:15906
MYH8	HGNC:7578
MYH9	HGNC:7579
MYL1	HGNC:7582
MYL10	HGNC:29825
MYL11	HGNC:29824
MYL12A	HGNC:16701
MYL12B	HGNC:29827
MYL2	HGNC:7583
MYL3	HGNC:7584
MYL4	HGNC:7585
MYL5	HGNC:7586
MYL6	HGNC:7587
MYL6B	HGNC:29823
MYL7	HGNC:21719
MYL9	HGNC:15754
MYLIP	HGNC:21155
MYLK	HGNC:7590
MYLK2	HGNC:16243
MYLK3	HGNC:29826
MYLK4	HGNC:27972
MYMK	HGNC:33778
MYMX	HGNC:52391
MYNN	HGNC:14955
MYO10	HGNC:7593
MYO15A	HGNC:7594
MYO15B	HGNC:14083
MYO16	HGNC:29822
MYO18A	HGNC:31104
MYO18B	HGNC:18150
MYO19	HGNC:26234
MYO1A	HGNC:7595
MYO1B	HGNC:7596
MYO1C	HGNC:7597
MYO1D	HGNC:7598
MYO1E	HGNC:7599
MYO1F	HGNC:7600
MYO1G	HGNC:13880
MYO1H	HGNC:13879
MYO3A	HGNC:7601
MYO3B	HGNC:15576
MYO5A	HGNC:7602
MYO5B	HGNC:7603
MYO5C	HGNC:7604
MYO6	HGNC:7605
MYO7A	HGNC:7606
MYO7B	HGNC:7607
MYO9A	HGNC:7608
MYO9B	HGNC:7609
MYOC	HGNC:7610
MYOCD	HGNC:16067
MYOCOS	HGNC:53429
MYOD1	HGNC:7611
MYOF	HGNC:3656
MYOG	HGNC:7612
MYOM1	HGNC:7613
MYOM2	HGNC:7614
MYOM3	HGNC:26679
MYORG	HGNC:19918
MYOT	HGNC:12399
MYOZ1	HGNC:13752
MYOZ2	HGNC:1330
MYOZ3	HGNC:18565
MYPN	HGNC:23246
MYPOP	HGNC:20178
MYRF	HGNC:1181
MYRFL	HGNC:26316
MYRIP	HGNC:19156
MYSM1	HGNC:29401
MYT1	HGNC:7622
MYT1L	HGNC:7623
MYZAP	HGNC:43444
MZB1	HGNC:30125
MZF1	HGNC:13108
MZT1	HGNC:33830
MZT2A	HGNC:33187
MZT2B	HGNC:25886
N4BP1	HGNC:29850
N4BP2	HGNC:29851
N4BP2L1	HGNC:25037
N4BP2L2	HGNC:26916
N4BP3	HGNC:29852
NAA10	HGNC:18704
NAA11	HGNC:28125
NAA15	HGNC:30782
NAA16	HGNC:26164
NAA20	HGNC:15908
NAA25	HGNC:25783
NAA30	HGNC:19844
NAA35	HGNC:24340
NAA38	HGNC:28212
NAA40	HGNC:25845
NAA50	HGNC:29533
NAA60	HGNC:25875
NAA80	HGNC:30252
NAAA	HGNC:736
NAALAD2	HGNC:14526
NAALADL1	HGNC:23536
NAALADL2	HGNC:23219
NAB1	HGNC:7626
NAB2	HGNC:7627
NABP1	HGNC:26232
NABP2	HGNC:28412
NACA	HGNC:7629
NACA2	HGNC:23290
NACAD	HGNC:22196
NACC1	HGNC:20967
NACC2	HGNC:23846
NADK	HGNC:29831
NADK2	HGNC:26404
NADSYN1	HGNC:29832
NAE1	HGNC:621
NAF1	HGNC:25126
NAGA	HGNC:7631
NAGK	HGNC:17174
NAGLU	HGNC:7632
NAGPA	HGNC:17378
NAGS	HGNC:17996
NAIF1	HGNC:25446
NAIP	HGNC:7634
NALCN	HGNC:19082
NALF1	HGNC:33877
NALF2	HGNC:30701
NAMPT	HGNC:30092
NANOG	HGNC:20857
NANOGNB	HGNC:24958
NANOGP8	HGNC:23106
NANOS1	HGNC:23044
NANOS2	HGNC:23292
NANOS3	HGNC:22048
NANP	HGNC:16140
NANS	HGNC:19237
NAP1L1	HGNC:7637
NAP1L2	HGNC:7638
NAP1L3	HGNC:7639
NAP1L4	HGNC:7640
NAP1L5	HGNC:19968
NAPA	HGNC:7641
NAPB	HGNC:15751
NAPEPLD	HGNC:21683
NAPG	HGNC:7642
NAPRT	HGNC:30450
NAPSA	HGNC:13395
NARF	HGNC:29916
NARS1	HGNC:7643
NARS2	HGNC:26274
NASP	HGNC:7644
NAT1	HGNC:7645
NAT10	HGNC:29830
NAT14	HGNC:28918
NAT16	HGNC:22030
NAT2	HGNC:7646
NAT8	HGNC:18069
NAT8L	HGNC:26742
NAT9	HGNC:23133
NATD1	HGNC:30770
NAV1	HGNC:15989
NAV2	HGNC:15997
NAV3	HGNC:15998
NAXD	HGNC:25576
NAXE	HGNC:18453
NBAS	HGNC:15625
NBDY	HGNC:50713
NBEA	HGNC:7648
NBEAL1	HGNC:20681
NBEAL2	HGNC:31928
NBL1	HGNC:7650
NBN	HGNC:7652
NBPF1	HGNC:26088
NBPF10	HGNC:31992
NBPF11	HGNC:31993
NBPF12	HGNC:24297
NBPF14	HGNC:25232
NBPF15	HGNC:28791
NBPF19	HGNC:31999
NBPF20	HGNC:32000
NBPF26	HGNC:49571
NBPF3	HGNC:25076
NBPF4	HGNC:26550
NBPF6	HGNC:31988
NBPF8	HGNC:31990
NBPF9	HGNC:31991
NBR1	HGNC:6746
NCALD	HGNC:7655
NCAM1	HGNC:7656
NCAM2	HGNC:7657
NCAN	HGNC:2465
NCAPD2	HGNC:24305
NCAPD3	HGNC:28952
NCAPG	HGNC:24304
NCAPG2	HGNC:21904
NCAPH	HGNC:1112
NCAPH2	HGNC:25071
NCBP1	HGNC:7658
NCBP2	HGNC:7659
NCBP2AS2	HGNC:25121
NCBP2L	HGNC:31795
NCBP3	HGNC:24612
NCCRP1	HGNC:33739
NCDN	HGNC:17597
NCEH1	HGNC:29260
NCF1	HGNC:7660
NCF2	HGNC:7661
NCF4	HGNC:7662
NCK1	HGNC:7664
NCK2	HGNC:7665
NCKAP1	HGNC:7666
NCKAP1L	HGNC:4862
NCKAP5	HGNC:29847
NCKAP5L	HGNC:29321
NCKIPSD	HGNC:15486
NCL	HGNC:7667
NCLN	HGNC:26923
NCMAP	HGNC:29332
NCOA1	HGNC:7668
NCOA2	HGNC:7669
NCOA3	HGNC:7670
NCOA4	HGNC:7671
NCOA5	HGNC:15909
NCOA6	HGNC:15936
NCOA7	HGNC:21081
NCOR1	HGNC:7672
NCOR2	HGNC:7673
NCR1	HGNC:6731
NCR2	HGNC:6732
NCR3	HGNC:19077
NCR3LG1	HGNC:42400
NCS1	HGNC:3953
NCSTN	HGNC:17091
NDC1	HGNC:25525
NDC80	HGNC:16909
NDE1	HGNC:17619
NDEL1	HGNC:17620
NDFIP1	HGNC:17592
NDFIP2	HGNC:18537
NDN	HGNC:7675
NDNF	HGNC:26256
NDOR1	HGNC:29838
NDP	HGNC:7678
NDRG1	HGNC:7679
NDRG2	HGNC:14460
NDRG3	HGNC:14462
NDRG4	HGNC:14466
NDST1	HGNC:7680
NDST2	HGNC:7681
NDST3	HGNC:7682
NDST4	HGNC:20779
NDUFA1	HGNC:7683
NDUFA10	HGNC:7684
NDUFA11	HGNC:20371
NDUFA12	HGNC:23987
NDUFA13	HGNC:17194
NDUFA2	HGNC:7685
NDUFA3	HGNC:7686
NDUFA5	HGNC:7688
NDUFA6	HGNC:7690
NDUFA7	HGNC:7691
NDUFA8	HGNC:7692
NDUFA9	HGNC:7693
NDUFAB1	HGNC:7694
NDUFAF1	HGNC:18828
NDUFAF2	HGNC:28086
NDUFAF3	HGNC:29918
NDUFAF4	HGNC:21034
NDUFAF5	HGNC:15899
NDUFAF6	HGNC:28625
NDUFAF7	HGNC:28816
NDUFAF8	HGNC:33551
NDUFB1	HGNC:7695
NDUFB10	HGNC:7696
NDUFB11	HGNC:20372
NDUFB2	HGNC:7697
NDUFB3	HGNC:7698
NDUFB4	HGNC:7699
NDUFB5	HGNC:7700
NDUFB6	HGNC:7701
NDUFB7	HGNC:7702
NDUFB8	HGNC:7703
NDUFB9	HGNC:7704
NDUFC1	HGNC:7705
NDUFC2	HGNC:7706
NDUFS1	HGNC:7707
NDUFS2	HGNC:7708
NDUFS3	HGNC:7710
NDUFS4	HGNC:7711
NDUFS5	HGNC:7712
NDUFS6	HGNC:7713
NDUFS7	HGNC:7714
NDUFS8	HGNC:7715
NDUFV1	HGNC:7716
NDUFV2	HGNC:7717
NDUFV3	HGNC:7719
NEAT1	HGNC:30815
NEB	HGNC:7720
NEBL	HGNC:16932
NECAB1	HGNC:20983
NECAB2	HGNC:23746
NECAB3	HGNC:15851
NECAP1	HGNC:24539
NECAP2	HGNC:25528
NECTIN1	HGNC:9706
NECTIN2	HGNC:9707
NECTIN3	HGNC:17664
NECTIN4	HGNC:19688
NEDD1	HGNC:7723
NEDD4	HGNC:7727
NEDD4L	HGNC:7728
NEDD8	HGNC:7732
NEDD9	HGNC:7733
NEFH	HGNC:7737
NEFL	HGNC:7739
NEFM	HGNC:7734
NEGR1	HGNC:17302
NEIL1	HGNC:18448
NEIL2	HGNC:18956
NEIL3	HGNC:24573
NEK1	HGNC:7744
NEK10	HGNC:18592
NEK11	HGNC:18593
NEK2	HGNC:7745
NEK3	HGNC:7746
NEK4	HGNC:11399
NEK5	HGNC:7748
NEK6	HGNC:7749
NEK7	HGNC:13386
NEK8	HGNC:13387
NEK9	HGNC:18591
NELFA	HGNC:12768
NELFB	HGNC:24324
NELFCD	HGNC:15934
NELFE	HGNC:13974
NELL1	HGNC:7750
NELL2	HGNC:7751
NEMF	HGNC:10663
NEMP1	HGNC:29001
NEMP2	HGNC:33700
NENF	HGNC:30384
NEO1	HGNC:7754
NES	HGNC:7756
NET1	HGNC:14592
NETO1	HGNC:13823
NETO2	HGNC:14644
NEU1	HGNC:7758
NEU2	HGNC:7759
NEU3	HGNC:7760
NEU4	HGNC:21328
NEURL1	HGNC:7761
NEURL1B	HGNC:35422
NEURL2	HGNC:16156
NEURL3	HGNC:25162
NEURL4	HGNC:34410
NEUROD1	HGNC:7762
NEUROD2	HGNC:7763
NEUROD4	HGNC:13802
NEUROD6	HGNC:13804
NEUROG1	HGNC:7764
NEUROG2	HGNC:13805
NEUROG3	HGNC:13806
NEXMIF	HGNC:29433
NEXN	HGNC:29557
NF1	HGNC:7765
NF2	HGNC:7773
NFAM1	HGNC:29872
NFASC	HGNC:29866
NFAT5	HGNC:7774
NFATC1	HGNC:7775
NFATC2	HGNC:7776
NFATC2IP	HGNC:25906
NFATC3	HGNC:7777
NFATC4	HGNC:7778
NFE2	HGNC:7780
NFE2L1	HGNC:7781
NFE2L2	HGNC:7782
NFE2L3	HGNC:7783
NFIA	HGNC:7784
NFIB	HGNC:7785
NFIC	HGNC:7786
NFIL3	HGNC:7787
NFILZ	HGNC:52681
NFIX	HGNC:7788
NFKB1	HGNC:7794
NFKB2	HGNC:7795
NFKBIA	HGNC:7797
NFKBIB	HGNC:7798
NFKBID	HGNC:15671
NFKBIE	HGNC:7799
NFKBIL1	HGNC:7800
NFKBIZ	HGNC:29805
NFRKB	HGNC:7802
NFS1	HGNC:15910
NFU1	HGNC:16287
NFX1	HGNC:7803
NFXL1	HGNC:18726
NFYA	HGNC:7804
NFYB	HGNC:7805
NFYC	HGNC:7806
NGB	HGNC:14077
NGDN	HGNC:20271
NGEF	HGNC:7807
NGF	HGNC:7808
NGFR	HGNC:7809
NGLY1	HGNC:17646
NGRN	HGNC:18077
NHEJ1	HGNC:25737
NHERF1	HGNC:11075
NHERF2	HGNC:11076
NHERF4	HGNC:19891
NHLH1	HGNC:7817
NHLH2	HGNC:7818
NHLRC1	HGNC:21576
NHLRC2	HGNC:24731
NHLRC3	HGNC:33751
NHLRC4	HGNC:26700
NHP2	HGNC:14377
NHS	HGNC:7820
NHSL1	HGNC:21021
NHSL2	HGNC:33737
NHSL3	HGNC:29301
NIBAN1	HGNC:16784
NIBAN2	HGNC:25282
NIBAN3	HGNC:24130
NICN1	HGNC:18317
NICOL1	HGNC:34437
NID1	HGNC:7821
NID2	HGNC:13389
NIF3L1	HGNC:13390
NIFK	HGNC:17838
NIM1K	HGNC:28646
NIN	HGNC:14906
NINJ1	HGNC:7824
NINJ2	HGNC:7825
NINL	HGNC:29163
NIP7	HGNC:24328
NIPA1	HGNC:17043
NIPA2	HGNC:17044
NIPAL1	HGNC:27194
NIPAL2	HGNC:25854
NIPAL3	HGNC:25233
NIPAL4	HGNC:28018
NIPBL	HGNC:28862
NIPSNAP1	HGNC:7827
NIPSNAP2	HGNC:4179
NIPSNAP3A	HGNC:23619
NIPSNAP3B	HGNC:23641
NISCH	HGNC:18006
NIT1	HGNC:7828
NIT2	HGNC:29878
NKAIN1	HGNC:25743
NKAIN2	HGNC:16443
NKAIN3	HGNC:26829
NKAIN4	HGNC:16191
NKAP	HGNC:29873
NKAPD1	HGNC:25569
NKAPL	HGNC:21584
NKD1	HGNC:17045
NKD2	HGNC:17046
NKG7	HGNC:7830
NKIRAS1	HGNC:17899
NKIRAS2	HGNC:17898
NKPD1	HGNC:24739
NKRF	HGNC:19374
NKTR	HGNC:7833
NKX1-1	HGNC:24975
NKX1-2	HGNC:31652
NKX2-1	HGNC:11825
NKX2-2	HGNC:7835
NKX2-3	HGNC:7836
NKX2-4	HGNC:7837
NKX2-5	HGNC:2488
NKX2-6	HGNC:32940
NKX2-8	HGNC:16364
NKX3-1	HGNC:7838
NKX3-2	HGNC:951
NKX6-1	HGNC:7839
NKX6-2	HGNC:19321
NKX6-3	HGNC:26328
NLE1	HGNC:19889
NLGN1	HGNC:14291
NLGN2	HGNC:14290
NLGN3	HGNC:14289
NLGN4X	HGNC:14287
NLGN4Y	HGNC:15529
NLK	HGNC:29858
NLN	HGNC:16058
NLRC3	HGNC:29889
NLRC4	HGNC:16412
NLRC5	HGNC:29933
NLRP1	HGNC:14374
NLRP10	HGNC:21464
NLRP11	HGNC:22945
NLRP12	HGNC:22938
NLRP13	HGNC:22937
NLRP14	HGNC:22939
NLRP2	HGNC:22948
NLRP2B	HGNC:29887
NLRP3	HGNC:16400
NLRP4	HGNC:22943
NLRP5	HGNC:21269
NLRP6	HGNC:22944
NLRP7	HGNC:22947
NLRP8	HGNC:22940
NLRP9	HGNC:22941
NLRX1	HGNC:29890
NMB	HGNC:7842
NMBR	HGNC:7843
NMD3	HGNC:24250
NME1	HGNC:7849
NME2	HGNC:7850
NME3	HGNC:7851
NME4	HGNC:7852
NME5	HGNC:7853
NME6	HGNC:20567
NME7	HGNC:20461
NME8	HGNC:16473
NME9	HGNC:21343
NMI	HGNC:7854
NMNAT1	HGNC:17877
NMNAT2	HGNC:16789
NMNAT3	HGNC:20989
NMRAL1	HGNC:24987
NMRK1	HGNC:26057
NMRK2	HGNC:17871
NMS	HGNC:32203
NMT1	HGNC:7857
NMT2	HGNC:7858
NMU	HGNC:7859
NMUR1	HGNC:4518
NMUR2	HGNC:16454
NNAT	HGNC:7860
NNMT	HGNC:7861
NNT	HGNC:7863
NOA1	HGNC:28473
NOB1	HGNC:29540
NOBOX	HGNC:22448
NOC2L	HGNC:24517
NOC3L	HGNC:24034
NOC4L	HGNC:28461
NOCT	HGNC:14254
NOD1	HGNC:16390
NOD2	HGNC:5331
NODAL	HGNC:7865
NOG	HGNC:7866
NOL10	HGNC:25862
NOL11	HGNC:24557
NOL12	HGNC:28585
NOL3	HGNC:7869
NOL4	HGNC:7870
NOL4L	HGNC:16106
NOL6	HGNC:19910
NOL7	HGNC:21040
NOL8	HGNC:23387
NOL9	HGNC:26265
NOLC1	HGNC:15608
NOM1	HGNC:13244
NOMO1	HGNC:30060
NOMO2	HGNC:22652
NOMO3	HGNC:25242
NONO	HGNC:7871
NOP10	HGNC:14378
NOP14	HGNC:16821
NOP16	HGNC:26934
NOP2	HGNC:7867
NOP53	HGNC:4333
NOP56	HGNC:15911
NOP58	HGNC:29926
NOP9	HGNC:19826
NOPCHAP1	HGNC:28628
NOS1	HGNC:7872
NOS1AP	HGNC:16859
NOS2	HGNC:7873
NOS3	HGNC:7876
NOSIP	HGNC:17946
NOSTRIN	HGNC:20203
NOTCH1	HGNC:7881
NOTCH2	HGNC:7882
NOTCH2NLA	HGNC:31862
NOTCH2NLB	HGNC:53923
NOTCH2NLC	HGNC:53924
NOTCH2NLR	HGNC:53925
NOTCH3	HGNC:7883
NOTCH4	HGNC:7884
NOTO	HGNC:31839
NOTUM	HGNC:27106
NOVA1	HGNC:7886
NOVA2	HGNC:7887
NOX1	HGNC:7889
NOX3	HGNC:7890
NOX4	HGNC:7891
NOX5	HGNC:14874
NOXA1	HGNC:10668
NOXO1	HGNC:19404
NOXRED1	HGNC:20487
NPAP1	HGNC:1190
NPAS1	HGNC:7894
NPAS2	HGNC:7895
NPAS3	HGNC:19311
NPAS4	HGNC:18983
NPAT	HGNC:7896
NPB	HGNC:30099
NPBWR1	HGNC:4522
NPBWR2	HGNC:4530
NPC1	HGNC:7897
NPC1L1	HGNC:7898
NPC2	HGNC:14537
NPDC1	HGNC:7899
NPEPL1	HGNC:16244
NPEPPS	HGNC:7900
NPFF	HGNC:7901
NPFFR1	HGNC:17425
NPFFR2	HGNC:4525
NPHP1	HGNC:7905
NPHP3	HGNC:7907
NPHP4	HGNC:19104
NPHS1	HGNC:7908
NPHS2	HGNC:13394
NPIPA1	HGNC:7909
NPIPA2	HGNC:41979
NPIPA3	HGNC:41978
NPIPA5	HGNC:41980
NPIPA6	HGNC:27893
NPIPA7	HGNC:41982
NPIPA8	HGNC:41983
NPIPA9	HGNC:41984
NPIPB11	HGNC:37453
NPIPB12	HGNC:37491
NPIPB13	HGNC:41989
NPIPB15	HGNC:34409
NPIPB2	HGNC:37451
NPIPB4	HGNC:41985
NPIPB5	HGNC:37233
NPIPB6	HGNC:37454
NPIPB7	HGNC:33832
NPIPB8	HGNC:37490
NPIPB9	HGNC:41987
NPL	HGNC:16781
NPLOC4	HGNC:18261
NPM1	HGNC:7910
NPM2	HGNC:7930
NPM3	HGNC:7931
NPNT	HGNC:27405
NPPA	HGNC:7939
NPPB	HGNC:7940
NPPC	HGNC:7941
NPR1	HGNC:7943
NPR2	HGNC:7944
NPR3	HGNC:7945
NPRL2	HGNC:24969
NPRL3	HGNC:14124
NPS	HGNC:33940
NPSR1	HGNC:23631
NPTN	HGNC:17867
NPTX1	HGNC:7952
NPTX2	HGNC:7953
NPTXR	HGNC:7954
NPVF	HGNC:13782
NPW	HGNC:30509
NPY	HGNC:7955
NPY1R	HGNC:7956
NPY2R	HGNC:7957
NPY4R	HGNC:9329
NPY4R2	HGNC:52383
NPY5R	HGNC:7958
NQO1	HGNC:2874
NQO2	HGNC:7856
NR0B1	HGNC:7960
NR0B2	HGNC:7961
NR1D1	HGNC:7962
NR1D2	HGNC:7963
NR1H2	HGNC:7965
NR1H3	HGNC:7966
NR1H4	HGNC:7967
NR1I2	HGNC:7968
NR1I3	HGNC:7969
NR2C1	HGNC:7971
NR2C2	HGNC:7972
NR2C2AP	HGNC:30763
NR2E1	HGNC:7973
NR2E3	HGNC:7974
NR2F1	HGNC:7975
NR2F1-AS1	HGNC:48622
NR2F2	HGNC:7976
NR2F6	HGNC:7977
NR3C1	HGNC:7978
NR3C2	HGNC:7979
NR4A1	HGNC:7980
NR4A2	HGNC:7981
NR4A3	HGNC:7982
NR5A1	HGNC:7983
NR5A2	HGNC:7984
NR6A1	HGNC:7985
NRAP	HGNC:7988
NRARP	HGNC:33843
NRAS	HGNC:7989
NRBF2	HGNC:19692
NRBP1	HGNC:7993
NRBP2	HGNC:19339
NRCAM	HGNC:7994
NRDC	HGNC:7995
NRDE2	HGNC:20186
NREP	HGNC:16834
NRF1	HGNC:7996
NRG1	HGNC:7997
NRG2	HGNC:7998
NRG3	HGNC:7999
NRG4	HGNC:29862
NRGN	HGNC:8000
NRIP1	HGNC:8001
NRIP2	HGNC:23078
NRIP3	HGNC:1167
NRK	HGNC:25391
NRL	HGNC:8002
NRM	HGNC:8003
NRN1	HGNC:17972
NRN1L	HGNC:29811
NRP1	HGNC:8004
NRP2	HGNC:8005
NRROS	HGNC:24613
NRSN1	HGNC:17881
NRSN2	HGNC:16229
NRTN	HGNC:8007
NRXN1	HGNC:8008
NRXN2	HGNC:8009
NRXN3	HGNC:8010
NSA2	HGNC:30728
NSD1	HGNC:14234
NSD2	HGNC:12766
NSD3	HGNC:12767
NSDHL	HGNC:13398
NSF	HGNC:8016
NSFL1C	HGNC:15912
NSG1	HGNC:18790
NSG2	HGNC:24955
NSL1	HGNC:24548
NSMAF	HGNC:8017
NSMCE1	HGNC:29897
NSMCE2	HGNC:26513
NSMCE3	HGNC:7677
NSMCE4A	HGNC:25935
NSMF	HGNC:29843
NSRP1	HGNC:25305
NSUN2	HGNC:25994
NSUN3	HGNC:26208
NSUN4	HGNC:31802
NSUN5	HGNC:16385
NSUN6	HGNC:23529
NSUN7	HGNC:25857
NT5C	HGNC:17144
NT5C1A	HGNC:17819
NT5C1B	HGNC:17818
NT5C2	HGNC:8022
NT5C3A	HGNC:17820
NT5C3B	HGNC:28300
NT5DC1	HGNC:21556
NT5DC2	HGNC:25717
NT5DC3	HGNC:30826
NT5DC4	HGNC:27678
NT5E	HGNC:8021
NT5M	HGNC:15769
NTAN1	HGNC:29909
NTAQ1	HGNC:25490
NTF3	HGNC:8023
NTF4	HGNC:8024
NTHL1	HGNC:8028
NTM	HGNC:17941
NTMT1	HGNC:23373
NTMT2	HGNC:31932
NTN1	HGNC:8029
NTN3	HGNC:8030
NTN4	HGNC:13658
NTN5	HGNC:25208
NTNG1	HGNC:23319
NTNG2	HGNC:14288
NTPCR	HGNC:28204
NTRK1	HGNC:8031
NTRK2	HGNC:8032
NTRK3	HGNC:8033
NTS	HGNC:8038
NTSR1	HGNC:8039
NTSR2	HGNC:8040
NUAK1	HGNC:14311
NUAK2	HGNC:29558
NUB1	HGNC:17623
NUBP1	HGNC:8041
NUBP2	HGNC:8042
NUBPL	HGNC:20278
NUCB1	HGNC:8043
NUCB2	HGNC:8044
NUCKS1	HGNC:29923
NUDC	HGNC:8045
NUDCD1	HGNC:24306
NUDCD2	HGNC:30535
NUDCD3	HGNC:22208
NUDT1	HGNC:8048
NUDT10	HGNC:17621
NUDT11	HGNC:18011
NUDT12	HGNC:18826
NUDT13	HGNC:18827
NUDT14	HGNC:20141
NUDT15	HGNC:23063
NUDT16	HGNC:26442
NUDT16L1	HGNC:28154
NUDT17	HGNC:26618
NUDT18	HGNC:26194
NUDT19	HGNC:32036
NUDT2	HGNC:8049
NUDT21	HGNC:13870
NUDT22	HGNC:28189
NUDT3	HGNC:8050
NUDT4	HGNC:8051
NUDT4B	HGNC:18012
NUDT5	HGNC:8052
NUDT6	HGNC:8053
NUDT7	HGNC:8054
NUDT8	HGNC:8055
NUDT9	HGNC:8056
NUF2	HGNC:14621
NUFIP1	HGNC:8057
NUFIP2	HGNC:17634
NUGGC	HGNC:33550
NUMA1	HGNC:8059
NUMB	HGNC:8060
NUMBL	HGNC:8061
NUP107	HGNC:29914
NUP133	HGNC:18016
NUP153	HGNC:8062
NUP155	HGNC:8063
NUP160	HGNC:18017
NUP188	HGNC:17859
NUP205	HGNC:18658
NUP210	HGNC:30052
NUP210L	HGNC:29915
NUP214	HGNC:8064
NUP35	HGNC:29797
NUP37	HGNC:29929
NUP42	HGNC:17010
NUP43	HGNC:21182
NUP50	HGNC:8065
NUP54	HGNC:17359
NUP58	HGNC:20261
NUP62	HGNC:8066
NUP62CL	HGNC:25960
NUP85	HGNC:8734
NUP88	HGNC:8067
NUP93	HGNC:28958
NUP98	HGNC:8068
NUPR1	HGNC:29990
NUPR2	HGNC:44164
NUS1	HGNC:21042
NUSAP1	HGNC:18538
NUTF2	HGNC:13722
NUTM1	HGNC:29919
NUTM2A	HGNC:23438
NUTM2B	HGNC:23445
NUTM2D	HGNC:23447
NUTM2E	HGNC:23448
NUTM2F	HGNC:23450
NUTM2G	HGNC:23449
NVL	HGNC:8070
NWD1	HGNC:27619
NWD2	HGNC:29229
NXF1	HGNC:8071
NXF2	HGNC:8072
NXF2B	HGNC:23984
NXF3	HGNC:8073
NXN	HGNC:18008
NXNL1	HGNC:25179
NXNL2	HGNC:30482
NXPE1	HGNC:28527
NXPE2	HGNC:26331
NXPE3	HGNC:28238
NXPE4	HGNC:23117
NXPH1	HGNC:20693
NXPH2	HGNC:8076
NXPH3	HGNC:8077
NXPH4	HGNC:8078
NXT1	HGNC:15913
NXT2	HGNC:18151
NYAP1	HGNC:22009
NYAP2	HGNC:29291
NYNRIN	HGNC:20165
NYX	HGNC:8082
OAF	HGNC:28752
OARD1	HGNC:21257
OAS1	HGNC:8086
OAS2	HGNC:8087
OAS3	HGNC:8088
OASL	HGNC:8090
OAT	HGNC:8091
OBI1	HGNC:20308
OBP2A	HGNC:23380
OBP2B	HGNC:23381
OBSCN	HGNC:15719
OBSL1	HGNC:29092
OC90	HGNC:8100
OCA2	HGNC:8101
OCEL1	HGNC:26221
OCIAD1	HGNC:16074
OCIAD2	HGNC:28685
OCLN	HGNC:8104
OCM	HGNC:8105
OCM2	HGNC:34396
OCRL	HGNC:8108
OCSTAMP	HGNC:16116
ODAD1	HGNC:26560
ODAD2	HGNC:25583
ODAD3	HGNC:28303
ODAD4	HGNC:25280
ODAM	HGNC:26043
ODAPH	HGNC:26300
ODC1	HGNC:8109
ODF1	HGNC:8113
ODF2	HGNC:8114
ODF2L	HGNC:29225
ODF4	HGNC:19056
ODR4	HGNC:24299
OFD1	HGNC:2567
OGA	HGNC:7056
OGDH	HGNC:8124
OGDHL	HGNC:25590
OGFOD1	HGNC:25585
OGFOD2	HGNC:25823
OGFOD3	HGNC:26174
OGFR	HGNC:15768
OGFRL1	HGNC:21378
OGG1	HGNC:8125
OGN	HGNC:8126
OGT	HGNC:8127
OIP5	HGNC:20300
OIT3	HGNC:29953
OLA1	HGNC:28833
OLAH	HGNC:25625
OLFM1	HGNC:17187
OLFM2	HGNC:17189
OLFM3	HGNC:17990
OLFM4	HGNC:17190
OLFML1	HGNC:24473
OLFML2A	HGNC:27270
OLFML2B	HGNC:24558
OLFML3	HGNC:24956
OLIG1	HGNC:16983
OLIG2	HGNC:9398
OLIG3	HGNC:18003
OLR1	HGNC:8133
OMA1	HGNC:29661
OMD	HGNC:8134
OMG	HGNC:8135
OMP	HGNC:8136
ONECUT1	HGNC:8138
ONECUT2	HGNC:8139
ONECUT3	HGNC:13399
OOEP	HGNC:21382
OOSP1	HGNC:49233
OOSP2	HGNC:26699
OOSP3	HGNC:53903
OOSP4A	HGNC:53904
OOSP4B	HGNC:53905
OPA1	HGNC:8140
OPA3	HGNC:8142
OPALIN	HGNC:20707
OPCML	HGNC:8143
OPHN1	HGNC:8148
OPLAH	HGNC:8149
OPN1LW	HGNC:9936
OPN1MW	HGNC:4206
OPN1MW2	HGNC:26952
OPN1MW3	HGNC:51831
OPN1SW	HGNC:1012
OPN3	HGNC:14007
OPN4	HGNC:14449
OPN5	HGNC:19992
OPRD1	HGNC:8153
OPRK1	HGNC:8154
OPRL1	HGNC:8155
OPRM1	HGNC:8156
OPRPN	HGNC:17279
OPTC	HGNC:8158
OPTN	HGNC:17142
OR10A2	HGNC:8161
OR10A3	HGNC:8162
OR10A4	HGNC:15130
OR10A5	HGNC:15131
OR10A6	HGNC:15132
OR10A7	HGNC:15329
OR10AD1	HGNC:14819
OR10AG1	HGNC:19607
OR10C1	HGNC:8165
OR10D3	HGNC:8168
OR10G2	HGNC:8170
OR10G3	HGNC:8171
OR10G4	HGNC:14809
OR10G6	HGNC:14836
OR10G7	HGNC:14842
OR10G8	HGNC:14845
OR10G9	HGNC:15129
OR10H1	HGNC:8172
OR10H2	HGNC:8173
OR10H3	HGNC:8174
OR10H4	HGNC:15388
OR10H5	HGNC:15389
OR10J1	HGNC:8175
OR10J4	HGNC:15408
OR10J5	HGNC:14993
OR10K1	HGNC:14693
OR10K2	HGNC:14826
OR10P1	HGNC:15378
OR10Q1	HGNC:15134
OR10R2	HGNC:14820
OR10S1	HGNC:14807
OR10T2	HGNC:14816
OR10V1	HGNC:15136
OR10W1	HGNC:15139
OR10X1	HGNC:14995
OR10Z1	HGNC:14996
OR11A1	HGNC:8176
OR11G2	HGNC:15346
OR11H1	HGNC:15404
OR11H12	HGNC:30738
OR11H2	HGNC:14716
OR11H4	HGNC:15347
OR11H6	HGNC:15349
OR11H7	HGNC:15350
OR11L1	HGNC:14998
OR12D1	HGNC:8177
OR12D2	HGNC:8178
OR12D3	HGNC:13963
OR13A1	HGNC:14772
OR13C2	HGNC:14701
OR13C3	HGNC:14704
OR13C4	HGNC:14722
OR13C5	HGNC:15100
OR13C8	HGNC:15103
OR13C9	HGNC:15104
OR13D1	HGNC:14695
OR13F1	HGNC:14723
OR13G1	HGNC:14999
OR13H1	HGNC:14755
OR13J1	HGNC:15108
OR14A16	HGNC:15022
OR14A2	HGNC:15024
OR14C36	HGNC:15026
OR14I1	HGNC:19575
OR14J1	HGNC:13971
OR14K1	HGNC:15025
OR14L1	HGNC:15023
OR1A1	HGNC:8179
OR1A2	HGNC:8180
OR1B1	HGNC:8181
OR1C1	HGNC:8182
OR1D2	HGNC:8183
OR1D5	HGNC:8186
OR1E1	HGNC:8189
OR1E2	HGNC:8190
OR1F1	HGNC:8194
OR1G1	HGNC:8204
OR1I1	HGNC:8207
OR1J1	HGNC:8208
OR1J2	HGNC:8209
OR1J4	HGNC:8211
OR1K1	HGNC:8212
OR1L1	HGNC:8213
OR1L3	HGNC:8215
OR1L4	HGNC:8216
OR1L6	HGNC:8218
OR1L8	HGNC:15110
OR1M1	HGNC:8220
OR1N1	HGNC:8221
OR1N2	HGNC:15111
OR1Q1	HGNC:8223
OR1R1	HGNC:8226
OR1S1	HGNC:8227
OR1S2	HGNC:15141
OR2A1	HGNC:8229
OR2A12	HGNC:15082
OR2A14	HGNC:15084
OR2A2	HGNC:8230
OR2A25	HGNC:19562
OR2A4	HGNC:14729
OR2A42	HGNC:31230
OR2A5	HGNC:8232
OR2A7	HGNC:8234
OR2AE1	HGNC:15087
OR2AG1	HGNC:15142
OR2AG2	HGNC:15143
OR2AJ1	HGNC:15001
OR2AK2	HGNC:19569
OR2AP1	HGNC:15335
OR2AT4	HGNC:19620
OR2B11	HGNC:31249
OR2B2	HGNC:13966
OR2B3	HGNC:8238
OR2B6	HGNC:8241
OR2C1	HGNC:8242
OR2C3	HGNC:15005
OR2D2	HGNC:8244
OR2D3	HGNC:15146
OR2F1	HGNC:8246
OR2F2	HGNC:8247
OR2G2	HGNC:15007
OR2G3	HGNC:15008
OR2G6	HGNC:27019
OR2H1	HGNC:8252
OR2H2	HGNC:8253
OR2I1	HGNC:8258
OR2J1	HGNC:8259
OR2J2	HGNC:8260
OR2J3	HGNC:8261
OR2K2	HGNC:8264
OR2L13	HGNC:19578
OR2L2	HGNC:8266
OR2L3	HGNC:15009
OR2L5	HGNC:15011
OR2L8	HGNC:15014
OR2M2	HGNC:8268
OR2M3	HGNC:8269
OR2M4	HGNC:8270
OR2M5	HGNC:19576
OR2M7	HGNC:19594
OR2S2	HGNC:8276
OR2T1	HGNC:8277
OR2T10	HGNC:19573
OR2T11	HGNC:19574
OR2T12	HGNC:19592
OR2T2	HGNC:14725
OR2T27	HGNC:31252
OR2T29	HGNC:31253
OR2T3	HGNC:14727
OR2T33	HGNC:31255
OR2T34	HGNC:31256
OR2T35	HGNC:31257
OR2T4	HGNC:15016
OR2T5	HGNC:15017
OR2T6	HGNC:15018
OR2T8	HGNC:15020
OR2V1	HGNC:8280
OR2V2	HGNC:15341
OR2W1	HGNC:8281
OR2W3	HGNC:15021
OR2Y1	HGNC:14837
OR2Z1	HGNC:15391
OR3A1	HGNC:8282
OR3A2	HGNC:8283
OR3A3	HGNC:8284
OR4A15	HGNC:15152
OR4A16	HGNC:15153
OR4A47	HGNC:31266
OR4A5	HGNC:15162
OR4B1	HGNC:8290
OR4C11	HGNC:15167
OR4C12	HGNC:15168
OR4C13	HGNC:15169
OR4C15	HGNC:15171
OR4C16	HGNC:15172
OR4C3	HGNC:14697
OR4C45	HGNC:31270
OR4C46	HGNC:31271
OR4C5	HGNC:14702
OR4C6	HGNC:14743
OR4D1	HGNC:8293
OR4D10	HGNC:15173
OR4D11	HGNC:15174
OR4D2	HGNC:8294
OR4D5	HGNC:14852
OR4D6	HGNC:15175
OR4D9	HGNC:15178
OR4E1	HGNC:8296
OR4E2	HGNC:8297
OR4F15	HGNC:15078
OR4F16	HGNC:15079
OR4F17	HGNC:15381
OR4F21	HGNC:19583
OR4F29	HGNC:31275
OR4F3	HGNC:8300
OR4F5	HGNC:14825
OR4F6	HGNC:15372
OR4K1	HGNC:14726
OR4K13	HGNC:15351
OR4K14	HGNC:15352
OR4K15	HGNC:15353
OR4K17	HGNC:15355
OR4K2	HGNC:14728
OR4K5	HGNC:14745
OR4L1	HGNC:15356
OR4M1	HGNC:14735
OR4M2	HGNC:15373
OR4M2B	HGNC:55109
OR4N2	HGNC:14742
OR4N4	HGNC:15375
OR4N4C	HGNC:55110
OR4N5	HGNC:15358
OR4P4	HGNC:15180
OR4Q2	HGNC:15359
OR4Q3	HGNC:15426
OR4S1	HGNC:14705
OR4S2	HGNC:15183
OR4X1	HGNC:14854
OR4X2	HGNC:15184
OR51A2	HGNC:14764
OR51A4	HGNC:14795
OR51A7	HGNC:15188
OR51B2	HGNC:14703
OR51B4	HGNC:14708
OR51B5	HGNC:19599
OR51B6	HGNC:19600
OR51C1	HGNC:15191
OR51D1	HGNC:15193
OR51E1	HGNC:15194
OR51E2	HGNC:15195
OR51F1	HGNC:15196
OR51F2	HGNC:15197
OR51G1	HGNC:14738
OR51G2	HGNC:15198
OR51I1	HGNC:15200
OR51I2	HGNC:15201
OR51L1	HGNC:14759
OR51M1	HGNC:14847
OR51Q1	HGNC:14851
OR51S1	HGNC:15204
OR51T1	HGNC:15205
OR51V1	HGNC:19597
OR52A1	HGNC:8318
OR52A5	HGNC:19580
OR52B2	HGNC:15207
OR52B4	HGNC:15209
OR52B6	HGNC:15211
OR52D1	HGNC:15212
OR52E1	HGNC:14766
OR52E2	HGNC:14769
OR52E4	HGNC:15213
OR52E5	HGNC:15214
OR52E6	HGNC:15215
OR52E8	HGNC:15217
OR52H1	HGNC:15218
OR52I1	HGNC:15220
OR52I2	HGNC:15221
OR52J3	HGNC:14799
OR52K1	HGNC:15222
OR52K2	HGNC:15223
OR52L1	HGNC:14785
OR52M1	HGNC:15225
OR52N1	HGNC:14853
OR52N2	HGNC:15228
OR52N4	HGNC:15230
OR52N5	HGNC:15231
OR52R1	HGNC:15235
OR52W1	HGNC:15239
OR56A1	HGNC:14781
OR56A3	HGNC:14786
OR56A4	HGNC:14791
OR56A5	HGNC:14792
OR56B1	HGNC:15245
OR56B2	HGNC:15246
OR56B4	HGNC:15248
OR5A1	HGNC:8319
OR5A2	HGNC:15249
OR5AC2	HGNC:15431
OR5AK2	HGNC:15251
OR5AL1	HGNC:14844
OR5AN1	HGNC:15255
OR5AP2	HGNC:15258
OR5AR1	HGNC:15260
OR5AS1	HGNC:15261
OR5AU1	HGNC:15362
OR5B12	HGNC:15432
OR5B17	HGNC:15267
OR5B2	HGNC:8323
OR5B21	HGNC:19616
OR5B3	HGNC:8324
OR5BS1	HGNC:19627
OR5C1	HGNC:8331
OR5D13	HGNC:15280
OR5D14	HGNC:15281
OR5D16	HGNC:15283
OR5D18	HGNC:15285
OR5D3	HGNC:8336
OR5F1	HGNC:8343
OR5H1	HGNC:8346
OR5H14	HGNC:31286
OR5H15	HGNC:31287
OR5H2	HGNC:14752
OR5H6	HGNC:14767
OR5I1	HGNC:8347
OR5J2	HGNC:19612
OR5K1	HGNC:8349
OR5K2	HGNC:14774
OR5K3	HGNC:31290
OR5K4	HGNC:31291
OR5L1	HGNC:8350
OR5L2	HGNC:8351
OR5M1	HGNC:8352
OR5M10	HGNC:15290
OR5M11	HGNC:15291
OR5M3	HGNC:14806
OR5M8	HGNC:14846
OR5M9	HGNC:15294
OR5P2	HGNC:14783
OR5P3	HGNC:14784
OR5T1	HGNC:14821
OR5T2	HGNC:15296
OR5T3	HGNC:15297
OR5V1	HGNC:13972
OR5W2	HGNC:15299
OR6A2	HGNC:15301
OR6B1	HGNC:8354
OR6B2	HGNC:15041
OR6B3	HGNC:15042
OR6C1	HGNC:8355
OR6C2	HGNC:15436
OR6C3	HGNC:15437
OR6C4	HGNC:19632
OR6C6	HGNC:31293
OR6C65	HGNC:31295
OR6C68	HGNC:31297
OR6C70	HGNC:31299
OR6C74	HGNC:31303
OR6C75	HGNC:31304
OR6C76	HGNC:31305
OR6F1	HGNC:15027
OR6J1	HGNC:14707
OR6K2	HGNC:15029
OR6K3	HGNC:15030
OR6K6	HGNC:15033
OR6M1	HGNC:14711
OR6N1	HGNC:15034
OR6N2	HGNC:15035
OR6P1	HGNC:15036
OR6Q1	HGNC:15302
OR6S1	HGNC:15363
OR6T1	HGNC:14848
OR6V1	HGNC:15090
OR6X1	HGNC:14737
OR6Y1	HGNC:14823
OR7A10	HGNC:8356
OR7A17	HGNC:8363
OR7A5	HGNC:8368
OR7C1	HGNC:8373
OR7C2	HGNC:8374
OR7D2	HGNC:8378
OR7D4	HGNC:8380
OR7E24	HGNC:8396
OR7G1	HGNC:8465
OR7G2	HGNC:8466
OR7G3	HGNC:8467
OR8A1	HGNC:8469
OR8B12	HGNC:15307
OR8B2	HGNC:8471
OR8B3	HGNC:8472
OR8B4	HGNC:8473
OR8B8	HGNC:8477
OR8D1	HGNC:8481
OR8D2	HGNC:8482
OR8D4	HGNC:14840
OR8G1	HGNC:8484
OR8G5	HGNC:19622
OR8H1	HGNC:14824
OR8H2	HGNC:15308
OR8H3	HGNC:15309
OR8I2	HGNC:15310
OR8J1	HGNC:14855
OR8J3	HGNC:15312
OR8K1	HGNC:14831
OR8K3	HGNC:15313
OR8K5	HGNC:15315
OR8S1	HGNC:19628
OR8U1	HGNC:19611
OR8U3	HGNC:14841
OR8U8	HGNC:27538
OR8U9	HGNC:29166
OR9A2	HGNC:15093
OR9A4	HGNC:15095
OR9G1	HGNC:15319
OR9G4	HGNC:15322
OR9G9	HGNC:31940
OR9I1	HGNC:14718
OR9K2	HGNC:15339
OR9Q1	HGNC:14724
OR9Q2	HGNC:15328
ORAI1	HGNC:25896
ORAI2	HGNC:21667
ORAI3	HGNC:28185
ORC1	HGNC:8487
ORC2	HGNC:8488
ORC3	HGNC:8489
ORC4	HGNC:8490
ORC5	HGNC:8491
ORC6	HGNC:17151
ORM1	HGNC:8498
ORM2	HGNC:8499
ORMDL1	HGNC:16036
ORMDL2	HGNC:16037
ORMDL3	HGNC:16038
OS9	HGNC:16994
OSBP	HGNC:8503
OSBP2	HGNC:8504
OSBPL10	HGNC:16395
OSBPL11	HGNC:16397
OSBPL1A	HGNC:16398
OSBPL2	HGNC:15761
OSBPL3	HGNC:16370
OSBPL5	HGNC:16392
OSBPL6	HGNC:16388
OSBPL7	HGNC:16387
OSBPL8	HGNC:16396
OSBPL9	HGNC:16386
OSCAR	HGNC:29960
OSCP1	HGNC:29971
OSER1	HGNC:16105
OSGEP	HGNC:18028
OSGEPL1	HGNC:23075
OSGIN1	HGNC:30093
OSGIN2	HGNC:1355
OSM	HGNC:8506
OSMR	HGNC:8507
OSR1	HGNC:8111
OSR2	HGNC:15830
OST4	HGNC:32483
OSTC	HGNC:24448
OSTF1	HGNC:8510
OSTM1	HGNC:21652
OSTN	HGNC:29961
OTC	HGNC:8512
OTOA	HGNC:16378
OTOF	HGNC:8515
OTOG	HGNC:8516
OTOGL	HGNC:26901
OTOL1	HGNC:34071
OTOP1	HGNC:19656
OTOP2	HGNC:19657
OTOP3	HGNC:19658
OTOR	HGNC:8517
OTOS	HGNC:22644
OTP	HGNC:8518
OTUB1	HGNC:23077
OTUB2	HGNC:20351
OTUD1	HGNC:27346
OTUD3	HGNC:29038
OTUD4	HGNC:24949
OTUD5	HGNC:25402
OTUD6A	HGNC:32312
OTUD6B	HGNC:24281
OTUD7A	HGNC:20718
OTUD7B	HGNC:16683
OTULIN	HGNC:25118
OTULINL	HGNC:25629
OTX1	HGNC:8521
OTX2	HGNC:8522
OVAAL	HGNC:49422
OVCA2	HGNC:24203
OVCH1	HGNC:23080
OVCH2	HGNC:29970
OVGP1	HGNC:8524
OVOL1	HGNC:8525
OVOL2	HGNC:15804
OVOL3	HGNC:14186
OXA1L	HGNC:8526
OXCT1	HGNC:8527
OXCT2	HGNC:18606
OXER1	HGNC:24884
OXGR1	HGNC:4531
OXLD1	HGNC:27901
OXNAD1	HGNC:25128
OXR1	HGNC:15822
OXSM	HGNC:26063
OXSR1	HGNC:8508
OXT	HGNC:8528
OXTR	HGNC:8529
P2RX1	HGNC:8533
P2RX2	HGNC:15459
P2RX3	HGNC:8534
P2RX4	HGNC:8535
P2RX5	HGNC:8536
P2RX6	HGNC:8538
P2RX7	HGNC:8537
P2RY1	HGNC:8539
P2RY10	HGNC:19906
P2RY11	HGNC:8540
P2RY12	HGNC:18124
P2RY13	HGNC:4537
P2RY14	HGNC:16442
P2RY2	HGNC:8541
P2RY4	HGNC:8542
P2RY6	HGNC:8543
P2RY8	HGNC:15524
P3H1	HGNC:19316
P3H2	HGNC:19317
P3H3	HGNC:19318
P3H4	HGNC:16946
P3R3URF	HGNC:53451
P4HA1	HGNC:8546
P4HA2	HGNC:8547
P4HA3	HGNC:30135
P4HB	HGNC:8548
P4HTM	HGNC:28858
PA2G4	HGNC:8550
PAAF1	HGNC:25687
PABIR1	HGNC:23490
PABIR2	HGNC:30490
PABIR3	HGNC:25202
PABPC1	HGNC:8554
PABPC1L	HGNC:15797
PABPC1L2A	HGNC:27989
PABPC1L2B	HGNC:31852
PABPC3	HGNC:8556
PABPC4	HGNC:8557
PABPC4L	HGNC:31955
PABPC5	HGNC:13629
PABPN1	HGNC:8565
PABPN1L	HGNC:37237
PACC1	HGNC:25593
PACRG	HGNC:19152
PACRGL	HGNC:28442
PACS1	HGNC:30032
PACS2	HGNC:23794
PACSIN1	HGNC:8570
PACSIN2	HGNC:8571
PACSIN3	HGNC:8572
PADI1	HGNC:18367
PADI2	HGNC:18341
PADI3	HGNC:18337
PADI4	HGNC:18368
PADI6	HGNC:20449
PAEP	HGNC:8573
PAF1	HGNC:25459
PAFAH1B1	HGNC:8574
PAFAH1B2	HGNC:8575
PAFAH1B3	HGNC:8576
PAFAH2	HGNC:8579
PAG1	HGNC:30043
PAGE1	HGNC:4107
PAGE2	HGNC:31804
PAGE2B	HGNC:31805
PAGE3	HGNC:4110
PAGE4	HGNC:4108
PAGE5	HGNC:29992
PAGR1	HGNC:28707
PAH	HGNC:8582
PAICS	HGNC:8587
PAIP1	HGNC:16945
PAIP2	HGNC:17970
PAIP2B	HGNC:29200
PAK1	HGNC:8590
PAK1IP1	HGNC:20882
PAK2	HGNC:8591
PAK3	HGNC:8592
PAK4	HGNC:16059
PAK5	HGNC:15916
PAK6	HGNC:16061
PALB2	HGNC:26144
PALD1	HGNC:23530
PALLD	HGNC:17068
PALM	HGNC:8594
PALM2AKAP2	HGNC:33529
PALM3	HGNC:33274
PALMD	HGNC:15846
PALS1	HGNC:18669
PALS2	HGNC:18167
PAM	HGNC:8596
PAM16	HGNC:29679
PAMR1	HGNC:24554
PAN2	HGNC:20074
PAN3	HGNC:29991
PANK1	HGNC:8598
PANK2	HGNC:15894
PANK3	HGNC:19365
PANK4	HGNC:19366
PANX1	HGNC:8599
PANX2	HGNC:8600
PANX3	HGNC:20573
PAOX	HGNC:20837
PAPLN	HGNC:19262
PAPOLA	HGNC:14981
PAPOLB	HGNC:15970
PAPOLG	HGNC:14982
PAPPA	HGNC:8602
PAPPA2	HGNC:14615
PAPSS1	HGNC:8603
PAPSS2	HGNC:8604
PAQR3	HGNC:30130
PAQR4	HGNC:26386
PAQR5	HGNC:29645
PAQR6	HGNC:30132
PAQR7	HGNC:23146
PAQR8	HGNC:15708
PAQR9	HGNC:30131
PARD3	HGNC:16051
PARD3B	HGNC:14446
PARD6A	HGNC:15943
PARD6B	HGNC:16245
PARD6G	HGNC:16076
PARG	HGNC:8605
PARK7	HGNC:16369
PARL	HGNC:18253
PARM1	HGNC:24536
PARN	HGNC:8609
PARP1	HGNC:270
PARP10	HGNC:25895
PARP11	HGNC:1186
PARP12	HGNC:21919
PARP14	HGNC:29232
PARP15	HGNC:26876
PARP16	HGNC:26040
PARP2	HGNC:272
PARP3	HGNC:273
PARP4	HGNC:271
PARP6	HGNC:26921
PARP8	HGNC:26124
PARP9	HGNC:24118
PARPBP	HGNC:26074
PARS2	HGNC:30563
PARVA	HGNC:14652
PARVB	HGNC:14653
PARVG	HGNC:14654
PASD1	HGNC:20686
PASK	HGNC:17270
PATE1	HGNC:24664
PATE2	HGNC:32249
PATE3	HGNC:35426
PATE4	HGNC:35427
PATJ	HGNC:28881
PATL1	HGNC:26721
PATL2	HGNC:33630
PATZ1	HGNC:13071
PAWR	HGNC:8614
PAX1	HGNC:8615
PAX2	HGNC:8616
PAX3	HGNC:8617
PAX4	HGNC:8618
PAX5	HGNC:8619
PAX6	HGNC:8620
PAX7	HGNC:8621
PAX8	HGNC:8622
PAX9	HGNC:8623
PAXBP1	HGNC:13579
PAXIP1	HGNC:8624
PAXX	HGNC:27849
PBDC1	HGNC:28790
PBK	HGNC:18282
PBLD	HGNC:23301
PBOV1	HGNC:21079
PBRM1	HGNC:30064
PBX1	HGNC:8632
PBX2	HGNC:8633
PBX3	HGNC:8634
PBX4	HGNC:13403
PBXIP1	HGNC:21199
PC	HGNC:8636
PCA3	HGNC:8637
PCARE	HGNC:34383
PCAT6	HGNC:43714
PCAT7	HGNC:48824
PCBD1	HGNC:8646
PCBD2	HGNC:24474
PCBP1	HGNC:8647
PCBP2	HGNC:8648
PCBP3	HGNC:8651
PCBP4	HGNC:8652
PCCA	HGNC:8653
PCCB	HGNC:8654
PCDH1	HGNC:8655
PCDH10	HGNC:13404
PCDH11X	HGNC:8656
PCDH11Y	HGNC:15813
PCDH12	HGNC:8657
PCDH15	HGNC:14674
PCDH17	HGNC:14267
PCDH18	HGNC:14268
PCDH19	HGNC:14270
PCDH20	HGNC:14257
PCDH7	HGNC:8659
PCDH8	HGNC:8660
PCDH9	HGNC:8661
PCDHA1	HGNC:8663
PCDHA10	HGNC:8664
PCDHA11	HGNC:8665
PCDHA12	HGNC:8666
PCDHA13	HGNC:8667
PCDHA2	HGNC:8668
PCDHA3	HGNC:8669
PCDHA4	HGNC:8670
PCDHA5	HGNC:8671
PCDHA6	HGNC:8672
PCDHA7	HGNC:8673
PCDHA8	HGNC:8674
PCDHA9	HGNC:8675
PCDHAC1	HGNC:8676
PCDHAC2	HGNC:8677
PCDHB1	HGNC:8680
PCDHB10	HGNC:8681
PCDHB11	HGNC:8682
PCDHB12	HGNC:8683
PCDHB13	HGNC:8684
PCDHB14	HGNC:8685
PCDHB15	HGNC:8686
PCDHB16	HGNC:14546
PCDHB2	HGNC:8687
PCDHB3	HGNC:8688
PCDHB4	HGNC:8689
PCDHB5	HGNC:8690
PCDHB6	HGNC:8691
PCDHB7	HGNC:8692
PCDHB8	HGNC:8693
PCDHB9	HGNC:8694
PCDHGA1	HGNC:8696
PCDHGA10	HGNC:8697
PCDHGA11	HGNC:8698
PCDHGA12	HGNC:8699
PCDHGA2	HGNC:8700
PCDHGA3	HGNC:8701
PCDHGA4	HGNC:8702
PCDHGA5	HGNC:8703
PCDHGA6	HGNC:8704
PCDHGA7	HGNC:8705
PCDHGA8	HGNC:8706
PCDHGA9	HGNC:8707
PCDHGB1	HGNC:8708
PCDHGB2	HGNC:8709
PCDHGB3	HGNC:8710
PCDHGB4	HGNC:8711
PCDHGB5	HGNC:8712
PCDHGB6	HGNC:8713
PCDHGB7	HGNC:8714
PCDHGC3	HGNC:8716
PCDHGC4	HGNC:8717
PCDHGC5	HGNC:8718
PCED1A	HGNC:16212
PCED1B	HGNC:28255
PCF11	HGNC:30097
PCGF1	HGNC:17615
PCGF2	HGNC:12929
PCGF3	HGNC:10066
PCGF5	HGNC:28264
PCGF6	HGNC:21156
PCID2	HGNC:25653
PCIF1	HGNC:16200
PCK1	HGNC:8724
PCK2	HGNC:8725
PCLAF	HGNC:28961
PCLO	HGNC:13406
PCM1	HGNC:8727
PCMT1	HGNC:8728
PCMTD1	HGNC:30483
PCMTD2	HGNC:15882
PCNA	HGNC:8729
PCNP	HGNC:30023
PCNT	HGNC:16068
PCNX1	HGNC:19740
PCNX2	HGNC:8736
PCNX3	HGNC:18760
PCNX4	HGNC:20349
PCOLCE	HGNC:8738
PCOLCE2	HGNC:8739
PCP2	HGNC:30209
PCP4	HGNC:8742
PCP4L1	HGNC:20448
PCSK1	HGNC:8743
PCSK1N	HGNC:17301
PCSK2	HGNC:8744
PCSK4	HGNC:8746
PCSK5	HGNC:8747
PCSK6	HGNC:8569
PCSK7	HGNC:8748
PCSK9	HGNC:20001
PCTP	HGNC:8752
PCYOX1	HGNC:20588
PCYOX1L	HGNC:28477
PCYT1A	HGNC:8754
PCYT1B	HGNC:8755
PCYT2	HGNC:8756
PDAP1	HGNC:14634
PDC	HGNC:8759
PDCD1	HGNC:8760
PDCD10	HGNC:8761
PDCD11	HGNC:13408
PDCD1LG2	HGNC:18731
PDCD2	HGNC:8762
PDCD2L	HGNC:28194
PDCD4	HGNC:8763
PDCD5	HGNC:8764
PDCD6	HGNC:8765
PDCD6IP	HGNC:8766
PDCD7	HGNC:8767
PDCL	HGNC:8770
PDCL2	HGNC:29524
PDCL3	HGNC:28860
PDE10A	HGNC:8772
PDE11A	HGNC:8773
PDE12	HGNC:25386
PDE1A	HGNC:8774
PDE1B	HGNC:8775
PDE1C	HGNC:8776
PDE2A	HGNC:8777
PDE3A	HGNC:8778
PDE3B	HGNC:8779
PDE4A	HGNC:8780
PDE4B	HGNC:8781
PDE4C	HGNC:8782
PDE4D	HGNC:8783
PDE4DIP	HGNC:15580
PDE5A	HGNC:8784
PDE6A	HGNC:8785
PDE6B	HGNC:8786
PDE6C	HGNC:8787
PDE6D	HGNC:8788
PDE6G	HGNC:8789
PDE6H	HGNC:8790
PDE7A	HGNC:8791
PDE7B	HGNC:8792
PDE8A	HGNC:8793
PDE8B	HGNC:8794
PDE9A	HGNC:8795
PDF	HGNC:30012
PDGFA	HGNC:8799
PDGFB	HGNC:8800
PDGFC	HGNC:8801
PDGFD	HGNC:30620
PDGFRA	HGNC:8803
PDGFRB	HGNC:8804
PDGFRL	HGNC:8805
PDHA1	HGNC:8806
PDHA2	HGNC:8807
PDHB	HGNC:8808
PDHX	HGNC:21350
PDIA2	HGNC:14180
PDIA3	HGNC:4606
PDIA4	HGNC:30167
PDIA5	HGNC:24811
PDIA6	HGNC:30168
PDIK1L	HGNC:18981
PDILT	HGNC:27338
PDK1	HGNC:8809
PDK2	HGNC:8810
PDK3	HGNC:8811
PDK4	HGNC:8812
PDLIM1	HGNC:2067
PDLIM2	HGNC:13992
PDLIM3	HGNC:20767
PDLIM4	HGNC:16501
PDLIM5	HGNC:17468
PDLIM7	HGNC:22958
PDP1	HGNC:9279
PDP2	HGNC:30263
PDPK1	HGNC:8816
PDPN	HGNC:29602
PDPR	HGNC:30264
PDRG1	HGNC:16119
PDS5A	HGNC:29088
PDS5B	HGNC:20418
PDSS1	HGNC:17759
PDSS2	HGNC:23041
PDX1	HGNC:6107
PDXDC1	HGNC:28995
PDXK	HGNC:8819
PDXP	HGNC:30259
PDYN	HGNC:8820
PDZD11	HGNC:28034
PDZD2	HGNC:18486
PDZD4	HGNC:21167
PDZD7	HGNC:26257
PDZD8	HGNC:26974
PDZD9	HGNC:28740
PDZK1	HGNC:8821
PDZK1IP1	HGNC:16887
PDZRN3	HGNC:17704
PDZRN4	HGNC:30552
PEA15	HGNC:8822
PEAK1	HGNC:29431
PEAK3	HGNC:24793
PEAR1	HGNC:33631
PEBP1	HGNC:8630
PEBP4	HGNC:28319
PECAM1	HGNC:8823
PECR	HGNC:18281
PEDS1	HGNC:16735
PEF1	HGNC:30009
PEG3	HGNC:8826
PELI1	HGNC:8827
PELI2	HGNC:8828
PELI3	HGNC:30010
PELO	HGNC:8829
PELP1	HGNC:30134
PEMT	HGNC:8830
PENK	HGNC:8831
PEPD	HGNC:8840
PER1	HGNC:8845
PER2	HGNC:8846
PER3	HGNC:8847
PERCC1	HGNC:52293
PERM1	HGNC:28208
PERP	HGNC:17637
PES1	HGNC:8848
PET100	HGNC:40038
PET117	HGNC:40045
PEX1	HGNC:8850
PEX10	HGNC:8851
PEX11A	HGNC:8852
PEX11B	HGNC:8853
PEX11G	HGNC:20208
PEX12	HGNC:8854
PEX13	HGNC:8855
PEX14	HGNC:8856
PEX16	HGNC:8857
PEX19	HGNC:9713
PEX2	HGNC:9717
PEX26	HGNC:22965
PEX3	HGNC:8858
PEX39	HGNC:34431
PEX5	HGNC:9719
PEX5L	HGNC:30024
PEX6	HGNC:8859
PEX7	HGNC:8860
PF4	HGNC:8861
PF4V1	HGNC:8862
PFAS	HGNC:8863
PFDN1	HGNC:8866
PFDN2	HGNC:8867
PFDN4	HGNC:8868
PFDN5	HGNC:8869
PFDN6	HGNC:4926
PFKFB1	HGNC:8872
PFKFB2	HGNC:8873
PFKFB3	HGNC:8874
PFKFB4	HGNC:8875
PFKL	HGNC:8876
PFKM	HGNC:8877
PFKP	HGNC:8878
PFN1	HGNC:8881
PFN2	HGNC:8882
PFN3	HGNC:18627
PFN4	HGNC:31103
PGA3	HGNC:8885
PGA4	HGNC:8886
PGA5	HGNC:8887
PGAM1	HGNC:8888
PGAM2	HGNC:8889
PGAM4	HGNC:21731
PGAM5	HGNC:28763
PGAP1	HGNC:25712
PGAP2	HGNC:17893
PGAP3	HGNC:23719
PGAP4	HGNC:28180
PGAP6	HGNC:17205
PGBD1	HGNC:19398
PGBD2	HGNC:19399
PGBD4	HGNC:19401
PGBD5	HGNC:19405
PGC	HGNC:8890
PGCKA1	HGNC:25618
PGD	HGNC:8891
PGF	HGNC:8893
PGGHG	HGNC:26210
PGGT1B	HGNC:8895
PGK1	HGNC:8896
PGK2	HGNC:8898
PGLS	HGNC:8903
PGLYRP1	HGNC:8904
PGLYRP2	HGNC:30013
PGLYRP3	HGNC:30014
PGLYRP4	HGNC:30015
PGM1	HGNC:8905
PGM2	HGNC:8906
PGM2L1	HGNC:20898
PGM3	HGNC:8907
PGM5	HGNC:8908
PGP	HGNC:8909
PGPEP1	HGNC:13568
PGPEP1L	HGNC:27080
PGR	HGNC:8910
PGRMC1	HGNC:16090
PGRMC2	HGNC:16089
PGS1	HGNC:30029
PHACTR1	HGNC:20990
PHACTR2	HGNC:20956
PHACTR3	HGNC:15833
PHACTR4	HGNC:25793
PHAF1	HGNC:29564
PHAX	HGNC:10241
PHB1	HGNC:8912
PHB2	HGNC:30306
PHC1	HGNC:3182
PHC2	HGNC:3183
PHC3	HGNC:15682
PHETA1	HGNC:26509
PHETA2	HGNC:27161
PHEX	HGNC:8918
PHF1	HGNC:8919
PHF10	HGNC:18250
PHF11	HGNC:17024
PHF12	HGNC:20816
PHF13	HGNC:22983
PHF14	HGNC:22203
PHF19	HGNC:24566
PHF2	HGNC:8920
PHF20	HGNC:16098
PHF20L1	HGNC:24280
PHF21A	HGNC:24156
PHF21B	HGNC:25161
PHF23	HGNC:28428
PHF24	HGNC:29180
PHF3	HGNC:8921
PHF5A	HGNC:18000
PHF6	HGNC:18145
PHF7	HGNC:18458
PHF8	HGNC:20672
PHGDH	HGNC:8923
PHGR1	HGNC:37226
PHIP	HGNC:15673
PHKA1	HGNC:8925
PHKA2	HGNC:8926
PHKB	HGNC:8927
PHKG1	HGNC:8930
PHKG2	HGNC:8931
PHLDA1	HGNC:8933
PHLDA2	HGNC:12385
PHLDA3	HGNC:8934
PHLDB1	HGNC:23697
PHLDB2	HGNC:29573
PHLDB3	HGNC:30499
PHLPP1	HGNC:20610
PHLPP2	HGNC:29149
PHOSPHO1	HGNC:16815
PHOSPHO2	HGNC:28316
PHOX2A	HGNC:691
PHOX2B	HGNC:9143
PHPT1	HGNC:30033
PHRF1	HGNC:24351
PHTF1	HGNC:8939
PHTF2	HGNC:13411
PHYH	HGNC:8940
PHYHD1	HGNC:23396
PHYHIP	HGNC:16865
PHYHIPL	HGNC:29378
PHYKPL	HGNC:28249
PI15	HGNC:8946
PI16	HGNC:21245
PI3	HGNC:8947
PI4K2A	HGNC:30031
PI4K2B	HGNC:18215
PI4KA	HGNC:8983
PI4KB	HGNC:8984
PIANP	HGNC:25338
PIAS1	HGNC:2752
PIAS2	HGNC:17311
PIAS3	HGNC:16861
PIAS4	HGNC:17002
PIBF1	HGNC:23352
PICALM	HGNC:15514
PICK1	HGNC:9394
PID1	HGNC:26084
PIDD1	HGNC:16491
PIERCE1	HGNC:28435
PIERCE2	HGNC:44654
PIEZO1	HGNC:28993
PIEZO2	HGNC:26270
PIF1	HGNC:26220
PIGA	HGNC:8957
PIGB	HGNC:8959
PIGBOS1	HGNC:50696
PIGC	HGNC:8960
PIGF	HGNC:8962
PIGG	HGNC:25985
PIGH	HGNC:8964
PIGK	HGNC:8965
PIGL	HGNC:8966
PIGM	HGNC:18858
PIGN	HGNC:8967
PIGO	HGNC:23215
PIGP	HGNC:3046
PIGQ	HGNC:14135
PIGR	HGNC:8968
PIGS	HGNC:14937
PIGT	HGNC:14938
PIGU	HGNC:15791
PIGV	HGNC:26031
PIGW	HGNC:23213
PIGX	HGNC:26046
PIGY	HGNC:28213
PIGZ	HGNC:30596
PIH1D1	HGNC:26075
PIH1D2	HGNC:25210
PIK3AP1	HGNC:30034
PIK3C2A	HGNC:8971
PIK3C2B	HGNC:8972
PIK3C2G	HGNC:8973
PIK3C3	HGNC:8974
PIK3CA	HGNC:8975
PIK3CB	HGNC:8976
PIK3CD	HGNC:8977
PIK3CG	HGNC:8978
PIK3IP1	HGNC:24942
PIK3R1	HGNC:8979
PIK3R2	HGNC:8980
PIK3R3	HGNC:8981
PIK3R4	HGNC:8982
PIK3R5	HGNC:30035
PIK3R6	HGNC:27101
PIKFYVE	HGNC:23785
PILRA	HGNC:20396
PILRB	HGNC:18297
PIM1	HGNC:8986
PIM2	HGNC:8987
PIM3	HGNC:19310
PIMREG	HGNC:25483
PIN1	HGNC:8988
PIN4	HGNC:8992
PINK1	HGNC:14581
PINLYP	HGNC:44206
PINX1	HGNC:30046
PIP	HGNC:8993
PIP4K2A	HGNC:8997
PIP4K2B	HGNC:8998
PIP4K2C	HGNC:23786
PIP4P1	HGNC:19299
PIP4P2	HGNC:25452
PIP5K1A	HGNC:8994
PIP5K1B	HGNC:8995
PIP5K1C	HGNC:8996
PIP5KL1	HGNC:28711
PIPOX	HGNC:17804
PIR	HGNC:30048
PIRT	HGNC:37239
PISD	HGNC:8999
PITHD1	HGNC:25022
PITPNA	HGNC:9001
PITPNB	HGNC:9002
PITPNC1	HGNC:21045
PITPNM1	HGNC:9003
PITPNM2	HGNC:21044
PITPNM3	HGNC:21043
PITRM1	HGNC:17663
PITX1	HGNC:9004
PITX2	HGNC:9005
PITX3	HGNC:9006
PIWIL1	HGNC:9007
PIWIL2	HGNC:17644
PIWIL3	HGNC:18443
PIWIL4	HGNC:18444
PJA1	HGNC:16648
PJA2	HGNC:17481
PJVK	HGNC:29502
PKD1	HGNC:9008
PKD1L1	HGNC:18053
PKD1L3	HGNC:21716
PKD2	HGNC:9009
PKD2L1	HGNC:9011
PKD2L2	HGNC:9012
PKDCC	HGNC:25123
PKDREJ	HGNC:9015
PKHD1	HGNC:9016
PKHD1L1	HGNC:20313
PKIA	HGNC:9017
PKIB	HGNC:9018
PKIG	HGNC:9019
PKLR	HGNC:9020
PKM	HGNC:9021
PKMYT1	HGNC:29650
PKN1	HGNC:9405
PKN2	HGNC:9406
PKN3	HGNC:17999
PKNOX1	HGNC:9022
PKNOX2	HGNC:16714
PKP1	HGNC:9023
PKP2	HGNC:9024
PKP3	HGNC:9025
PKP4	HGNC:9026
PLA1A	HGNC:17661
PLA2G10	HGNC:9029
PLA2G12A	HGNC:18554
PLA2G12B	HGNC:18555
PLA2G15	HGNC:17163
PLA2G1B	HGNC:9030
PLA2G2A	HGNC:9031
PLA2G2C	HGNC:9032
PLA2G2D	HGNC:9033
PLA2G2E	HGNC:13414
PLA2G2F	HGNC:30040
PLA2G3	HGNC:17934
PLA2G4A	HGNC:9035
PLA2G4B	HGNC:9036
PLA2G4C	HGNC:9037
PLA2G4D	HGNC:30038
PLA2G4E	HGNC:24791
PLA2G4F	HGNC:27396
PLA2G5	HGNC:9038
PLA2G6	HGNC:9039
PLA2G7	HGNC:9040
PLA2R1	HGNC:9042
PLAA	HGNC:9043
PLAAT1	HGNC:14922
PLAAT2	HGNC:17824
PLAAT3	HGNC:17825
PLAAT4	HGNC:9869
PLAAT5	HGNC:24978
PLAC1	HGNC:9044
PLAC8	HGNC:19254
PLAC8L1	HGNC:31746
PLAC9	HGNC:19255
PLAG1	HGNC:9045
PLAGL1	HGNC:9046
PLAGL2	HGNC:9047
PLAT	HGNC:9051
PLAU	HGNC:9052
PLAUR	HGNC:9053
PLB1	HGNC:30041
PLBD1	HGNC:26215
PLBD2	HGNC:27283
PLCB1	HGNC:15917
PLCB2	HGNC:9055
PLCB3	HGNC:9056
PLCB4	HGNC:9059
PLCD1	HGNC:9060
PLCD3	HGNC:9061
PLCD4	HGNC:9062
PLCE1	HGNC:17175
PLCG1	HGNC:9065
PLCG2	HGNC:9066
PLCH1	HGNC:29185
PLCH2	HGNC:29037
PLCL1	HGNC:9063
PLCL2	HGNC:9064
PLCXD1	HGNC:23148
PLCXD2	HGNC:26462
PLCXD3	HGNC:31822
PLCZ1	HGNC:19218
PLD1	HGNC:9067
PLD2	HGNC:9068
PLD3	HGNC:17158
PLD4	HGNC:23792
PLD5	HGNC:26879
PLD6	HGNC:30447
PLEC	HGNC:9069
PLEK	HGNC:9070
PLEK2	HGNC:19238
PLEKHA1	HGNC:14335
PLEKHA2	HGNC:14336
PLEKHA3	HGNC:14338
PLEKHA4	HGNC:14339
PLEKHA5	HGNC:30036
PLEKHA6	HGNC:17053
PLEKHA7	HGNC:27049
PLEKHA8	HGNC:30037
PLEKHB1	HGNC:19079
PLEKHB2	HGNC:19236
PLEKHD1	HGNC:20148
PLEKHF1	HGNC:20764
PLEKHF2	HGNC:20757
PLEKHG1	HGNC:20884
PLEKHG2	HGNC:29515
PLEKHG3	HGNC:20364
PLEKHG4	HGNC:24501
PLEKHG4B	HGNC:29399
PLEKHG5	HGNC:29105
PLEKHG6	HGNC:25562
PLEKHG7	HGNC:33829
PLEKHH1	HGNC:17733
PLEKHH2	HGNC:30506
PLEKHH3	HGNC:26105
PLEKHJ1	HGNC:18211
PLEKHM1	HGNC:29017
PLEKHM2	HGNC:29131
PLEKHM3	HGNC:34006
PLEKHN1	HGNC:25284
PLEKHO1	HGNC:24310
PLEKHO2	HGNC:30026
PLEKHS1	HGNC:26285
PLET1	HGNC:30053
PLG	HGNC:9071
PLGLB1	HGNC:9072
PLGLB2	HGNC:9073
PLGRKT	HGNC:23633
PLIN1	HGNC:9076
PLIN2	HGNC:248
PLIN3	HGNC:16893
PLIN4	HGNC:29393
PLIN5	HGNC:33196
PLK1	HGNC:9077
PLK2	HGNC:19699
PLK3	HGNC:2154
PLK4	HGNC:11397
PLK5	HGNC:27001
PLLP	HGNC:18553
PLN	HGNC:9080
PLOD1	HGNC:9081
PLOD2	HGNC:9082
PLOD3	HGNC:9083
PLP1	HGNC:9086
PLP2	HGNC:9087
PLPBP	HGNC:9457
PLPP1	HGNC:9228
PLPP2	HGNC:9230
PLPP3	HGNC:9229
PLPP4	HGNC:23531
PLPP5	HGNC:25026
PLPP6	HGNC:23682
PLPP7	HGNC:28174
PLPPR1	HGNC:25993
PLPPR2	HGNC:29566
PLPPR3	HGNC:23497
PLPPR4	HGNC:23496
PLPPR5	HGNC:31703
PLRG1	HGNC:9089
PLS1	HGNC:9090
PLS3	HGNC:9091
PLSCR1	HGNC:9092
PLSCR2	HGNC:16494
PLSCR3	HGNC:16495
PLSCR4	HGNC:16497
PLSCR5	HGNC:19952
PLTP	HGNC:9093
PLVAP	HGNC:13635
PLXDC1	HGNC:20945
PLXDC2	HGNC:21013
PLXNA1	HGNC:9099
PLXNA2	HGNC:9100
PLXNA3	HGNC:9101
PLXNA4	HGNC:9102
PLXNB1	HGNC:9103
PLXNB2	HGNC:9104
PLXNB3	HGNC:9105
PLXNC1	HGNC:9106
PLXND1	HGNC:9107
PM20D1	HGNC:26518
PM20D2	HGNC:21408
PMAIP1	HGNC:9108
PMCH	HGNC:9109
PMEL	HGNC:10880
PMEPA1	HGNC:14107
PMF1	HGNC:9112
PMFBP1	HGNC:17728
PMIS2	HGNC:53649
PML	HGNC:9113
PMM1	HGNC:9114
PMM2	HGNC:9115
PMP2	HGNC:9117
PMP22	HGNC:9118
PMPCA	HGNC:18667
PMPCB	HGNC:9119
PMS1	HGNC:9121
PMS2	HGNC:9122
PMVK	HGNC:9141
PNCK	HGNC:13415
PNISR	HGNC:21222
PNKD	HGNC:9153
PNKP	HGNC:9154
PNLDC1	HGNC:21185
PNLIP	HGNC:9155
PNLIPRP1	HGNC:9156
PNLIPRP2	HGNC:9157
PNLIPRP3	HGNC:23492
PNMA1	HGNC:9158
PNMA2	HGNC:9159
PNMA3	HGNC:18742
PNMA5	HGNC:18743
PNMA6A	HGNC:28248
PNMA6E	HGNC:50767
PNMA6F	HGNC:53119
PNMA8A	HGNC:25578
PNMA8B	HGNC:29206
PNMA8C	HGNC:53427
PNMT	HGNC:9160
PNN	HGNC:9162
PNO1	HGNC:32790
PNOC	HGNC:9163
PNP	HGNC:7892
PNPLA1	HGNC:21246
PNPLA2	HGNC:30802
PNPLA3	HGNC:18590
PNPLA4	HGNC:24887
PNPLA5	HGNC:24888
PNPLA6	HGNC:16268
PNPLA7	HGNC:24768
PNPLA8	HGNC:28900
PNPO	HGNC:30260
PNPT1	HGNC:23166
PNRC1	HGNC:17278
PNRC2	HGNC:23158
POC1A	HGNC:24488
POC1B	HGNC:30836
POC5	HGNC:26658
PODN	HGNC:23174
PODNL1	HGNC:26275
PODXL	HGNC:9171
PODXL2	HGNC:17936
POF1B	HGNC:13711
POFUT1	HGNC:14988
POFUT2	HGNC:14683
POFUT3	HGNC:19234
POFUT4	HGNC:19233
POGK	HGNC:18800
POGLUT1	HGNC:22954
POGLUT2	HGNC:19350
POGLUT3	HGNC:28496
POGZ	HGNC:18801
POLA1	HGNC:9173
POLA2	HGNC:30073
POLB	HGNC:9174
POLD1	HGNC:9175
POLD2	HGNC:9176
POLD3	HGNC:20932
POLD4	HGNC:14106
POLDIP2	HGNC:23781
POLDIP3	HGNC:23782
POLE	HGNC:9177
POLE2	HGNC:9178
POLE3	HGNC:13546
POLE4	HGNC:18755
POLG	HGNC:9179
POLG2	HGNC:9180
POLGARF	HGNC:56246
POLH	HGNC:9181
POLI	HGNC:9182
POLK	HGNC:9183
POLL	HGNC:9184
POLM	HGNC:9185
POLN	HGNC:18870
POLQ	HGNC:9186
POLR1A	HGNC:17264
POLR1B	HGNC:20454
POLR1C	HGNC:20194
POLR1D	HGNC:20422
POLR1E	HGNC:17631
POLR1F	HGNC:18027
POLR1G	HGNC:24219
POLR1H	HGNC:13182
POLR2A	HGNC:9187
POLR2B	HGNC:9188
POLR2C	HGNC:9189
POLR2D	HGNC:9191
POLR2E	HGNC:9192
POLR2F	HGNC:9193
POLR2G	HGNC:9194
POLR2H	HGNC:9195
POLR2I	HGNC:9196
POLR2J	HGNC:9197
POLR2J2	HGNC:23208
POLR2J3	HGNC:33853
POLR2K	HGNC:9198
POLR2L	HGNC:9199
POLR2M	HGNC:14862
POLR3A	HGNC:30074
POLR3B	HGNC:30348
POLR3C	HGNC:30076
POLR3D	HGNC:1080
POLR3E	HGNC:30347
POLR3F	HGNC:15763
POLR3G	HGNC:30075
POLR3GL	HGNC:28466
POLR3H	HGNC:30349
POLR3K	HGNC:14121
POLRMT	HGNC:9200
POM121	HGNC:19702
POM121C	HGNC:34005
POM121L12	HGNC:25369
POM121L2	HGNC:13973
POMC	HGNC:9201
POMGNT1	HGNC:19139
POMGNT2	HGNC:25902
POMK	HGNC:26267
POMP	HGNC:20330
POMT1	HGNC:9202
POMT2	HGNC:19743
POMZP3	HGNC:9203
PON1	HGNC:9204
PON2	HGNC:9205
PON3	HGNC:9206
POP1	HGNC:30129
POP4	HGNC:30081
POP5	HGNC:17689
POP7	HGNC:19949
POPDC1	HGNC:1152
POPDC2	HGNC:17648
POPDC3	HGNC:17649
POR	HGNC:9208
PORCN	HGNC:17652
POSTN	HGNC:16953
POT1	HGNC:17284
POTEB	HGNC:33734
POTEB2	HGNC:48327
POTEB3	HGNC:51240
POTEC	HGNC:33894
POTED	HGNC:23822
POTEE	HGNC:33895
POTEF	HGNC:33905
POTEG	HGNC:33896
POTEH	HGNC:133
POTEI	HGNC:37093
POTEJ	HGNC:37094
POTEM	HGNC:37096
POU1F1	HGNC:9210
POU2AF1	HGNC:9211
POU2AF2	HGNC:30527
POU2AF3	HGNC:26978
POU2F1	HGNC:9212
POU2F2	HGNC:9213
POU2F3	HGNC:19864
POU3F1	HGNC:9214
POU3F2	HGNC:9215
POU3F3	HGNC:9216
POU3F4	HGNC:9217
POU4F1	HGNC:9218
POU4F2	HGNC:9219
POU4F3	HGNC:9220
POU5F1	HGNC:9221
POU5F1B	HGNC:9223
POU5F2	HGNC:26367
POU6F1	HGNC:9224
POU6F2	HGNC:21694
PP2D1	HGNC:28406
PPA1	HGNC:9226
PPA2	HGNC:28883
PPAN	HGNC:9227
PPARA	HGNC:9232
PPARD	HGNC:9235
PPARG	HGNC:9236
PPARGC1A	HGNC:9237
PPARGC1B	HGNC:30022
PPAT	HGNC:9238
PPBP	HGNC:9240
PPCDC	HGNC:28107
PPCS	HGNC:25686
PPDPF	HGNC:16142
PPDPFL	HGNC:31745
PPEF1	HGNC:9243
PPEF2	HGNC:9244
PPFIA1	HGNC:9245
PPFIA2	HGNC:9246
PPFIA3	HGNC:9247
PPFIA4	HGNC:9248
PPFIBP1	HGNC:9249
PPFIBP2	HGNC:9250
PPHLN1	HGNC:19369
PPIA	HGNC:9253
PPIAL4A	HGNC:24369
PPIAL4C	HGNC:33995
PPIAL4D	HGNC:33998
PPIAL4E	HGNC:33997
PPIAL4F	HGNC:33999
PPIAL4G	HGNC:33996
PPIAL4H	HGNC:53889
PPIB	HGNC:9255
PPIC	HGNC:9256
PPID	HGNC:9257
PPIE	HGNC:9258
PPIF	HGNC:9259
PPIG	HGNC:14650
PPIH	HGNC:14651
PPIL1	HGNC:9260
PPIL2	HGNC:9261
PPIL3	HGNC:9262
PPIL4	HGNC:15702
PPIL6	HGNC:21557
PPIP5K1	HGNC:29023
PPIP5K2	HGNC:29035
PPL	HGNC:9273
PPM1A	HGNC:9275
PPM1B	HGNC:9276
PPM1D	HGNC:9277
PPM1E	HGNC:19322
PPM1F	HGNC:19388
PPM1G	HGNC:9278
PPM1H	HGNC:18583
PPM1J	HGNC:20785
PPM1K	HGNC:25415
PPM1L	HGNC:16381
PPM1M	HGNC:26506
PPM1N	HGNC:26845
PPME1	HGNC:30178
PPOX	HGNC:9280
PPP1CA	HGNC:9281
PPP1CB	HGNC:9282
PPP1CC	HGNC:9283
PPP1R10	HGNC:9284
PPP1R11	HGNC:9285
PPP1R12A	HGNC:7618
PPP1R12B	HGNC:7619
PPP1R12C	HGNC:14947
PPP1R13B	HGNC:14950
PPP1R13L	HGNC:18838
PPP1R14A	HGNC:14871
PPP1R14B	HGNC:9057
PPP1R14C	HGNC:14952
PPP1R14D	HGNC:14953
PPP1R15A	HGNC:14375
PPP1R15B	HGNC:14951
PPP1R16A	HGNC:14941
PPP1R16B	HGNC:15850
PPP1R17	HGNC:16973
PPP1R18	HGNC:29413
PPP1R1A	HGNC:9286
PPP1R1B	HGNC:9287
PPP1R1C	HGNC:14940
PPP1R2	HGNC:9288
PPP1R21	HGNC:30595
PPP1R26	HGNC:29089
PPP1R27	HGNC:16813
PPP1R2B	HGNC:16318
PPP1R2C	HGNC:16324
PPP1R35	HGNC:28320
PPP1R36	HGNC:20097
PPP1R37	HGNC:27607
PPP1R3A	HGNC:9291
PPP1R3B	HGNC:14942
PPP1R3C	HGNC:9293
PPP1R3D	HGNC:9294
PPP1R3E	HGNC:14943
PPP1R3F	HGNC:14944
PPP1R3G	HGNC:14945
PPP1R42	HGNC:33732
PPP1R7	HGNC:9295
PPP1R8	HGNC:9296
PPP1R9A	HGNC:14946
PPP1R9B	HGNC:9298
PPP2CA	HGNC:9299
PPP2CB	HGNC:9300
PPP2R1A	HGNC:9302
PPP2R1B	HGNC:9303
PPP2R2A	HGNC:9304
PPP2R2B	HGNC:9305
PPP2R2C	HGNC:9306
PPP2R2D	HGNC:23732
PPP2R3A	HGNC:9307
PPP2R3B	HGNC:13417
PPP2R3C	HGNC:17485
PPP2R5A	HGNC:9309
PPP2R5B	HGNC:9310
PPP2R5C	HGNC:9311
PPP2R5D	HGNC:9312
PPP2R5E	HGNC:9313
PPP3CA	HGNC:9314
PPP3CB	HGNC:9315
PPP3CC	HGNC:9316
PPP3R1	HGNC:9317
PPP3R2	HGNC:9318
PPP4C	HGNC:9319
PPP4R1	HGNC:9320
PPP4R2	HGNC:18296
PPP4R3A	HGNC:20219
PPP4R3B	HGNC:29267
PPP4R3C	HGNC:33146
PPP4R4	HGNC:23788
PPP5C	HGNC:9322
PPP6C	HGNC:9323
PPP6R1	HGNC:29195
PPP6R2	HGNC:19253
PPP6R3	HGNC:1173
PPRC1	HGNC:30025
PPT1	HGNC:9325
PPT2	HGNC:9326
PPTC7	HGNC:30695
PPWD1	HGNC:28954
PPY	HGNC:9327
PQBP1	HGNC:9330
PRAC1	HGNC:30591
PRAC2	HGNC:30143
PRADC1	HGNC:16047
PRAF2	HGNC:28911
PRAG1	HGNC:25438
PRAM1	HGNC:30091
PRAME	HGNC:9336
PRAMEF1	HGNC:28840
PRAMEF10	HGNC:27997
PRAMEF11	HGNC:14086
PRAMEF12	HGNC:22125
PRAMEF13	HGNC:13262
PRAMEF14	HGNC:13576
PRAMEF15	HGNC:26764
PRAMEF17	HGNC:29485
PRAMEF18	HGNC:30693
PRAMEF19	HGNC:24908
PRAMEF2	HGNC:28841
PRAMEF20	HGNC:25224
PRAMEF22	HGNC:34393
PRAMEF25	HGNC:49179
PRAMEF26	HGNC:49178
PRAMEF27	HGNC:51234
PRAMEF33	HGNC:49193
PRAMEF4	HGNC:31971
PRAMEF5	HGNC:27995
PRAMEF6	HGNC:30583
PRAMEF7	HGNC:28415
PRAMEF8	HGNC:24074
PRAMEF9	HGNC:27996
PRAP1	HGNC:23304
PRB2	HGNC:9338
PRB3	HGNC:9339
PRB4	HGNC:9340
PRC1	HGNC:9341
PRCC	HGNC:9343
PRCD	HGNC:32528
PRCP	HGNC:9344
PRDM1	HGNC:9346
PRDM10	HGNC:13995
PRDM11	HGNC:13996
PRDM12	HGNC:13997
PRDM13	HGNC:13998
PRDM14	HGNC:14001
PRDM15	HGNC:13999
PRDM16	HGNC:14000
PRDM2	HGNC:9347
PRDM4	HGNC:9348
PRDM5	HGNC:9349
PRDM6	HGNC:9350
PRDM7	HGNC:9351
PRDM8	HGNC:13993
PRDM9	HGNC:13994
PRDX1	HGNC:9352
PRDX2	HGNC:9353
PRDX3	HGNC:9354
PRDX4	HGNC:17169
PRDX5	HGNC:9355
PRDX6	HGNC:16753
PREB	HGNC:9356
PRELID1	HGNC:30255
PRELID2	HGNC:28306
PRELID3A	HGNC:24639
PRELID3B	HGNC:15892
PRELP	HGNC:9357
PREP	HGNC:9358
PREPL	HGNC:30228
PREX1	HGNC:32594
PREX2	HGNC:22950
PRF1	HGNC:9360
PRG2	HGNC:9362
PRG3	HGNC:9363
PRG4	HGNC:9364
PRH1	HGNC:9366
PRH2	HGNC:9367
PRICKLE1	HGNC:17019
PRICKLE2	HGNC:20340
PRICKLE3	HGNC:6645
PRICKLE4	HGNC:16805
PRIM1	HGNC:9369
PRIM2	HGNC:9370
PRIMA1	HGNC:18319
PRIMPOL	HGNC:26575
PRKAA1	HGNC:9376
PRKAA2	HGNC:9377
PRKAB1	HGNC:9378
PRKAB2	HGNC:9379
PRKACA	HGNC:9380
PRKACB	HGNC:9381
PRKACG	HGNC:9382
PRKAG1	HGNC:9385
PRKAG2	HGNC:9386
PRKAG3	HGNC:9387
PRKAR1A	HGNC:9388
PRKAR1B	HGNC:9390
PRKAR2A	HGNC:9391
PRKAR2B	HGNC:9392
PRKCA	HGNC:9393
PRKCB	HGNC:9395
PRKCD	HGNC:9399
PRKCE	HGNC:9401
PRKCG	HGNC:9402
PRKCH	HGNC:9403
PRKCI	HGNC:9404
PRKCQ	HGNC:9410
PRKCSH	HGNC:9411
PRKCZ	HGNC:9412
PRKD1	HGNC:9407
PRKD2	HGNC:17293
PRKD3	HGNC:9408
PRKDC	HGNC:9413
PRKG1	HGNC:9414
PRKG2	HGNC:9416
PRKN	HGNC:8607
PRKRA	HGNC:9438
PRKRIP1	HGNC:21894
PRKX	HGNC:9441
PRL	HGNC:9445
PRLH	HGNC:17945
PRLHR	HGNC:4464
PRLR	HGNC:9446
PRM1	HGNC:9447
PRM2	HGNC:9448
PRM3	HGNC:13732
PRMT1	HGNC:5187
PRMT2	HGNC:5186
PRMT3	HGNC:30163
PRMT5	HGNC:10894
PRMT6	HGNC:18241
PRMT7	HGNC:25557
PRMT8	HGNC:5188
PRMT9	HGNC:25099
PRND	HGNC:15748
PRNP	HGNC:9449
PROB1	HGNC:41906
PROC	HGNC:9451
PROCA1	HGNC:28600
PROCR	HGNC:9452
PRODH	HGNC:9453
PRODH2	HGNC:17325
PROK1	HGNC:18454
PROK2	HGNC:18455
PROKR1	HGNC:4524
PROKR2	HGNC:15836
PROM1	HGNC:9454
PROM2	HGNC:20685
PROP1	HGNC:9455
PRORP	HGNC:19958
PROS1	HGNC:9456
PROSER1	HGNC:20291
PROSER2	HGNC:23728
PROSER3	HGNC:25204
PROX1	HGNC:9459
PROX2	HGNC:26715
PROZ	HGNC:9460
PRP4K	HGNC:17346
PRPF18	HGNC:17351
PRPF19	HGNC:17896
PRPF3	HGNC:17348
PRPF31	HGNC:15446
PRPF38A	HGNC:25930
PRPF38B	HGNC:25512
PRPF39	HGNC:20314
PRPF4	HGNC:17349
PRPF40A	HGNC:16463
PRPF40B	HGNC:25031
PRPF6	HGNC:15860
PRPF8	HGNC:17340
PRPH	HGNC:9461
PRPH2	HGNC:9942
PRPS1	HGNC:9462
PRPS1L1	HGNC:9463
PRPS2	HGNC:9465
PRPSAP1	HGNC:9466
PRPSAP2	HGNC:9467
PRR11	HGNC:25619
PRR12	HGNC:29217
PRR13	HGNC:24528
PRR14	HGNC:28458
PRR14L	HGNC:28738
PRR15	HGNC:22310
PRR15L	HGNC:28149
PRR16	HGNC:29654
PRR18	HGNC:28574
PRR19	HGNC:33728
PRR20A	HGNC:24754
PRR20B	HGNC:37220
PRR20C	HGNC:37221
PRR20D	HGNC:37222
PRR20E	HGNC:37223
PRR20G	HGNC:53837
PRR22	HGNC:28354
PRR23A	HGNC:37172
PRR23B	HGNC:33764
PRR23C	HGNC:37173
PRR23D1	HGNC:49420
PRR23D2	HGNC:49396
PRR23E	HGNC:32481
PRR27	HGNC:33193
PRR29	HGNC:25673
PRR3	HGNC:21149
PRR30	HGNC:28677
PRR32	HGNC:34498
PRR33	HGNC:35118
PRR35	HGNC:14139
PRR36	HGNC:26172
PRR4	HGNC:18020
PRR5	HGNC:31682
PRR5L	HGNC:25878
PRR7	HGNC:28130
PRR9	HGNC:32057
PRRC1	HGNC:28164
PRRC2A	HGNC:13918
PRRC2B	HGNC:28121
PRRC2C	HGNC:24903
PRRG1	HGNC:9469
PRRG2	HGNC:9470
PRRG3	HGNC:30798
PRRG4	HGNC:30799
PRRT1	HGNC:13943
PRRT1B	HGNC:53642
PRRT2	HGNC:30500
PRRT3	HGNC:26591
PRRT4	HGNC:37280
PRRX1	HGNC:9142
PRRX2	HGNC:21338
PRSS1	HGNC:9475
PRSS12	HGNC:9477
PRSS16	HGNC:9480
PRSS2	HGNC:9483
PRSS21	HGNC:9485
PRSS22	HGNC:14368
PRSS23	HGNC:14370
PRSS27	HGNC:15475
PRSS3	HGNC:9486
PRSS33	HGNC:30405
PRSS35	HGNC:21387
PRSS36	HGNC:26906
PRSS37	HGNC:29211
PRSS38	HGNC:29625
PRSS41	HGNC:30715
PRSS48	HGNC:24635
PRSS50	HGNC:17910
PRSS53	HGNC:34407
PRSS54	HGNC:26336
PRSS55	HGNC:30824
PRSS56	HGNC:39433
PRSS57	HGNC:31397
PRSS58	HGNC:39125
PRSS8	HGNC:9491
PRTFDC1	HGNC:23333
PRTG	HGNC:26373
PRTN3	HGNC:9495
PRUNE1	HGNC:13420
PRUNE2	HGNC:25209
PRX	HGNC:13797
PRXL2A	HGNC:28651
PRXL2B	HGNC:28390
PRXL2C	HGNC:16881
PSAP	HGNC:9498
PSAPL1	HGNC:33131
PSAT1	HGNC:19129
PSCA	HGNC:9500
PSD	HGNC:9507
PSD2	HGNC:19092
PSD3	HGNC:19093
PSD4	HGNC:19096
PSEN1	HGNC:9508
PSEN2	HGNC:9509
PSENEN	HGNC:30100
PSG1	HGNC:9514
PSG11	HGNC:9516
PSG2	HGNC:9519
PSG3	HGNC:9520
PSG4	HGNC:9521
PSG5	HGNC:9522
PSG6	HGNC:9523
PSG7	HGNC:9524
PSG8	HGNC:9525
PSG9	HGNC:9526
PSIP1	HGNC:9527
PSKH1	HGNC:9529
PSKH2	HGNC:18997
PSMA1	HGNC:9530
PSMA2	HGNC:9531
PSMA3	HGNC:9532
PSMA4	HGNC:9533
PSMA5	HGNC:9534
PSMA6	HGNC:9535
PSMA7	HGNC:9536
PSMA8	HGNC:22985
PSMB1	HGNC:9537
PSMB10	HGNC:9538
PSMB11	HGNC:31963
PSMB2	HGNC:9539
PSMB3	HGNC:9540
PSMB4	HGNC:9541
PSMB5	HGNC:9542
PSMB6	HGNC:9543
PSMB7	HGNC:9544
PSMB8	HGNC:9545
PSMB9	HGNC:9546
PSMC1	HGNC:9547
PSMC2	HGNC:9548
PSMC3	HGNC:9549
PSMC3IP	HGNC:17928
PSMC4	HGNC:9551
PSMC5	HGNC:9552
PSMC6	HGNC:9553
PSMD1	HGNC:9554
PSMD10	HGNC:9555
PSMD11	HGNC:9556
PSMD12	HGNC:9557
PSMD13	HGNC:9558
PSMD14	HGNC:16889
PSMD2	HGNC:9559
PSMD3	HGNC:9560
PSMD4	HGNC:9561
PSMD5	HGNC:9563
PSMD6	HGNC:9564
PSMD7	HGNC:9565
PSMD8	HGNC:9566
PSMD9	HGNC:9567
PSME1	HGNC:9568
PSME2	HGNC:9569
PSME3	HGNC:9570
PSME3IP1	HGNC:29856
PSME4	HGNC:20635
PSMF1	HGNC:9571
PSMG1	HGNC:3043
PSMG2	HGNC:24929
PSMG3	HGNC:22420
PSMG4	HGNC:21108
PSORS1C1	HGNC:17202
PSORS1C2	HGNC:17199
PSPC1	HGNC:20320
PSPH	HGNC:9577
PSPN	HGNC:9579
PSRC1	HGNC:24472
PSTK	HGNC:28578
PSTPIP1	HGNC:9580
PSTPIP2	HGNC:9581
PTAFR	HGNC:9582
PTAR1	HGNC:30449
PTBP1	HGNC:9583
PTBP2	HGNC:17662
PTBP3	HGNC:10253
PTCD1	HGNC:22198
PTCD2	HGNC:25734
PTCD3	HGNC:24717
PTCH1	HGNC:9585
PTCH2	HGNC:9586
PTCHD1	HGNC:26392
PTCHD4	HGNC:21345
PTCRA	HGNC:21290
PTCSC3	HGNC:43959
PTDSS1	HGNC:9587
PTDSS2	HGNC:15463
PTEN	HGNC:9588
PTER	HGNC:9590
PTF1A	HGNC:23734
PTGDR	HGNC:9591
PTGDR2	HGNC:4502
PTGDS	HGNC:9592
PTGER1	HGNC:9593
PTGER2	HGNC:9594
PTGER3	HGNC:9595
PTGER4	HGNC:9596
PTGES	HGNC:9599
PTGES2	HGNC:17822
PTGES3	HGNC:16049
PTGES3L	HGNC:43943
PTGFR	HGNC:9600
PTGFRN	HGNC:9601
PTGIR	HGNC:9602
PTGIS	HGNC:9603
PTGR1	HGNC:18429
PTGR2	HGNC:20149
PTGR3	HGNC:28697
PTGS1	HGNC:9604
PTGS2	HGNC:9605
PTH	HGNC:9606
PTH1R	HGNC:9608
PTH2	HGNC:30828
PTH2R	HGNC:9609
PTHLH	HGNC:9607
PTK2	HGNC:9611
PTK2B	HGNC:9612
PTK6	HGNC:9617
PTK7	HGNC:9618
PTMA	HGNC:9623
PTMS	HGNC:9629
PTN	HGNC:9630
PTOV1	HGNC:9632
PTP4A1	HGNC:9634
PTP4A2	HGNC:9635
PTP4A3	HGNC:9636
PTPA	HGNC:9308
PTPDC1	HGNC:30184
PTPMT1	HGNC:26965
PTPN1	HGNC:9642
PTPN11	HGNC:9644
PTPN12	HGNC:9645
PTPN13	HGNC:9646
PTPN14	HGNC:9647
PTPN18	HGNC:9649
PTPN2	HGNC:9650
PTPN20	HGNC:23423
PTPN21	HGNC:9651
PTPN22	HGNC:9652
PTPN23	HGNC:14406
PTPN3	HGNC:9655
PTPN4	HGNC:9656
PTPN5	HGNC:9657
PTPN6	HGNC:9658
PTPN7	HGNC:9659
PTPN9	HGNC:9661
PTPRA	HGNC:9664
PTPRB	HGNC:9665
PTPRC	HGNC:9666
PTPRCAP	HGNC:9667
PTPRD	HGNC:9668
PTPRE	HGNC:9669
PTPRF	HGNC:9670
PTPRG	HGNC:9671
PTPRH	HGNC:9672
PTPRJ	HGNC:9673
PTPRK	HGNC:9674
PTPRM	HGNC:9675
PTPRN	HGNC:9676
PTPRN2	HGNC:9677
PTPRO	HGNC:9678
PTPRQ	HGNC:9679
PTPRR	HGNC:9680
PTPRS	HGNC:9681
PTPRT	HGNC:9682
PTPRU	HGNC:9683
PTPRZ1	HGNC:9685
PTRH1	HGNC:27039
PTRH2	HGNC:24265
PTRHD1	HGNC:33782
PTS	HGNC:9689
PTTG1	HGNC:9690
PTTG1IP	HGNC:13524
PTTG1IP2	HGNC:55318
PTTG2	HGNC:9691
PTX3	HGNC:9692
PTX4	HGNC:14171
PUDP	HGNC:16818
PUF60	HGNC:17042
PUM1	HGNC:14957
PUM2	HGNC:14958
PUM3	HGNC:29676
PURA	HGNC:9701
PURB	HGNC:9702
PURG	HGNC:17930
PUS1	HGNC:15508
PUS10	HGNC:26505
PUS3	HGNC:25461
PUS7	HGNC:26033
PUS7L	HGNC:25276
PUSL1	HGNC:26914
PVALB	HGNC:9704
PVALEF	HGNC:40053
PVR	HGNC:9705
PVRIG	HGNC:32190
PVT1	HGNC:9709
PWP1	HGNC:17015
PWP2	HGNC:9711
PWWP2A	HGNC:29406
PWWP2B	HGNC:25150
PWWP3A	HGNC:29641
PWWP3B	HGNC:26583
PWWP4	HGNC:55197
PXDC1	HGNC:21361
PXDN	HGNC:14966
PXDNL	HGNC:26359
PXK	HGNC:23326
PXMP2	HGNC:9716
PXMP4	HGNC:15920
PXN	HGNC:9718
PXT1	HGNC:18312
PXYLP1	HGNC:26303
PYCARD	HGNC:16608
PYCR1	HGNC:9721
PYCR2	HGNC:30262
PYCR3	HGNC:25846
PYDC1	HGNC:30261
PYDC2	HGNC:33512
PYDC5	HGNC:53781
PYGB	HGNC:9723
PYGL	HGNC:9725
PYGM	HGNC:9726
PYGO1	HGNC:30256
PYGO2	HGNC:30257
PYHIN1	HGNC:28894
PYM1	HGNC:30258
PYROXD1	HGNC:26162
PYROXD2	HGNC:23517
PYURF	HGNC:44317
PYY	HGNC:9748
PZP	HGNC:9750
QARS1	HGNC:9751
QDPR	HGNC:9752
QKI	HGNC:21100
QNG1	HGNC:28144
QPCT	HGNC:9753
QPCTL	HGNC:25952
QPRT	HGNC:9755
QRFP	HGNC:29982
QRFPR	HGNC:15565
QRICH1	HGNC:24713
QRICH2	HGNC:25326
QRSL1	HGNC:21020
QSER1	HGNC:26154
QSOX1	HGNC:9756
QSOX2	HGNC:30249
QTGAL	HGNC:21727
QTMAN	HGNC:20887
QTRT1	HGNC:23797
QTRT2	HGNC:25771
R3HCC1	HGNC:27329
R3HCC1L	HGNC:23512
R3HDM1	HGNC:9757
R3HDM2	HGNC:29167
R3HDM4	HGNC:28270
R3HDML	HGNC:16249
RAB10	HGNC:9759
RAB11A	HGNC:9760
RAB11B	HGNC:9761
RAB11FIP1	HGNC:30265
RAB11FIP2	HGNC:29152
RAB11FIP3	HGNC:17224
RAB11FIP4	HGNC:30267
RAB11FIP5	HGNC:24845
RAB12	HGNC:31332
RAB13	HGNC:9762
RAB14	HGNC:16524
RAB15	HGNC:20150
RAB17	HGNC:16523
RAB18	HGNC:14244
RAB19	HGNC:19982
RAB1A	HGNC:9758
RAB1B	HGNC:18370
RAB20	HGNC:18260
RAB21	HGNC:18263
RAB22A	HGNC:9764
RAB23	HGNC:14263
RAB24	HGNC:9765
RAB25	HGNC:18238
RAB26	HGNC:14259
RAB27A	HGNC:9766
RAB27B	HGNC:9767
RAB28	HGNC:9768
RAB29	HGNC:9789
RAB2A	HGNC:9763
RAB2B	HGNC:20246
RAB30	HGNC:9770
RAB31	HGNC:9771
RAB32	HGNC:9772
RAB33A	HGNC:9773
RAB33B	HGNC:16075
RAB34	HGNC:16519
RAB35	HGNC:9774
RAB36	HGNC:9775
RAB37	HGNC:30268
RAB38	HGNC:9776
RAB39A	HGNC:16521
RAB39B	HGNC:16499
RAB3A	HGNC:9777
RAB3B	HGNC:9778
RAB3C	HGNC:30269
RAB3D	HGNC:9779
RAB3GAP1	HGNC:17063
RAB3GAP2	HGNC:17168
RAB3IL1	HGNC:9780
RAB3IP	HGNC:16508
RAB40A	HGNC:18283
RAB40AL	HGNC:25410
RAB40B	HGNC:18284
RAB40C	HGNC:18285
RAB41	HGNC:18293
RAB42	HGNC:28702
RAB43	HGNC:19983
RAB44	HGNC:21068
RAB4A	HGNC:9781
RAB4B	HGNC:9782
RAB5A	HGNC:9783
RAB5B	HGNC:9784
RAB5C	HGNC:9785
RAB5IF	HGNC:15870
RAB6A	HGNC:9786
RAB6B	HGNC:14902
RAB6C	HGNC:16525
RAB6D	HGNC:30272
RAB7A	HGNC:9788
RAB7B	HGNC:30513
RAB8A	HGNC:7007
RAB8B	HGNC:30273
RAB9A	HGNC:9792
RAB9B	HGNC:14090
RABAC1	HGNC:9794
RABEP1	HGNC:17677
RABEP2	HGNC:24817
RABEPK	HGNC:16896
RABGAP1	HGNC:17155
RABGAP1L	HGNC:24663
RABGEF1	HGNC:17676
RABGGTA	HGNC:9795
RABGGTB	HGNC:9796
RABIF	HGNC:9797
RABL2A	HGNC:9799
RABL2B	HGNC:9800
RABL3	HGNC:18072
RABL6	HGNC:24703
RAC1	HGNC:9801
RAC2	HGNC:9802
RAC3	HGNC:9803
RACGAP1	HGNC:9804
RACK1	HGNC:4399
RAD1	HGNC:9806
RAD17	HGNC:9807
RAD18	HGNC:18278
RAD21	HGNC:9811
RAD21L1	HGNC:16271
RAD23A	HGNC:9812
RAD23B	HGNC:9813
RAD50	HGNC:9816
RAD51	HGNC:9817
RAD51AP1	HGNC:16956
RAD51AP2	HGNC:34417
RAD51B	HGNC:9822
RAD51C	HGNC:9820
RAD51D	HGNC:9823
RAD52	HGNC:9824
RAD54B	HGNC:17228
RAD54L	HGNC:9826
RAD54L2	HGNC:29123
RAD9A	HGNC:9827
RAD9B	HGNC:21700
RADIL	HGNC:22226
RADX	HGNC:25486
RAE1	HGNC:9828
RAET1E	HGNC:16793
RAET1G	HGNC:16795
RAET1L	HGNC:16798
RAF1	HGNC:9829
RAG1	HGNC:9831
RAG2	HGNC:9832
RAI1	HGNC:9834
RAI14	HGNC:14873
RAI2	HGNC:9835
RALA	HGNC:9839
RALB	HGNC:9840
RALBP1	HGNC:9841
RALGAPA1	HGNC:17770
RALGAPA2	HGNC:16207
RALGAPB	HGNC:29221
RALGDS	HGNC:9842
RALGPS1	HGNC:16851
RALGPS2	HGNC:30279
RALY	HGNC:15921
RALYL	HGNC:27036
RAMAC	HGNC:31022
RAMACL	HGNC:21234
RAMP1	HGNC:9843
RAMP2	HGNC:9844
RAMP3	HGNC:9845
RAN	HGNC:9846
RANBP1	HGNC:9847
RANBP10	HGNC:29285
RANBP17	HGNC:14428
RANBP2	HGNC:9848
RANBP3	HGNC:9850
RANBP3L	HGNC:26353
RANBP6	HGNC:9851
RANBP9	HGNC:13727
RANGAP1	HGNC:9854
RANGRF	HGNC:17679
RAP1A	HGNC:9855
RAP1B	HGNC:9857
RAP1GAP	HGNC:9858
RAP1GAP2	HGNC:29176
RAP1GDS1	HGNC:9859
RAP2A	HGNC:9861
RAP2B	HGNC:9862
RAP2C	HGNC:21165
RAPGEF1	HGNC:4568
RAPGEF2	HGNC:16854
RAPGEF3	HGNC:16629
RAPGEF4	HGNC:16626
RAPGEF5	HGNC:16862
RAPGEF6	HGNC:20655
RAPGEFL1	HGNC:17428
RAPH1	HGNC:14436
RAPSN	HGNC:9863
RARA	HGNC:9864
RARB	HGNC:9865
RARG	HGNC:9866
RARRES1	HGNC:9867
RARRES2	HGNC:9868
RARS1	HGNC:9870
RARS2	HGNC:21406
RASA1	HGNC:9871
RASA2	HGNC:9872
RASA3	HGNC:20331
RASA4	HGNC:23181
RASA4B	HGNC:35202
RASAL1	HGNC:9873
RASAL2	HGNC:9874
RASAL3	HGNC:26129
RASD1	HGNC:15828
RASD2	HGNC:18229
RASEF	HGNC:26464
RASGEF1A	HGNC:24246
RASGEF1B	HGNC:24881
RASGEF1C	HGNC:27400
RASGRF1	HGNC:9875
RASGRF2	HGNC:9876
RASGRP1	HGNC:9878
RASGRP2	HGNC:9879
RASGRP3	HGNC:14545
RASGRP4	HGNC:18958
RASIP1	HGNC:24716
RASL10A	HGNC:16954
RASL10B	HGNC:30295
RASL11A	HGNC:23802
RASL11B	HGNC:23804
RASL12	HGNC:30289
RASSF1	HGNC:9882
RASSF10	HGNC:33984
RASSF2	HGNC:9883
RASSF3	HGNC:14271
RASSF4	HGNC:20793
RASSF5	HGNC:17609
RASSF6	HGNC:20796
RASSF7	HGNC:1166
RASSF8	HGNC:13232
RASSF9	HGNC:15739
RAVER1	HGNC:30296
RAVER2	HGNC:25577
RAX	HGNC:18662
RAX2	HGNC:18286
RB1	HGNC:9884
RB1CC1	HGNC:15574
RBAK	HGNC:17680
RBBP4	HGNC:9887
RBBP5	HGNC:9888
RBBP6	HGNC:9889
RBBP7	HGNC:9890
RBBP8	HGNC:9891
RBBP8NL	HGNC:16144
RBBP9	HGNC:9892
RBCK1	HGNC:15864
RBFA	HGNC:26120
RBFOX1	HGNC:18222
RBFOX2	HGNC:9906
RBFOX3	HGNC:27097
RBIS	HGNC:32235
RBKS	HGNC:30325
RBL1	HGNC:9893
RBL2	HGNC:9894
RBM10	HGNC:9896
RBM11	HGNC:9897
RBM12	HGNC:9898
RBM12B	HGNC:32310
RBM14	HGNC:14219
RBM15	HGNC:14959
RBM15B	HGNC:24303
RBM17	HGNC:16944
RBM18	HGNC:28413
RBM19	HGNC:29098
RBM20	HGNC:27424
RBM22	HGNC:25503
RBM23	HGNC:20155
RBM24	HGNC:21539
RBM25	HGNC:23244
RBM26	HGNC:20327
RBM27	HGNC:29243
RBM28	HGNC:21863
RBM3	HGNC:9900
RBM33	HGNC:27223
RBM34	HGNC:28965
RBM38	HGNC:15818
RBM39	HGNC:15923
RBM4	HGNC:9901
RBM41	HGNC:25617
RBM42	HGNC:28117
RBM43	HGNC:24790
RBM44	HGNC:24756
RBM45	HGNC:24468
RBM46	HGNC:28401
RBM47	HGNC:30358
RBM48	HGNC:21785
RBM4B	HGNC:28842
RBM5	HGNC:9902
RBM6	HGNC:9903
RBM7	HGNC:9904
RBM8A	HGNC:9905
RBMS1	HGNC:9907
RBMS2	HGNC:9909
RBMS3	HGNC:13427
RBMX	HGNC:9910
RBMX2	HGNC:24282
RBMXL1	HGNC:25073
RBMXL2	HGNC:17886
RBMXL3	HGNC:26859
RBMY1A1	HGNC:9912
RBMY1B	HGNC:23914
RBMY1D	HGNC:23915
RBMY1E	HGNC:23916
RBMY1F	HGNC:23974
RBMY1J	HGNC:23917
RBP1	HGNC:9919
RBP2	HGNC:9920
RBP3	HGNC:9921
RBP4	HGNC:9922
RBP5	HGNC:15847
RBP7	HGNC:30316
RBPJ	HGNC:5724
RBPJL	HGNC:13761
RBPMS	HGNC:19097
RBPMS2	HGNC:19098
RBSN	HGNC:20759
RBX1	HGNC:9928
RC3H1	HGNC:29434
RC3H2	HGNC:21461
RCAN1	HGNC:3040
RCAN2	HGNC:3041
RCAN3	HGNC:3042
RCBTB1	HGNC:18243
RCBTB2	HGNC:1914
RCC1	HGNC:1913
RCC1L	HGNC:14948
RCC2	HGNC:30297
RCCD1	HGNC:30457
RCE1	HGNC:13721
RCHY1	HGNC:17479
RCL1	HGNC:17687
RCN1	HGNC:9934
RCN2	HGNC:9935
RCN3	HGNC:21145
RCOR1	HGNC:17441
RCOR2	HGNC:27455
RCOR3	HGNC:25594
RCSD1	HGNC:28310
RCVRN	HGNC:9937
RD3	HGNC:19689
RD3L	HGNC:40912
RDH10	HGNC:19975
RDH11	HGNC:17964
RDH12	HGNC:19977
RDH13	HGNC:19978
RDH14	HGNC:19979
RDH16	HGNC:29674
RDH5	HGNC:9940
RDH8	HGNC:14423
RDM1	HGNC:19950
RDX	HGNC:9944
REC114	HGNC:25065
REC8	HGNC:16879
RECK	HGNC:11345
RECQL	HGNC:9948
RECQL4	HGNC:9949
RECQL5	HGNC:9950
REDIC1	HGNC:26846
REELD1	HGNC:53638
REEP1	HGNC:25786
REEP2	HGNC:17975
REEP3	HGNC:23711
REEP4	HGNC:26176
REEP5	HGNC:30077
REEP6	HGNC:30078
REG1A	HGNC:9951
REG1B	HGNC:9952
REG3A	HGNC:8601
REG3G	HGNC:29595
REG4	HGNC:22977
REL	HGNC:9954
RELA	HGNC:9955
RELB	HGNC:9956
RELCH	HGNC:29289
RELL1	HGNC:27379
RELL2	HGNC:26902
RELN	HGNC:9957
RELT	HGNC:13764
REM1	HGNC:15922
REM2	HGNC:20248
REN	HGNC:9958
RENBP	HGNC:9959
REP15	HGNC:33748
REPIN1	HGNC:17922
REPS1	HGNC:15578
REPS2	HGNC:9963
RER1	HGNC:30309
RERE	HGNC:9965
RERG	HGNC:15980
RERGL	HGNC:26213
RESF1	HGNC:25559
RESP18	HGNC:33762
REST	HGNC:9966
RET	HGNC:9967
RETN	HGNC:20389
RETNLB	HGNC:20388
RETREG1	HGNC:25964
RETREG2	HGNC:28450
RETREG3	HGNC:27258
RETSAT	HGNC:25991
REV1	HGNC:14060
REV3L	HGNC:9968
REX1BD	HGNC:26098
REXO1	HGNC:24616
REXO2	HGNC:17851
REXO4	HGNC:12820
REXO5	HGNC:24661
RFC1	HGNC:9969
RFC2	HGNC:9970
RFC3	HGNC:9971
RFC4	HGNC:9972
RFC5	HGNC:9973
RFESD	HGNC:29587
RFFL	HGNC:24821
RFK	HGNC:30324
RFLNA	HGNC:27051
RFLNB	HGNC:28705
RFNG	HGNC:9974
RFPL1	HGNC:9977
RFPL2	HGNC:9979
RFPL3	HGNC:9980
RFPL4A	HGNC:16449
RFPL4AL1	HGNC:45147
RFPL4B	HGNC:33264
RFT1	HGNC:30220
RFTN1	HGNC:30278
RFTN2	HGNC:26402
RFWD3	HGNC:25539
RFX1	HGNC:9982
RFX2	HGNC:9983
RFX3	HGNC:9984
RFX4	HGNC:9985
RFX5	HGNC:9986
RFX6	HGNC:21478
RFX7	HGNC:25777
RFX8	HGNC:37253
RFXANK	HGNC:9987
RFXAP	HGNC:9988
RGCC	HGNC:20369
RGL1	HGNC:30281
RGL2	HGNC:9769
RGL3	HGNC:30282
RGL4	HGNC:31911
RGMA	HGNC:30308
RGMB	HGNC:26896
RGN	HGNC:9989
RGP1	HGNC:21965
RGPD1	HGNC:32414
RGPD2	HGNC:32415
RGPD3	HGNC:32416
RGPD4	HGNC:32417
RGPD5	HGNC:32418
RGPD6	HGNC:32419
RGPD8	HGNC:9849
RGR	HGNC:9990
RGS1	HGNC:9991
RGS10	HGNC:9992
RGS11	HGNC:9993
RGS12	HGNC:9994
RGS13	HGNC:9995
RGS14	HGNC:9996
RGS16	HGNC:9997
RGS17	HGNC:14088
RGS18	HGNC:14261
RGS19	HGNC:13735
RGS2	HGNC:9998
RGS20	HGNC:14600
RGS21	HGNC:26839
RGS22	HGNC:24499
RGS3	HGNC:9999
RGS4	HGNC:10000
RGS5	HGNC:10001
RGS6	HGNC:10002
RGS7	HGNC:10003
RGS7BP	HGNC:23271
RGS8	HGNC:16810
RGS9	HGNC:10004
RGS9BP	HGNC:30304
RGSL1	HGNC:18636
RHAG	HGNC:10006
RHBDD1	HGNC:23081
RHBDD2	HGNC:23082
RHBDD3	HGNC:1308
RHBDF1	HGNC:20561
RHBDF2	HGNC:20788
RHBDL1	HGNC:10007
RHBDL2	HGNC:16083
RHBDL3	HGNC:16502
RHBG	HGNC:14572
RHCE	HGNC:10008
RHCG	HGNC:18140
RHD	HGNC:10009
RHEB	HGNC:10011
RHEBL1	HGNC:21166
RHEX	HGNC:25341
RHNO1	HGNC:28206
RHO	HGNC:10012
RHOA	HGNC:667
RHOB	HGNC:668
RHOBTB1	HGNC:18738
RHOBTB2	HGNC:18756
RHOBTB3	HGNC:18757
RHOC	HGNC:669
RHOD	HGNC:670
RHOF	HGNC:15703
RHOG	HGNC:672
RHOH	HGNC:686
RHOJ	HGNC:688
RHOQ	HGNC:17736
RHOT1	HGNC:21168
RHOT2	HGNC:21169
RHOU	HGNC:17794
RHOV	HGNC:18313
RHOXF1	HGNC:29993
RHOXF2	HGNC:30011
RHOXF2B	HGNC:33519
RHPN1	HGNC:19973
RHPN2	HGNC:19974
RIBC1	HGNC:26537
RIBC2	HGNC:13241
RIC1	HGNC:17686
RIC3	HGNC:30338
RIC8A	HGNC:29550
RIC8B	HGNC:25555
RICTOR	HGNC:28611
RIDA	HGNC:16897
RIF1	HGNC:23207
RIGI	HGNC:19102
RIIAD1	HGNC:26686
RILP	HGNC:30266
RILPL1	HGNC:26814
RILPL2	HGNC:28787
RIMBP2	HGNC:30339
RIMBP3	HGNC:29344
RIMBP3B	HGNC:33891
RIMBP3C	HGNC:33892
RIMKLA	HGNC:28725
RIMKLB	HGNC:29228
RIMOC1	HGNC:27750
RIMS1	HGNC:17282
RIMS2	HGNC:17283
RIMS3	HGNC:21292
RIMS4	HGNC:16183
RIN1	HGNC:18749
RIN2	HGNC:18750
RIN3	HGNC:18751
RING1	HGNC:10018
RINL	HGNC:24795
RINT1	HGNC:21876
RIOK1	HGNC:18656
RIOK2	HGNC:18999
RIOK3	HGNC:11451
RIOX1	HGNC:20968
RIOX2	HGNC:19441
RIPK1	HGNC:10019
RIPK2	HGNC:10020
RIPK3	HGNC:10021
RIPK4	HGNC:496
RIPOR1	HGNC:25836
RIPOR2	HGNC:13872
RIPOR3	HGNC:16168
RIPPLY1	HGNC:25117
RIPPLY2	HGNC:21390
RIPPLY3	HGNC:3047
RIT1	HGNC:10023
RIT2	HGNC:10017
RITA1	HGNC:25925
RLBP1	HGNC:10024
RLF	HGNC:10025
RLIG1	HGNC:25322
RLIM	HGNC:13429
RLN1	HGNC:10026
RLN2	HGNC:10027
RLN3	HGNC:17135
RMC1	HGNC:24326
RMDN1	HGNC:24285
RMDN2	HGNC:26567
RMDN3	HGNC:25550
RMI1	HGNC:25764
RMI2	HGNC:28349
RMND1	HGNC:21176
RMND5A	HGNC:25850
RMND5B	HGNC:26181
RMP24	HGNC:28802
RMP64	HGNC:24496
RMRP	HGNC:10031
RMST	HGNC:29893
RNASE1	HGNC:10044
RNASE10	HGNC:19275
RNASE11	HGNC:19269
RNASE12	HGNC:24211
RNASE13	HGNC:25285
RNASE2	HGNC:10045
RNASE3	HGNC:10046
RNASE4	HGNC:10047
RNASE6	HGNC:10048
RNASE7	HGNC:19278
RNASE8	HGNC:19277
RNASE9	HGNC:20673
RNASEH1	HGNC:18466
RNASEH2A	HGNC:18518
RNASEH2B	HGNC:25671
RNASEH2C	HGNC:24116
RNASEK	HGNC:33911
RNASEL	HGNC:10050
RNASET2	HGNC:21686
RND1	HGNC:18314
RND2	HGNC:18315
RND3	HGNC:671
RNF10	HGNC:10055
RNF103	HGNC:12859
RNF11	HGNC:10056
RNF111	HGNC:17384
RNF112	HGNC:12968
RNF113A	HGNC:12974
RNF113B	HGNC:17267
RNF114	HGNC:13094
RNF115	HGNC:18154
RNF121	HGNC:21070
RNF122	HGNC:21147
RNF123	HGNC:21148
RNF125	HGNC:21150
RNF126	HGNC:21151
RNF128	HGNC:21153
RNF13	HGNC:10057
RNF130	HGNC:18280
RNF133	HGNC:21154
RNF135	HGNC:21158
RNF138	HGNC:17765
RNF139	HGNC:17023
RNF14	HGNC:10058
RNF141	HGNC:21159
RNF144A	HGNC:20457
RNF144B	HGNC:21578
RNF145	HGNC:20853
RNF146	HGNC:21336
RNF148	HGNC:22411
RNF149	HGNC:23137
RNF150	HGNC:23138
RNF151	HGNC:23235
RNF152	HGNC:26811
RNF157	HGNC:29402
RNF166	HGNC:28856
RNF167	HGNC:24544
RNF168	HGNC:26661
RNF169	HGNC:26961
RNF17	HGNC:10060
RNF170	HGNC:25358
RNF175	HGNC:27735
RNF180	HGNC:27752
RNF181	HGNC:28037
RNF182	HGNC:28522
RNF183	HGNC:28721
RNF185	HGNC:26783
RNF186	HGNC:25978
RNF187	HGNC:27146
RNF19A	HGNC:13432
RNF19B	HGNC:26886
RNF2	HGNC:10061
RNF20	HGNC:10062
RNF207	HGNC:32947
RNF208	HGNC:25420
RNF212	HGNC:27729
RNF212B	HGNC:20438
RNF213	HGNC:14539
RNF214	HGNC:25335
RNF215	HGNC:33434
RNF216	HGNC:21698
RNF217	HGNC:21487
RNF220	HGNC:25552
RNF222	HGNC:34517
RNF223	HGNC:40020
RNF224	HGNC:41912
RNF225	HGNC:51249
RNF227	HGNC:27571
RNF228	HGNC:55809
RNF24	HGNC:13779
RNF25	HGNC:14662
RNF26	HGNC:14646
RNF31	HGNC:16031
RNF32	HGNC:17118
RNF34	HGNC:17297
RNF38	HGNC:18052
RNF39	HGNC:18064
RNF4	HGNC:10067
RNF40	HGNC:16867
RNF41	HGNC:18401
RNF43	HGNC:18505
RNF44	HGNC:19180
RNF5	HGNC:10068
RNF6	HGNC:10069
RNF7	HGNC:10070
RNF8	HGNC:10071
RNFT1	HGNC:30206
RNFT2	HGNC:25905
RNGTT	HGNC:10073
RNH1	HGNC:10074
RNLS	HGNC:25641
RNMT	HGNC:10075
RNPC3	HGNC:18666
RNPEP	HGNC:10078
RNPEPL1	HGNC:10079
RNPS1	HGNC:10080
RNU1-1	HGNC:10120
RNU1-2	HGNC:10123
RNU1-3	HGNC:10130
RNU1-4	HGNC:10128
RNU11	HGNC:10108
RNU12	HGNC:19380
RNU2-1	HGNC:10142
RNU2-2	HGNC:10152
RNU2-63P	HGNC:48556
RNU4-1	HGNC:10192
RNU4-2	HGNC:10193
RNU4ATAC	HGNC:34016
RNU5A-1	HGNC:10211
RNU5B-1	HGNC:10212
RNU5D-1	HGNC:10214
RNU5E-1	HGNC:10215
RNU6-1	HGNC:10227
RNU6-2	HGNC:34270
RNU6-7	HGNC:34284
RNU6-8	HGNC:34285
RNU6-9	HGNC:34269
RNU6ATAC	HGNC:34017
RNU7-1	HGNC:34033
RO60	HGNC:11313
ROBO1	HGNC:10249
ROBO2	HGNC:10250
ROBO3	HGNC:13433
ROBO4	HGNC:17985
ROCK1	HGNC:10251
ROCK2	HGNC:10252
ROGDI	HGNC:29478
ROM1	HGNC:10254
ROMO1	HGNC:16185
ROPN1	HGNC:17692
ROPN1B	HGNC:31927
ROPN1L	HGNC:24060
ROR1	HGNC:10256
ROR2	HGNC:10257
RORA	HGNC:10258
RORB	HGNC:10259
RORC	HGNC:10260
ROS1	HGNC:10261
RP1	HGNC:10263
RP1L1	HGNC:15946
RP2	HGNC:10274
RP9	HGNC:10288
RPA1	HGNC:10289
RPA2	HGNC:10290
RPA3	HGNC:10291
RPA4	HGNC:30305
RPAIN	HGNC:28641
RPAP1	HGNC:24567
RPAP2	HGNC:25791
RPAP3	HGNC:26151
RPE	HGNC:10293
RPE65	HGNC:10294
RPEL1	HGNC:45241
RPF1	HGNC:30350
RPF2	HGNC:20870
RPGR	HGNC:10295
RPGRIP1	HGNC:13436
RPGRIP1L	HGNC:29168
RPH3A	HGNC:17056
RPH3AL	HGNC:10296
RPIA	HGNC:10297
RPL10	HGNC:10298
RPL10A	HGNC:10299
RPL10L	HGNC:17976
RPL11	HGNC:10301
RPL12	HGNC:10302
RPL13	HGNC:10303
RPL13A	HGNC:10304
RPL14	HGNC:10305
RPL15	HGNC:10306
RPL17	HGNC:10307
RPL18	HGNC:10310
RPL18A	HGNC:10311
RPL19	HGNC:10312
RPL21	HGNC:10313
RPL22	HGNC:10315
RPL22L1	HGNC:27610
RPL23	HGNC:10316
RPL23A	HGNC:10317
RPL24	HGNC:10325
RPL26	HGNC:10327
RPL26L1	HGNC:17050
RPL27	HGNC:10328
RPL27A	HGNC:10329
RPL28	HGNC:10330
RPL29	HGNC:10331
RPL3	HGNC:10332
RPL30	HGNC:10333
RPL31	HGNC:10334
RPL32	HGNC:10336
RPL34	HGNC:10340
RPL35	HGNC:10344
RPL35A	HGNC:10345
RPL36	HGNC:13631
RPL36A	HGNC:10359
RPL36AL	HGNC:10346
RPL37	HGNC:10347
RPL37A	HGNC:10348
RPL38	HGNC:10349
RPL39	HGNC:10350
RPL39L	HGNC:17094
RPL3L	HGNC:10351
RPL4	HGNC:10353
RPL41	HGNC:10354
RPL5	HGNC:10360
RPL6	HGNC:10362
RPL7	HGNC:10363
RPL7A	HGNC:10364
RPL7L1	HGNC:21370
RPL8	HGNC:10368
RPL9	HGNC:10369
RPLP0	HGNC:10371
RPLP1	HGNC:10372
RPLP2	HGNC:10377
RPN1	HGNC:10381
RPN2	HGNC:10382
RPP14	HGNC:30327
RPP21	HGNC:21300
RPP25	HGNC:30361
RPP25L	HGNC:19909
RPP30	HGNC:17688
RPP38	HGNC:30329
RPP40	HGNC:20992
RPRD1A	HGNC:25560
RPRD1B	HGNC:16209
RPRD2	HGNC:29039
RPRM	HGNC:24201
RPRML	HGNC:32422
RPS10	HGNC:10383
RPS11	HGNC:10384
RPS12	HGNC:10385
RPS13	HGNC:10386
RPS14	HGNC:10387
RPS15	HGNC:10388
RPS15A	HGNC:10389
RPS16	HGNC:10396
RPS17	HGNC:10397
RPS18	HGNC:10401
RPS19	HGNC:10402
RPS19BP1	HGNC:28749
RPS2	HGNC:10404
RPS20	HGNC:10405
RPS21	HGNC:10409
RPS23	HGNC:10410
RPS24	HGNC:10411
RPS25	HGNC:10413
RPS26	HGNC:10414
RPS27	HGNC:10416
RPS27A	HGNC:10417
RPS27L	HGNC:18476
RPS28	HGNC:10418
RPS29	HGNC:10419
RPS3	HGNC:10420
RPS3A	HGNC:10421
RPS4X	HGNC:10424
RPS4Y1	HGNC:10425
RPS4Y2	HGNC:18501
RPS5	HGNC:10426
RPS6	HGNC:10429
RPS6KA1	HGNC:10430
RPS6KA2	HGNC:10431
RPS6KA3	HGNC:10432
RPS6KA4	HGNC:10433
RPS6KA5	HGNC:10434
RPS6KA6	HGNC:10435
RPS6KB1	HGNC:10436
RPS6KB2	HGNC:10437
RPS6KC1	HGNC:10439
RPS6KL1	HGNC:20222
RPS7	HGNC:10440
RPS8	HGNC:10441
RPS9	HGNC:10442
RPSA	HGNC:6502
RPSA2	HGNC:36809
RPTN	HGNC:26809
RPTOR	HGNC:30287
RPUSD1	HGNC:14173
RPUSD2	HGNC:24180
RPUSD3	HGNC:28437
RPUSD4	HGNC:25898
RRAD	HGNC:10446
RRAGA	HGNC:16963
RRAGB	HGNC:19901
RRAGC	HGNC:19902
RRAGD	HGNC:19903
RRAS	HGNC:10447
RRAS2	HGNC:17271
RRBP1	HGNC:10448
RREB1	HGNC:10449
RRH	HGNC:10450
RRM1	HGNC:10451
RRM2	HGNC:10452
RRM2B	HGNC:17296
RRN3	HGNC:30346
RRP1	HGNC:18785
RRP12	HGNC:29100
RRP15	HGNC:24255
RRP1B	HGNC:23818
RRP36	HGNC:21374
RRP7A	HGNC:24286
RRP8	HGNC:29030
RRP9	HGNC:16829
RRS1	HGNC:17083
RS1	HGNC:10457
RSAD1	HGNC:25634
RSAD2	HGNC:30908
RSBN1	HGNC:25642
RSBN1L	HGNC:24765
RSC1A1	HGNC:10458
RSF1	HGNC:18118
RSKR	HGNC:26314
RSL1D1	HGNC:24534
RSL24D1	HGNC:18479
RSPH1	HGNC:12371
RSPH10B	HGNC:27362
RSPH10B2	HGNC:34385
RSPH14	HGNC:13437
RSPH3	HGNC:21054
RSPH4A	HGNC:21558
RSPH6A	HGNC:14241
RSPH9	HGNC:21057
RSPO1	HGNC:21679
RSPO2	HGNC:28583
RSPO3	HGNC:20866
RSPO4	HGNC:16175
RSPRY1	HGNC:29420
RSRC1	HGNC:24152
RSRC2	HGNC:30559
RSRP1	HGNC:25234
RSU1	HGNC:10464
RTBDN	HGNC:30310
RTCA	HGNC:17981
RTCB	HGNC:26935
RTEL1	HGNC:15888
RTF1	HGNC:28996
RTF2	HGNC:15890
RTKN	HGNC:10466
RTKN2	HGNC:19364
RTL1	HGNC:14665
RTL10	HGNC:26112
RTL3	HGNC:22997
RTL4	HGNC:25214
RTL5	HGNC:29430
RTL6	HGNC:13343
RTL8A	HGNC:24514
RTL8B	HGNC:33156
RTL8C	HGNC:2569
RTL9	HGNC:29245
RTN1	HGNC:10467
RTN2	HGNC:10468
RTN3	HGNC:10469
RTN4	HGNC:14085
RTN4IP1	HGNC:18647
RTN4R	HGNC:18601
RTN4RL1	HGNC:21329
RTN4RL2	HGNC:23053
RTP1	HGNC:28580
RTP2	HGNC:32486
RTP3	HGNC:15572
RTP4	HGNC:23992
RTP5	HGNC:26585
RTRAF	HGNC:23169
RTTN	HGNC:18654
RUBCN	HGNC:28991
RUBCNL	HGNC:20420
RUFY1	HGNC:19760
RUFY2	HGNC:19761
RUFY3	HGNC:30285
RUFY4	HGNC:24804
RUNDC1	HGNC:25418
RUNDC3A	HGNC:16984
RUNDC3B	HGNC:30286
RUNX1	HGNC:10471
RUNX1T1	HGNC:1535
RUNX2	HGNC:10472
RUNX3	HGNC:10473
RUSC1	HGNC:17153
RUSC2	HGNC:23625
RUSF1	HGNC:25848
RUVBL1	HGNC:10474
RUVBL2	HGNC:10475
RWDD1	HGNC:20993
RWDD2A	HGNC:21385
RWDD2B	HGNC:1302
RWDD3	HGNC:21393
RWDD4	HGNC:23750
RXFP1	HGNC:19718
RXFP2	HGNC:17318
RXFP3	HGNC:24883
RXFP4	HGNC:14666
RXRA	HGNC:10477
RXRB	HGNC:10478
RXRG	HGNC:10479
RXYLT1	HGNC:13530
RYBP	HGNC:10480
RYK	HGNC:10481
RYR1	HGNC:10483
RYR2	HGNC:10484
RYR3	HGNC:10485
S100A1	HGNC:10486
S100A10	HGNC:10487
S100A11	HGNC:10488
S100A12	HGNC:10489
S100A13	HGNC:10490
S100A14	HGNC:18901
S100A16	HGNC:20441
S100A2	HGNC:10492
S100A3	HGNC:10493
S100A4	HGNC:10494
S100A5	HGNC:10495
S100A6	HGNC:10496
S100A7	HGNC:10497
S100A7A	HGNC:21657
S100A8	HGNC:10498
S100A9	HGNC:10499
S100B	HGNC:10500
S100G	HGNC:1436
S100P	HGNC:10504
S100PBP	HGNC:25768
S100Z	HGNC:30367
S1PR1	HGNC:3165
S1PR2	HGNC:3169
S1PR3	HGNC:3167
S1PR4	HGNC:3170
S1PR5	HGNC:14299
SAA1	HGNC:10513
SAA2	HGNC:10514
SAA4	HGNC:10516
SAAL1	HGNC:25158
SAC3D1	HGNC:30179
SACM1L	HGNC:17059
SACS	HGNC:10519
SAE1	HGNC:30660
SAFB	HGNC:10520
SAFB2	HGNC:21605
SAG	HGNC:10521
SAGE1	HGNC:30369
SALL1	HGNC:10524
SALL2	HGNC:10526
SALL3	HGNC:10527
SALL4	HGNC:15924
SAMD1	HGNC:17958
SAMD10	HGNC:16129
SAMD11	HGNC:28706
SAMD12	HGNC:31750
SAMD13	HGNC:24582
SAMD14	HGNC:27312
SAMD15	HGNC:18631
SAMD3	HGNC:21574
SAMD4A	HGNC:23023
SAMD4B	HGNC:25492
SAMD5	HGNC:21180
SAMD7	HGNC:25394
SAMD8	HGNC:26320
SAMD9	HGNC:1348
SAMD9L	HGNC:1349
SAMHD1	HGNC:15925
SAMM50	HGNC:24276
SAMMSON	HGNC:49644
SAMSN1	HGNC:10528
SAMTOR	HGNC:26475
SANBR	HGNC:29387
SAP130	HGNC:29813
SAP18	HGNC:10530
SAP25	HGNC:41908
SAP30	HGNC:10532
SAP30BP	HGNC:30785
SAP30L	HGNC:25663
SAPCD1	HGNC:13938
SAPCD2	HGNC:28055
SAR1A	HGNC:10534
SAR1B	HGNC:10535
SARAF	HGNC:28789
SARDH	HGNC:10536
SARM1	HGNC:17074
SARNP	HGNC:24432
SARS1	HGNC:10537
SARS2	HGNC:17697
SART1	HGNC:10538
SART3	HGNC:16860
SASH1	HGNC:19182
SASH3	HGNC:15975
SASS6	HGNC:25403
SAT1	HGNC:10540
SAT2	HGNC:23160
SATB1	HGNC:10541
SATB2	HGNC:21637
SATL1	HGNC:27992
SAV1	HGNC:17795
SAXO1	HGNC:28566
SAXO2	HGNC:33727
SAXO3	HGNC:56771
SAXO4	HGNC:28869
SAXO5	HGNC:24745
SAYSD1	HGNC:21025
SBDS	HGNC:19440
SBF1	HGNC:10542
SBF2	HGNC:2135
SBK1	HGNC:17699
SBK2	HGNC:34416
SBK3	HGNC:44121
SBNO1	HGNC:22973
SBNO2	HGNC:29158
SBSN	HGNC:24950
SBSPON	HGNC:30362
SC5D	HGNC:10547
SCAANT1	HGNC:43718
SCAF1	HGNC:30403
SCAF11	HGNC:10784
SCAF4	HGNC:19304
SCAF8	HGNC:20959
SCAI	HGNC:26709
SCAMP1	HGNC:10563
SCAMP2	HGNC:10564
SCAMP3	HGNC:10565
SCAMP4	HGNC:30385
SCAMP5	HGNC:30386
SCAND1	HGNC:10566
SCAND3	HGNC:13851
SCAP	HGNC:30634
SCAPER	HGNC:13081
SCARA3	HGNC:19000
SCARA5	HGNC:28701
SCARB1	HGNC:1664
SCARB2	HGNC:1665
SCARF1	HGNC:16820
SCARF2	HGNC:19869
SCART1	HGNC:32411
SCCPDH	HGNC:24275
SCD	HGNC:10571
SCD5	HGNC:21088
SCEL	HGNC:10573
SCFD1	HGNC:20726
SCFD2	HGNC:30676
SCG2	HGNC:10575
SCG3	HGNC:13707
SCG5	HGNC:10816
SCGB1A1	HGNC:12523
SCGB1C1	HGNC:18394
SCGB1C2	HGNC:51242
SCGB1D1	HGNC:18395
SCGB1D2	HGNC:18396
SCGB1D4	HGNC:31748
SCGB2A1	HGNC:7051
SCGB2A2	HGNC:7050
SCGB2B2	HGNC:27616
SCGB3A1	HGNC:18384
SCGB3A2	HGNC:18391
SCGN	HGNC:16941
SCHIP1	HGNC:15678
SCIMP	HGNC:33504
SCIN	HGNC:21695
SCLT1	HGNC:26406
SCLY	HGNC:18161
SCMH1	HGNC:19003
SCML1	HGNC:10580
SCML2	HGNC:10581
SCML4	HGNC:21397
SCN10A	HGNC:10582
SCN11A	HGNC:10583
SCN1A	HGNC:10585
SCN1B	HGNC:10586
SCN2A	HGNC:10588
SCN2B	HGNC:10589
SCN3A	HGNC:10590
SCN3B	HGNC:20665
SCN4A	HGNC:10591
SCN4B	HGNC:10592
SCN5A	HGNC:10593
SCN7A	HGNC:10594
SCN8A	HGNC:10596
SCN9A	HGNC:10597
SCNM1	HGNC:23136
SCNN1A	HGNC:10599
SCNN1B	HGNC:10600
SCNN1D	HGNC:10601
SCNN1G	HGNC:10602
SCO1	HGNC:10603
SCO2	HGNC:10604
SCOC	HGNC:20335
SCP2	HGNC:10606
SCP2D1	HGNC:16211
SCPEP1	HGNC:29507
SCPPPQ1	HGNC:56851
SCRG1	HGNC:17036
SCRIB	HGNC:30377
SCRN1	HGNC:22192
SCRN2	HGNC:30381
SCRN3	HGNC:30382
SCRT1	HGNC:15950
SCRT2	HGNC:15952
SCT	HGNC:10607
SCTR	HGNC:10608
SCUBE1	HGNC:13441
SCUBE2	HGNC:30425
SCUBE3	HGNC:13655
SCX	HGNC:32322
SCYGR1	HGNC:34218
SCYGR2	HGNC:34220
SCYGR3	HGNC:34222
SCYGR4	HGNC:34223
SCYGR5	HGNC:34224
SCYGR6	HGNC:34225
SCYGR7	HGNC:34226
SCYGR8	HGNC:34227
SCYL1	HGNC:14372
SCYL2	HGNC:19286
SCYL3	HGNC:19285
SDAD1	HGNC:25537
SDC1	HGNC:10658
SDC2	HGNC:10659
SDC3	HGNC:10660
SDC4	HGNC:10661
SDCBP	HGNC:10662
SDCBP2	HGNC:15756
SDCCAG8	HGNC:10671
SDE2	HGNC:26643
SDF2	HGNC:10675
SDF2L1	HGNC:10676
SDF4	HGNC:24188
SDHA	HGNC:10680
SDHAF1	HGNC:33867
SDHAF2	HGNC:26034
SDHAF3	HGNC:21752
SDHAF4	HGNC:20957
SDHB	HGNC:10681
SDHC	HGNC:10682
SDHD	HGNC:10683
SDK1	HGNC:19307
SDK2	HGNC:19308
SDR16C5	HGNC:30311
SDR39U1	HGNC:20275
SDR42E1	HGNC:29834
SDR42E2	HGNC:35414
SDR9C7	HGNC:29958
SDS	HGNC:10691
SDSL	HGNC:30404
SEBOX	HGNC:32942
SEC11A	HGNC:17718
SEC11C	HGNC:23400
SEC13	HGNC:10697
SEC14L1	HGNC:10698
SEC14L2	HGNC:10699
SEC14L3	HGNC:18655
SEC14L4	HGNC:20627
SEC14L5	HGNC:29032
SEC14L6	HGNC:40047
SEC16A	HGNC:29006
SEC16B	HGNC:30301
SEC22A	HGNC:20260
SEC22B	HGNC:10700
SEC22C	HGNC:16828
SEC23A	HGNC:10701
SEC23B	HGNC:10702
SEC23IP	HGNC:17018
SEC24A	HGNC:10703
SEC24B	HGNC:10704
SEC24C	HGNC:10705
SEC24D	HGNC:10706
SEC31A	HGNC:17052
SEC31B	HGNC:23197
SEC61A1	HGNC:18276
SEC61A2	HGNC:17702
SEC61B	HGNC:16993
SEC61G	HGNC:18277
SEC62	HGNC:11846
SEC63	HGNC:21082
SECISBP2	HGNC:30972
SECISBP2L	HGNC:28997
SECTM1	HGNC:10707
SEH1L	HGNC:30379
SEL1L	HGNC:10717
SEL1L2	HGNC:15897
SEL1L3	HGNC:29108
SELE	HGNC:10718
SELENBP1	HGNC:10719
SELENOF	HGNC:17705
SELENOH	HGNC:18251
SELENOI	HGNC:29361
SELENOK	HGNC:30394
SELENOM	HGNC:30397
SELENON	HGNC:15999
SELENOO	HGNC:30395
SELENOP	HGNC:10751
SELENOS	HGNC:30396
SELENOT	HGNC:18136
SELENOV	HGNC:30399
SELENOW	HGNC:10752
SELL	HGNC:10720
SELP	HGNC:10721
SELPLG	HGNC:10722
SEM1	HGNC:10845
SEMA3A	HGNC:10723
SEMA3B	HGNC:10724
SEMA3C	HGNC:10725
SEMA3D	HGNC:10726
SEMA3E	HGNC:10727
SEMA3F	HGNC:10728
SEMA3G	HGNC:30400
SEMA4A	HGNC:10729
SEMA4B	HGNC:10730
SEMA4C	HGNC:10731
SEMA4D	HGNC:10732
SEMA4F	HGNC:10734
SEMA4G	HGNC:10735
SEMA5A	HGNC:10736
SEMA5B	HGNC:10737
SEMA6A	HGNC:10738
SEMA6B	HGNC:10739
SEMA6C	HGNC:10740
SEMA6D	HGNC:16770
SEMA7A	HGNC:10741
SEMG1	HGNC:10742
SEMG2	HGNC:10743
SENP1	HGNC:17927
SENP2	HGNC:23116
SENP3	HGNC:17862
SENP5	HGNC:28407
SENP6	HGNC:20944
SENP7	HGNC:30402
SENP8	HGNC:22992
SEPHS1	HGNC:19685
SEPHS2	HGNC:19686
SEPSECS	HGNC:30605
SEPTIN1	HGNC:2879
SEPTIN10	HGNC:14349
SEPTIN11	HGNC:25589
SEPTIN12	HGNC:26348
SEPTIN14	HGNC:33280
SEPTIN2	HGNC:7729
SEPTIN3	HGNC:10750
SEPTIN4	HGNC:9165
SEPTIN5	HGNC:9164
SEPTIN6	HGNC:15848
SEPTIN7	HGNC:1717
SEPTIN8	HGNC:16511
SEPTIN9	HGNC:7323
SERAC1	HGNC:21061
SERBP1	HGNC:17860
SERF1A	HGNC:10755
SERF1B	HGNC:10756
SERF2	HGNC:10757
SERGEF	HGNC:17499
SERHL2	HGNC:29446
SERINC1	HGNC:13464
SERINC2	HGNC:23231
SERINC3	HGNC:11699
SERINC4	HGNC:32237
SERINC5	HGNC:18825
SERP1	HGNC:10759
SERP2	HGNC:20607
SERPINA1	HGNC:8941
SERPINA10	HGNC:15996
SERPINA11	HGNC:19193
SERPINA12	HGNC:18359
SERPINA2	HGNC:8985
SERPINA3	HGNC:16
SERPINA4	HGNC:8948
SERPINA5	HGNC:8723
SERPINA6	HGNC:1540
SERPINA7	HGNC:11583
SERPINA9	HGNC:15995
SERPINB1	HGNC:3311
SERPINB10	HGNC:8942
SERPINB11	HGNC:14221
SERPINB12	HGNC:14220
SERPINB13	HGNC:8944
SERPINB2	HGNC:8584
SERPINB3	HGNC:10569
SERPINB4	HGNC:10570
SERPINB5	HGNC:8949
SERPINB6	HGNC:8950
SERPINB7	HGNC:13902
SERPINB8	HGNC:8952
SERPINB9	HGNC:8955
SERPINC1	HGNC:775
SERPIND1	HGNC:4838
SERPINE1	HGNC:8583
SERPINE2	HGNC:8951
SERPINE3	HGNC:24774
SERPINF1	HGNC:8824
SERPINF2	HGNC:9075
SERPING1	HGNC:1228
SERPINH1	HGNC:1546
SERPINI1	HGNC:8943
SERPINI2	HGNC:8945
SERTAD1	HGNC:17932
SERTAD2	HGNC:30784
SERTAD3	HGNC:17931
SERTAD4	HGNC:25236
SERTM1	HGNC:33792
SERTM2	HGNC:48576
SESN1	HGNC:21595
SESN2	HGNC:20746
SESN3	HGNC:23060
SESTD1	HGNC:18379
SET	HGNC:10760
SETBP1	HGNC:15573
SETD1A	HGNC:29010
SETD1B	HGNC:29187
SETD2	HGNC:18420
SETD3	HGNC:20493
SETD4	HGNC:1258
SETD5	HGNC:25566
SETD6	HGNC:26116
SETD7	HGNC:30412
SETD9	HGNC:28508
SETDB1	HGNC:10761
SETDB2	HGNC:20263
SETMAR	HGNC:10762
SETSIP	HGNC:42937
SETX	HGNC:445
SEZ6	HGNC:15955
SEZ6L	HGNC:10763
SEZ6L2	HGNC:30844
SF1	HGNC:12950
SF3A1	HGNC:10765
SF3A2	HGNC:10766
SF3A3	HGNC:10767
SF3B1	HGNC:10768
SF3B2	HGNC:10769
SF3B3	HGNC:10770
SF3B4	HGNC:10771
SF3B5	HGNC:21083
SF3B6	HGNC:30096
SFI1	HGNC:29064
SFMBT1	HGNC:20255
SFMBT2	HGNC:20256
SFN	HGNC:10773
SFPQ	HGNC:10774
SFR1	HGNC:29574
SFRP1	HGNC:10776
SFRP2	HGNC:10777
SFRP4	HGNC:10778
SFRP5	HGNC:10779
SFSWAP	HGNC:10790
SFT2D1	HGNC:21102
SFT2D2	HGNC:25140
SFT2D3	HGNC:28767
SFTA2	HGNC:18386
SFTPA1	HGNC:10798
SFTPA2	HGNC:10799
SFTPB	HGNC:10801
SFTPC	HGNC:10802
SFTPD	HGNC:10803
SFXN1	HGNC:16085
SFXN2	HGNC:16086
SFXN3	HGNC:16087
SFXN4	HGNC:16088
SFXN5	HGNC:16073
SGCA	HGNC:10805
SGCB	HGNC:10806
SGCD	HGNC:10807
SGCE	HGNC:10808
SGCG	HGNC:10809
SGCZ	HGNC:14075
SGF29	HGNC:25156
SGIP1	HGNC:25412
SGK1	HGNC:10810
SGK2	HGNC:13900
SGK3	HGNC:10812
SGMS1	HGNC:29799
SGMS2	HGNC:28395
SGO1	HGNC:25088
SGO2	HGNC:30812
SGPL1	HGNC:10817
SGPP1	HGNC:17720
SGPP2	HGNC:19953
SGSH	HGNC:10818
SGSM1	HGNC:29410
SGSM2	HGNC:29026
SGSM3	HGNC:25228
SGTA	HGNC:10819
SGTB	HGNC:23567
SH2B1	HGNC:30417
SH2B2	HGNC:17381
SH2B3	HGNC:29605
SH2D1A	HGNC:10820
SH2D1B	HGNC:30416
SH2D2A	HGNC:10821
SH2D3A	HGNC:16885
SH2D3C	HGNC:16884
SH2D4A	HGNC:26102
SH2D4B	HGNC:31440
SH2D5	HGNC:28819
SH2D6	HGNC:30439
SH2D7	HGNC:34549
SH3BGR	HGNC:10822
SH3BGRL	HGNC:10823
SH3BGRL2	HGNC:15567
SH3BGRL3	HGNC:15568
SH3BP1	HGNC:10824
SH3BP2	HGNC:10825
SH3BP4	HGNC:10826
SH3BP5	HGNC:10827
SH3BP5L	HGNC:29360
SH3D19	HGNC:30418
SH3D21	HGNC:26236
SH3GL1	HGNC:10830
SH3GL2	HGNC:10831
SH3GL3	HGNC:10832
SH3GLB1	HGNC:10833
SH3GLB2	HGNC:10834
SH3KBP1	HGNC:13867
SH3PXD2A	HGNC:23664
SH3PXD2B	HGNC:29242
SH3RF1	HGNC:17650
SH3RF2	HGNC:26299
SH3RF3	HGNC:24699
SH3TC1	HGNC:26009
SH3TC2	HGNC:29427
SH3YL1	HGNC:29546
SHANK1	HGNC:15474
SHANK2	HGNC:14295
SHANK3	HGNC:14294
SHARPIN	HGNC:25321
SHB	HGNC:10838
SHBG	HGNC:10839
SHC1	HGNC:10840
SHC2	HGNC:29869
SHC3	HGNC:18181
SHC4	HGNC:16743
SHCBP1	HGNC:29547
SHCBP1L	HGNC:16788
SHD	HGNC:30633
SHE	HGNC:27004
SHF	HGNC:25116
SHFL	HGNC:25649
SHH	HGNC:10848
SHISA2	HGNC:20366
SHISA3	HGNC:25159
SHISA4	HGNC:27139
SHISA5	HGNC:30376
SHISA6	HGNC:34491
SHISA7	HGNC:35409
SHISA8	HGNC:18351
SHISA9	HGNC:37231
SHISAL1	HGNC:29335
SHISAL2A	HGNC:28757
SHISAL2B	HGNC:34236
SHKBP1	HGNC:19214
SHLD1	HGNC:26318
SHLD2	HGNC:28773
SHLD3	HGNC:53826
SHMT1	HGNC:10850
SHMT2	HGNC:10852
SHOC1	HGNC:26535
SHOC2	HGNC:15454
SHOX	HGNC:10853
SHOX2	HGNC:10854
SHPK	HGNC:1492
SHPRH	HGNC:19336
SHQ1	HGNC:25543
SHROOM1	HGNC:24084
SHROOM2	HGNC:630
SHROOM3	HGNC:30422
SHROOM4	HGNC:29215
SHTN1	HGNC:29319
SI	HGNC:10856
SIAE	HGNC:18187
SIAH1	HGNC:10857
SIAH2	HGNC:10858
SIAH3	HGNC:30553
SIDT1	HGNC:25967
SIDT2	HGNC:24272
SIGIRR	HGNC:30575
SIGLEC1	HGNC:11127
SIGLEC10	HGNC:15620
SIGLEC11	HGNC:15622
SIGLEC12	HGNC:15482
SIGLEC14	HGNC:32926
SIGLEC15	HGNC:27596
SIGLEC5	HGNC:10874
SIGLEC6	HGNC:10875
SIGLEC7	HGNC:10876
SIGLEC8	HGNC:10877
SIGLEC9	HGNC:10878
SIGLECL1	HGNC:26856
SIGMAR1	HGNC:8157
SIK1	HGNC:11142
SIK2	HGNC:21680
SIK3	HGNC:29165
SIKE1	HGNC:26119
SIL1	HGNC:24624
SIM1	HGNC:10882
SIM2	HGNC:10883
SIMC1	HGNC:24779
SIN3A	HGNC:19353
SIN3B	HGNC:19354
SINHCAF	HGNC:30702
SIPA1	HGNC:10885
SIPA1L1	HGNC:20284
SIPA1L2	HGNC:23800
SIPA1L3	HGNC:23801
SIRPA	HGNC:9662
SIRPB1	HGNC:15928
SIRPB2	HGNC:16247
SIRPD	HGNC:16248
SIRPG	HGNC:15757
SIRT1	HGNC:14929
SIRT2	HGNC:10886
SIRT3	HGNC:14931
SIRT4	HGNC:14932
SIRT5	HGNC:14933
SIRT6	HGNC:14934
SIRT7	HGNC:14935
SIT1	HGNC:17710
SIVA1	HGNC:17712
SIX1	HGNC:10887
SIX2	HGNC:10888
SIX3	HGNC:10889
SIX4	HGNC:10890
SIX5	HGNC:10891
SIX6	HGNC:10892
SKA1	HGNC:28109
SKA2	HGNC:28006
SKA3	HGNC:20262
SKAP1	HGNC:15605
SKAP2	HGNC:15687
SKI	HGNC:10896
SKIC2	HGNC:10898
SKIC3	HGNC:23639
SKIC8	HGNC:30300
SKIDA1	HGNC:32697
SKIL	HGNC:10897
SKOR1	HGNC:21326
SKOR2	HGNC:32695
SKP1	HGNC:10899
SKP2	HGNC:10901
SLA	HGNC:10902
SLA2	HGNC:17329
SLAIN1	HGNC:26387
SLAIN2	HGNC:29282
SLAMF1	HGNC:10903
SLAMF6	HGNC:21392
SLAMF7	HGNC:21394
SLAMF8	HGNC:21391
SLAMF9	HGNC:18430
SLBP	HGNC:10904
SLC10A1	HGNC:10905
SLC10A2	HGNC:10906
SLC10A3	HGNC:22979
SLC10A4	HGNC:22980
SLC10A5	HGNC:22981
SLC10A6	HGNC:30603
SLC10A7	HGNC:23088
SLC11A1	HGNC:10907
SLC11A2	HGNC:10908
SLC12A1	HGNC:10910
SLC12A2	HGNC:10911
SLC12A3	HGNC:10912
SLC12A4	HGNC:10913
SLC12A5	HGNC:13818
SLC12A6	HGNC:10914
SLC12A7	HGNC:10915
SLC12A8	HGNC:15595
SLC12A9	HGNC:17435
SLC13A1	HGNC:10916
SLC13A2	HGNC:10917
SLC13A3	HGNC:14430
SLC13A4	HGNC:15827
SLC13A5	HGNC:23089
SLC14A1	HGNC:10918
SLC14A2	HGNC:10919
SLC15A1	HGNC:10920
SLC15A2	HGNC:10921
SLC15A3	HGNC:18068
SLC15A4	HGNC:23090
SLC15A5	HGNC:33455
SLC16A1	HGNC:10922
SLC16A10	HGNC:17027
SLC16A11	HGNC:23093
SLC16A12	HGNC:23094
SLC16A13	HGNC:31037
SLC16A14	HGNC:26417
SLC16A2	HGNC:10923
SLC16A3	HGNC:10924
SLC16A4	HGNC:10925
SLC16A5	HGNC:10926
SLC16A6	HGNC:10927
SLC16A7	HGNC:10928
SLC16A8	HGNC:16270
SLC16A9	HGNC:23520
SLC17A1	HGNC:10929
SLC17A2	HGNC:10930
SLC17A3	HGNC:10931
SLC17A4	HGNC:10932
SLC17A5	HGNC:10933
SLC17A6	HGNC:16703
SLC17A7	HGNC:16704
SLC17A8	HGNC:20151
SLC17A9	HGNC:16192
SLC18A1	HGNC:10934
SLC18A2	HGNC:10935
SLC18A3	HGNC:10936
SLC18B1	HGNC:21573
SLC19A1	HGNC:10937
SLC19A2	HGNC:10938
SLC19A3	HGNC:16266
SLC1A1	HGNC:10939
SLC1A2	HGNC:10940
SLC1A3	HGNC:10941
SLC1A4	HGNC:10942
SLC1A5	HGNC:10943
SLC1A6	HGNC:10944
SLC1A7	HGNC:10945
SLC20A1	HGNC:10946
SLC20A2	HGNC:10947
SLC22A1	HGNC:10963
SLC22A11	HGNC:18120
SLC22A12	HGNC:17989
SLC22A13	HGNC:8494
SLC22A14	HGNC:8495
SLC22A15	HGNC:20301
SLC22A16	HGNC:20302
SLC22A17	HGNC:23095
SLC22A2	HGNC:10966
SLC22A23	HGNC:21106
SLC22A24	HGNC:28542
SLC22A25	HGNC:32935
SLC22A3	HGNC:10967
SLC22A31	HGNC:27091
SLC22A4	HGNC:10968
SLC22A5	HGNC:10969
SLC22A6	HGNC:10970
SLC22A7	HGNC:10971
SLC22A8	HGNC:10972
SLC22A9	HGNC:16261
SLC23A1	HGNC:10974
SLC23A2	HGNC:10973
SLC23A3	HGNC:20601
SLC24A1	HGNC:10975
SLC24A2	HGNC:10976
SLC24A3	HGNC:10977
SLC24A4	HGNC:10978
SLC24A5	HGNC:20611
SLC25A1	HGNC:10979
SLC25A10	HGNC:10980
SLC25A11	HGNC:10981
SLC25A12	HGNC:10982
SLC25A13	HGNC:10983
SLC25A14	HGNC:10984
SLC25A15	HGNC:10985
SLC25A16	HGNC:10986
SLC25A17	HGNC:10987
SLC25A18	HGNC:10988
SLC25A19	HGNC:14409
SLC25A2	HGNC:22921
SLC25A20	HGNC:1421
SLC25A21	HGNC:14411
SLC25A22	HGNC:19954
SLC25A23	HGNC:19375
SLC25A24	HGNC:20662
SLC25A25	HGNC:20663
SLC25A26	HGNC:20661
SLC25A27	HGNC:21065
SLC25A28	HGNC:23472
SLC25A29	HGNC:20116
SLC25A3	HGNC:10989
SLC25A30	HGNC:27371
SLC25A31	HGNC:25319
SLC25A32	HGNC:29683
SLC25A33	HGNC:29681
SLC25A34	HGNC:27653
SLC25A35	HGNC:31921
SLC25A36	HGNC:25554
SLC25A37	HGNC:29786
SLC25A38	HGNC:26054
SLC25A39	HGNC:24279
SLC25A4	HGNC:10990
SLC25A40	HGNC:29680
SLC25A41	HGNC:28533
SLC25A42	HGNC:28380
SLC25A43	HGNC:30557
SLC25A44	HGNC:29036
SLC25A45	HGNC:27442
SLC25A46	HGNC:25198
SLC25A47	HGNC:20115
SLC25A48	HGNC:30451
SLC25A5	HGNC:10991
SLC25A51	HGNC:23323
SLC25A52	HGNC:23324
SLC25A53	HGNC:31894
SLC25A6	HGNC:10992
SLC26A1	HGNC:10993
SLC26A11	HGNC:14471
SLC26A2	HGNC:10994
SLC26A3	HGNC:3018
SLC26A4	HGNC:8818
SLC26A5	HGNC:9359
SLC26A6	HGNC:14472
SLC26A7	HGNC:14467
SLC26A8	HGNC:14468
SLC26A9	HGNC:14469
SLC27A1	HGNC:10995
SLC27A2	HGNC:10996
SLC27A3	HGNC:10997
SLC27A4	HGNC:10998
SLC27A5	HGNC:10999
SLC27A6	HGNC:11000
SLC28A1	HGNC:11001
SLC28A2	HGNC:11002
SLC28A3	HGNC:16484
SLC29A1	HGNC:11003
SLC29A2	HGNC:11004
SLC29A3	HGNC:23096
SLC29A4	HGNC:23097
SLC2A1	HGNC:11005
SLC2A10	HGNC:13444
SLC2A11	HGNC:14239
SLC2A12	HGNC:18067
SLC2A13	HGNC:15956
SLC2A14	HGNC:18301
SLC2A2	HGNC:11006
SLC2A3	HGNC:11007
SLC2A4	HGNC:11009
SLC2A4RG	HGNC:15930
SLC2A5	HGNC:11010
SLC2A6	HGNC:11011
SLC2A7	HGNC:13445
SLC2A8	HGNC:13812
SLC2A9	HGNC:13446
SLC30A1	HGNC:11012
SLC30A10	HGNC:25355
SLC30A2	HGNC:11013
SLC30A3	HGNC:11014
SLC30A4	HGNC:11015
SLC30A5	HGNC:19089
SLC30A6	HGNC:19305
SLC30A7	HGNC:19306
SLC30A8	HGNC:20303
SLC30A9	HGNC:1329
SLC31A1	HGNC:11016
SLC31A2	HGNC:11017
SLC32A1	HGNC:11018
SLC33A1	HGNC:95
SLC33A2	HGNC:25157
SLC34A1	HGNC:11019
SLC34A2	HGNC:11020
SLC34A3	HGNC:20305
SLC35A1	HGNC:11021
SLC35A2	HGNC:11022
SLC35A3	HGNC:11023
SLC35A4	HGNC:20753
SLC35A5	HGNC:20792
SLC35B1	HGNC:20798
SLC35B2	HGNC:16872
SLC35B3	HGNC:21601
SLC35B4	HGNC:20584
SLC35C1	HGNC:20197
SLC35D1	HGNC:20800
SLC35D2	HGNC:20799
SLC35D3	HGNC:15621
SLC35D4	HGNC:31723
SLC35E1	HGNC:20803
SLC35E2B	HGNC:33941
SLC35E3	HGNC:20864
SLC35E4	HGNC:17058
SLC35F1	HGNC:21483
SLC35F2	HGNC:23615
SLC35F3	HGNC:23616
SLC35F4	HGNC:19845
SLC35F5	HGNC:23617
SLC35F6	HGNC:26055
SLC35G1	HGNC:26607
SLC35G2	HGNC:28480
SLC35G3	HGNC:26848
SLC35G4	HGNC:31043
SLC35G5	HGNC:15546
SLC35G6	HGNC:31351
SLC35H1	HGNC:17117
SLC36A1	HGNC:18761
SLC36A2	HGNC:18762
SLC36A3	HGNC:19659
SLC36A4	HGNC:19660
SLC37A1	HGNC:11024
SLC37A2	HGNC:20644
SLC37A3	HGNC:20651
SLC37A4	HGNC:4061
SLC38A1	HGNC:13447
SLC38A10	HGNC:28237
SLC38A11	HGNC:26836
SLC38A12	HGNC:25984
SLC38A2	HGNC:13448
SLC38A3	HGNC:18044
SLC38A4	HGNC:14679
SLC38A5	HGNC:18070
SLC38A6	HGNC:19863
SLC38A7	HGNC:25582
SLC38A8	HGNC:32434
SLC38A9	HGNC:26907
SLC39A1	HGNC:12876
SLC39A10	HGNC:20861
SLC39A11	HGNC:14463
SLC39A12	HGNC:20860
SLC39A13	HGNC:20859
SLC39A14	HGNC:20858
SLC39A2	HGNC:17127
SLC39A3	HGNC:17128
SLC39A4	HGNC:17129
SLC39A5	HGNC:20502
SLC39A6	HGNC:18607
SLC39A7	HGNC:4927
SLC39A8	HGNC:20862
SLC39A9	HGNC:20182
SLC3A1	HGNC:11025
SLC3A2	HGNC:11026
SLC40A1	HGNC:10909
SLC41A1	HGNC:19429
SLC41A2	HGNC:31045
SLC41A3	HGNC:31046
SLC43A1	HGNC:9225
SLC43A2	HGNC:23087
SLC43A3	HGNC:17466
SLC44A1	HGNC:18798
SLC44A2	HGNC:17292
SLC44A3	HGNC:28689
SLC44A4	HGNC:13941
SLC44A5	HGNC:28524
SLC45A1	HGNC:17939
SLC45A2	HGNC:16472
SLC45A3	HGNC:8642
SLC45A4	HGNC:29196
SLC46A1	HGNC:30521
SLC46A2	HGNC:16055
SLC46A3	HGNC:27501
SLC47A1	HGNC:25588
SLC47A2	HGNC:26439
SLC48A1	HGNC:26035
SLC49A3	HGNC:26177
SLC49A4	HGNC:16628
SLC4A1	HGNC:11027
SLC4A10	HGNC:13811
SLC4A11	HGNC:16438
SLC4A1AP	HGNC:13813
SLC4A2	HGNC:11028
SLC4A3	HGNC:11029
SLC4A4	HGNC:11030
SLC4A5	HGNC:18168
SLC4A7	HGNC:11033
SLC4A8	HGNC:11034
SLC4A9	HGNC:11035
SLC50A1	HGNC:30657
SLC51A	HGNC:29955
SLC51B	HGNC:29956
SLC52A1	HGNC:30225
SLC52A2	HGNC:30224
SLC52A3	HGNC:16187
SLC5A1	HGNC:11036
SLC5A10	HGNC:23155
SLC5A11	HGNC:23091
SLC5A12	HGNC:28750
SLC5A2	HGNC:11037
SLC5A3	HGNC:11038
SLC5A4	HGNC:11039
SLC5A5	HGNC:11040
SLC5A6	HGNC:11041
SLC5A7	HGNC:14025
SLC5A8	HGNC:19119
SLC5A9	HGNC:22146
SLC60A1	HGNC:25433
SLC60A2	HGNC:21053
SLC61A1	HGNC:28156
SLC66A1	HGNC:26001
SLC66A2	HGNC:26188
SLC66A3	HGNC:28503
SLC67A1	HGNC:10964
SLC67A2	HGNC:28158
SLC68A1	HGNC:26196
SLC6A1	HGNC:11042
SLC6A11	HGNC:11044
SLC6A12	HGNC:11045
SLC6A13	HGNC:11046
SLC6A14	HGNC:11047
SLC6A15	HGNC:13621
SLC6A16	HGNC:13622
SLC6A17	HGNC:31399
SLC6A18	HGNC:26441
SLC6A19	HGNC:27960
SLC6A2	HGNC:11048
SLC6A20	HGNC:30927
SLC6A3	HGNC:11049
SLC6A4	HGNC:11050
SLC6A5	HGNC:11051
SLC6A6	HGNC:11052
SLC6A7	HGNC:11054
SLC6A8	HGNC:11055
SLC6A9	HGNC:11056
SLC71A1	HGNC:23363
SLC71A2	HGNC:23376
SLC75A1	HGNC:16894
SLC7A1	HGNC:11057
SLC7A10	HGNC:11058
SLC7A11	HGNC:11059
SLC7A13	HGNC:23092
SLC7A14	HGNC:29326
SLC7A2	HGNC:11060
SLC7A3	HGNC:11061
SLC7A4	HGNC:11062
SLC7A5	HGNC:11063
SLC7A6	HGNC:11064
SLC7A6OS	HGNC:25807
SLC7A7	HGNC:11065
SLC7A8	HGNC:11066
SLC7A9	HGNC:11067
SLC8A1	HGNC:11068
SLC8A2	HGNC:11069
SLC8A3	HGNC:11070
SLC8B1	HGNC:26175
SLC9A1	HGNC:11071
SLC9A2	HGNC:11072
SLC9A3	HGNC:11073
SLC9A4	HGNC:11077
SLC9A5	HGNC:11078
SLC9A6	HGNC:11079
SLC9A7	HGNC:17123
SLC9A8	HGNC:20728
SLC9A9	HGNC:20653
SLC9B1	HGNC:24244
SLC9B2	HGNC:25143
SLC9C1	HGNC:31401
SLC9C2	HGNC:28664
SLC9D1	HGNC:20329
SLCO1A2	HGNC:10956
SLCO1B1	HGNC:10959
SLCO1B3	HGNC:10961
SLCO1C1	HGNC:13819
SLCO2A1	HGNC:10955
SLCO2B1	HGNC:10962
SLCO3A1	HGNC:10952
SLCO4A1	HGNC:10953
SLCO4C1	HGNC:23612
SLCO5A1	HGNC:19046
SLCO6A1	HGNC:23613
SLF1	HGNC:25408
SLF2	HGNC:17814
SLFN11	HGNC:26633
SLFN12	HGNC:25500
SLFN12L	HGNC:33920
SLFN13	HGNC:26481
SLFN14	HGNC:32689
SLFN5	HGNC:28286
SLFNL1	HGNC:26313
SLIRP	HGNC:20495
SLIT1	HGNC:11085
SLIT2	HGNC:11086
SLIT3	HGNC:11087
SLITRK1	HGNC:20297
SLITRK2	HGNC:13449
SLITRK3	HGNC:23501
SLITRK4	HGNC:23502
SLITRK5	HGNC:20295
SLITRK6	HGNC:23503
SLK	HGNC:11088
SLMAP	HGNC:16643
SLN	HGNC:11089
SLPI	HGNC:11092
SLTM	HGNC:20709
SLU7	HGNC:16939
SLURP1	HGNC:18746
SLURP2	HGNC:25549
SLX1A	HGNC:20922
SLX1B	HGNC:28748
SLX4	HGNC:23845
SLX4IP	HGNC:16225
SLX9	HGNC:15811
SMAD1	HGNC:6767
SMAD2	HGNC:6768
SMAD3	HGNC:6769
SMAD4	HGNC:6770
SMAD5	HGNC:6771
SMAD6	HGNC:6772
SMAD7	HGNC:6773
SMAD9	HGNC:6774
SMAGP	HGNC:26918
SMAP1	HGNC:19651
SMAP2	HGNC:25082
SMARCA1	HGNC:11097
SMARCA2	HGNC:11098
SMARCA4	HGNC:11100
SMARCA5	HGNC:11101
SMARCAD1	HGNC:18398
SMARCAL1	HGNC:11102
SMARCB1	HGNC:11103
SMARCC1	HGNC:11104
SMARCC2	HGNC:11105
SMARCD1	HGNC:11106
SMARCD2	HGNC:11107
SMARCD3	HGNC:11108
SMARCE1	HGNC:11109
SMC1A	HGNC:11111
SMC1B	HGNC:11112
SMC2	HGNC:14011
SMC3	HGNC:2468
SMC4	HGNC:14013
SMC5	HGNC:20465
SMC6	HGNC:20466
SMCHD1	HGNC:29090
SMCO1	HGNC:27407
SMCO2	HGNC:34448
SMCO3	HGNC:34401
SMCO4	HGNC:24810
SMCP	HGNC:6962
SMCR8	HGNC:17921
SMDT1	HGNC:25055
SMG1	HGNC:30045
SMG5	HGNC:24644
SMG6	HGNC:17809
SMG7	HGNC:16792
SMG8	HGNC:25551
SMG9	HGNC:25763
SMIM1	HGNC:44204
SMIM10	HGNC:41913
SMIM10L1	HGNC:49847
SMIM10L2A	HGNC:34499
SMIM10L2B	HGNC:34500
SMIM10L3	HGNC:56768
SMIM11	HGNC:1293
SMIM12	HGNC:25154
SMIM13	HGNC:27356
SMIM14	HGNC:27321
SMIM15	HGNC:33861
SMIM17	HGNC:27114
SMIM18	HGNC:42973
SMIM19	HGNC:25166
SMIM20	HGNC:37260
SMIM21	HGNC:27598
SMIM22	HGNC:48329
SMIM23	HGNC:34440
SMIM24	HGNC:37244
SMIM26	HGNC:43430
SMIM27	HGNC:31420
SMIM28	HGNC:53434
SMIM29	HGNC:1340
SMIM3	HGNC:30248
SMIM30	HGNC:48953
SMIM31	HGNC:49638
SMIM32	HGNC:53640
SMIM33	HGNC:53645
SMIM34	HGNC:39601
SMIM35	HGNC:44179
SMIM36	HGNC:53654
SMIM38	HGNC:54074
SMIM39	HGNC:54076
SMIM40	HGNC:54073
SMIM41	HGNC:54075
SMIM42	HGNC:55000
SMIM43	HGNC:55077
SMIM44	HGNC:55815
SMIM45	HGNC:27930
SMIM46	HGNC:56307
SMIM47	HGNC:53452
SMIM5	HGNC:40030
SMIM7	HGNC:28419
SMIM8	HGNC:21401
SMIM9	HGNC:41915
SMKR1	HGNC:43561
SMLR1	HGNC:44670
SMN1	HGNC:11117
SMN1-AS1	HGNC:58151
SMN2	HGNC:11118
SMNDC1	HGNC:16900
SMO	HGNC:11119
SMOC1	HGNC:20318
SMOC2	HGNC:20323
SMOX	HGNC:15862
SMPD1	HGNC:11120
SMPD2	HGNC:11121
SMPD3	HGNC:14240
SMPD4	HGNC:32949
SMPDL3A	HGNC:17389
SMPDL3B	HGNC:21416
SMPX	HGNC:11122
SMR3A	HGNC:19216
SMR3B	HGNC:17326
SMS	HGNC:11123
SMTN	HGNC:11126
SMTNL1	HGNC:32394
SMTNL2	HGNC:24764
SMU1	HGNC:18247
SMUG1	HGNC:17148
SMURF1	HGNC:16807
SMURF2	HGNC:16809
SMYD1	HGNC:20986
SMYD2	HGNC:20982
SMYD3	HGNC:15513
SMYD4	HGNC:21067
SMYD5	HGNC:16258
SNAI1	HGNC:11128
SNAI2	HGNC:11094
SNAI3	HGNC:18411
SNAP23	HGNC:11131
SNAP25	HGNC:11132
SNAP29	HGNC:11133
SNAP47	HGNC:30669
SNAP91	HGNC:14986
SNAPC1	HGNC:11134
SNAPC2	HGNC:11135
SNAPC3	HGNC:11136
SNAPC4	HGNC:11137
SNAPC5	HGNC:15484
SNAPIN	HGNC:17145
SNCA	HGNC:11138
SNCAIP	HGNC:11139
SNCB	HGNC:11140
SNCG	HGNC:11141
SND1	HGNC:30646
SNED1	HGNC:24696
SNF8	HGNC:17028
SNHG17	HGNC:48600
SNIP1	HGNC:30587
SNN	HGNC:11149
SNORC	HGNC:33763
SNORD118	HGNC:32952
SNPH	HGNC:15931
SNRK	HGNC:30598
SNRNP200	HGNC:30859
SNRNP25	HGNC:14161
SNRNP27	HGNC:30240
SNRNP35	HGNC:30852
SNRNP40	HGNC:30857
SNRNP48	HGNC:21368
SNRNP70	HGNC:11150
SNRPA	HGNC:11151
SNRPA1	HGNC:11152
SNRPB	HGNC:11153
SNRPB2	HGNC:11155
SNRPC	HGNC:11157
SNRPD1	HGNC:11158
SNRPD2	HGNC:11159
SNRPD3	HGNC:11160
SNRPE	HGNC:11161
SNRPF	HGNC:11162
SNRPG	HGNC:11163
SNRPN	HGNC:11164
SNTA1	HGNC:11167
SNTB1	HGNC:11168
SNTB2	HGNC:11169
SNTG1	HGNC:13740
SNTG2	HGNC:13741
SNTN	HGNC:33706
SNU13	HGNC:7819
SNUPN	HGNC:14245
SNURF	HGNC:11171
SNW1	HGNC:16696
SNX1	HGNC:11172
SNX10	HGNC:14974
SNX11	HGNC:14975
SNX12	HGNC:14976
SNX13	HGNC:21335
SNX14	HGNC:14977
SNX15	HGNC:14978
SNX16	HGNC:14980
SNX17	HGNC:14979
SNX18	HGNC:19245
SNX19	HGNC:21532
SNX2	HGNC:11173
SNX20	HGNC:30390
SNX21	HGNC:16154
SNX22	HGNC:16315
SNX24	HGNC:21533
SNX25	HGNC:21883
SNX27	HGNC:20073
SNX29	HGNC:30542
SNX3	HGNC:11174
SNX30	HGNC:23685
SNX31	HGNC:28605
SNX32	HGNC:26423
SNX33	HGNC:28468
SNX4	HGNC:11175
SNX5	HGNC:14969
SNX6	HGNC:14970
SNX7	HGNC:14971
SNX8	HGNC:14972
SNX9	HGNC:14973
SOAT1	HGNC:11177
SOAT2	HGNC:11178
SOBP	HGNC:29256
SOCS1	HGNC:19383
SOCS2	HGNC:19382
SOCS3	HGNC:19391
SOCS4	HGNC:19392
SOCS5	HGNC:16852
SOCS6	HGNC:16833
SOCS7	HGNC:29846
SOD1	HGNC:11179
SOD2	HGNC:11180
SOD3	HGNC:11181
SOHLH1	HGNC:27845
SOHLH2	HGNC:26026
SON	HGNC:11183
SORBS1	HGNC:14565
SORBS2	HGNC:24098
SORBS3	HGNC:30907
SORCS1	HGNC:16697
SORCS2	HGNC:16698
SORCS3	HGNC:16699
SORD	HGNC:11184
SORL1	HGNC:11185
SORL1-AS1	HGNC:55594
SORT1	HGNC:11186
SOS1	HGNC:11187
SOS2	HGNC:11188
SOST	HGNC:13771
SOSTDC1	HGNC:21748
SOWAHA	HGNC:27033
SOWAHB	HGNC:32958
SOWAHC	HGNC:26149
SOWAHD	HGNC:32960
SOX1	HGNC:11189
SOX10	HGNC:11190
SOX11	HGNC:11191
SOX12	HGNC:11198
SOX13	HGNC:11192
SOX14	HGNC:11193
SOX15	HGNC:11196
SOX17	HGNC:18122
SOX18	HGNC:11194
SOX2	HGNC:11195
SOX21	HGNC:11197
SOX3	HGNC:11199
SOX30	HGNC:30635
SOX4	HGNC:11200
SOX5	HGNC:11201
SOX6	HGNC:16421
SOX7	HGNC:18196
SOX8	HGNC:11203
SOX9	HGNC:11204
SP1	HGNC:11205
SP100	HGNC:11206
SP110	HGNC:5401
SP140	HGNC:17133
SP140L	HGNC:25105
SP2	HGNC:11207
SP3	HGNC:11208
SP4	HGNC:11209
SP5	HGNC:14529
SP6	HGNC:14530
SP7	HGNC:17321
SP8	HGNC:19196
SP9	HGNC:30690
SPA17	HGNC:11210
SPAAR	HGNC:27244
SPACA1	HGNC:14967
SPACA3	HGNC:16260
SPACA4	HGNC:16441
SPACA5	HGNC:31353
SPACA5B	HGNC:19142
SPACA6	HGNC:27113
SPACA7	HGNC:29575
SPACA9	HGNC:1367
SPACDR	HGNC:22135
SPADH	HGNC:55808
SPAG1	HGNC:11212
SPAG11A	HGNC:33342
SPAG11B	HGNC:14534
SPAG16	HGNC:23225
SPAG17	HGNC:26620
SPAG4	HGNC:11214
SPAG5	HGNC:13452
SPAG6	HGNC:11215
SPAG7	HGNC:11216
SPAG8	HGNC:14105
SPAG9	HGNC:14524
SPAM1	HGNC:11217
SPANXA1	HGNC:11218
SPANXA2	HGNC:14328
SPANXB1	HGNC:14329
SPANXC	HGNC:14331
SPANXD	HGNC:14332
SPANXN1	HGNC:33174
SPANXN2	HGNC:33175
SPANXN3	HGNC:33176
SPANXN4	HGNC:33177
SPANXN5	HGNC:33178
SPARC	HGNC:11219
SPARCL1	HGNC:11220
SPART	HGNC:18514
SPAST	HGNC:11233
SPATA1	HGNC:14682
SPATA12	HGNC:23221
SPATA13	HGNC:23222
SPATA16	HGNC:29935
SPATA17	HGNC:25184
SPATA18	HGNC:29579
SPATA19	HGNC:30614
SPATA2	HGNC:14681
SPATA20	HGNC:26125
SPATA21	HGNC:28026
SPATA22	HGNC:30705
SPATA24	HGNC:27322
SPATA25	HGNC:16158
SPATA2L	HGNC:28393
SPATA3	HGNC:17884
SPATA31A1	HGNC:23394
SPATA31A3	HGNC:32003
SPATA31A5	HGNC:32005
SPATA31A6	HGNC:32006
SPATA31A7	HGNC:32007
SPATA31C1	HGNC:27846
SPATA31C2	HGNC:24508
SPATA31D1	HGNC:37283
SPATA31D3	HGNC:38603
SPATA31D4	HGNC:38601
SPATA31E1	HGNC:26672
SPATA31F1	HGNC:41911
SPATA31F3	HGNC:42673
SPATA31G1	HGNC:31418
SPATA31H1	HGNC:25275
SPATA32	HGNC:26349
SPATA33	HGNC:26463
SPATA4	HGNC:17333
SPATA45	HGNC:33709
SPATA46	HGNC:27648
SPATA6	HGNC:18309
SPATA6L	HGNC:25472
SPATA7	HGNC:20423
SPATA9	HGNC:22988
SPATC1	HGNC:30510
SPATC1L	HGNC:1298
SPATS1	HGNC:22957
SPATS2	HGNC:18650
SPATS2L	HGNC:24574
SPC24	HGNC:26913
SPC25	HGNC:24031
SPCS1	HGNC:23401
SPCS2	HGNC:28962
SPCS3	HGNC:26212
SPDEF	HGNC:17257
SPDL1	HGNC:26010
SPDYA	HGNC:30613
SPDYC	HGNC:32681
SPDYE1	HGNC:16408
SPDYE10	HGNC:51506
SPDYE11	HGNC:51507
SPDYE12	HGNC:51508
SPDYE13	HGNC:51509
SPDYE14	HGNC:51510
SPDYE15	HGNC:51511
SPDYE16	HGNC:51512
SPDYE17	HGNC:51513
SPDYE18	HGNC:51514
SPDYE2	HGNC:33841
SPDYE21	HGNC:51517
SPDYE2B	HGNC:48334
SPDYE3	HGNC:35462
SPDYE4	HGNC:35463
SPDYE5	HGNC:35464
SPDYE6	HGNC:35465
SPDYE8	HGNC:33771
SPDYE9	HGNC:45034
SPECC1	HGNC:30615
SPECC1L	HGNC:29022
SPEF1	HGNC:15874
SPEF2	HGNC:26293
SPEG	HGNC:16901
SPEGNB	HGNC:51251
SPEM1	HGNC:32429
SPEM2	HGNC:27315
SPEM3	HGNC:53651
SPEN	HGNC:17575
SPESP1	HGNC:15570
SPG11	HGNC:11226
SPG21	HGNC:20373
SPG7	HGNC:11237
SPHK1	HGNC:11240
SPHK2	HGNC:18859
SPHKAP	HGNC:30619
SPI1	HGNC:11241
SPIB	HGNC:11242
SPIC	HGNC:29549
SPICE1	HGNC:25083
SPIDR	HGNC:28971
SPIN1	HGNC:11243
SPIN2A	HGNC:20694
SPIN2B	HGNC:33147
SPIN3	HGNC:27272
SPIN4	HGNC:27040
SPINDOC	HGNC:25115
SPINK1	HGNC:11244
SPINK13	HGNC:27200
SPINK14	HGNC:33825
SPINK2	HGNC:11245
SPINK4	HGNC:16646
SPINK5	HGNC:15464
SPINK6	HGNC:29486
SPINK7	HGNC:24643
SPINK8	HGNC:33160
SPINK9	HGNC:32951
SPINT1	HGNC:11246
SPINT2	HGNC:11247
SPINT3	HGNC:11248
SPINT4	HGNC:16130
SPIRE1	HGNC:30622
SPIRE2	HGNC:30623
SPMAP1	HGNC:34492
SPMAP2	HGNC:13706
SPMAP2L	HGNC:43771
SPMIP1	HGNC:52392
SPMIP10	HGNC:33767
SPMIP11	HGNC:48628
SPMIP2	HGNC:26342
SPMIP3	HGNC:30435
SPMIP4	HGNC:21722
SPMIP5	HGNC:28500
SPMIP6	HGNC:19919
SPMIP7	HGNC:22564
SPMIP8	HGNC:33745
SPMIP9	HGNC:26341
SPN	HGNC:11249
SPNS1	HGNC:30621
SPNS2	HGNC:26992
SPNS3	HGNC:28433
SPO11	HGNC:11250
SPOCD1	HGNC:26338
SPOCK1	HGNC:11251
SPOCK2	HGNC:13564
SPOCK3	HGNC:13565
SPON1	HGNC:11252
SPON2	HGNC:11253
SPOP	HGNC:11254
SPOPL	HGNC:27934
SPOUT1	HGNC:26933
SPP1	HGNC:11255
SPP2	HGNC:11256
SPPL2A	HGNC:30227
SPPL2B	HGNC:30627
SPPL2C	HGNC:28902
SPPL3	HGNC:30424
SPR	HGNC:11257
SPRED1	HGNC:20249
SPRED2	HGNC:17722
SPRED3	HGNC:31041
SPRING1	HGNC:26128
SPRN	HGNC:16871
SPRR1A	HGNC:11259
SPRR1B	HGNC:11260
SPRR2A	HGNC:11261
SPRR2B	HGNC:11262
SPRR2D	HGNC:11264
SPRR2E	HGNC:11265
SPRR2F	HGNC:11266
SPRR2G	HGNC:11267
SPRR3	HGNC:11268
SPRR4	HGNC:23173
SPRR5	HGNC:53428
SPRTN	HGNC:25356
SPRY1	HGNC:11269
SPRY2	HGNC:11270
SPRY3	HGNC:11271
SPRY4	HGNC:15533
SPRYD3	HGNC:25920
SPRYD4	HGNC:27468
SPRYD7	HGNC:14297
SPSB1	HGNC:30628
SPSB2	HGNC:29522
SPSB3	HGNC:30629
SPSB4	HGNC:30630
SPTA1	HGNC:11272
SPTAN1	HGNC:11273
SPTB	HGNC:11274
SPTBN1	HGNC:11275
SPTBN2	HGNC:11276
SPTBN4	HGNC:14896
SPTBN5	HGNC:15680
SPTLC1	HGNC:11277
SPTLC2	HGNC:11278
SPTLC3	HGNC:16253
SPTSSA	HGNC:20361
SPTSSB	HGNC:24045
SPTY2D1	HGNC:26818
SPX	HGNC:28139
SPZ1	HGNC:30721
SQLE	HGNC:11279
SQOR	HGNC:20390
SQSTM1	HGNC:11280
SRA1	HGNC:11281
SRARP	HGNC:28339
SRBD1	HGNC:25521
SRC	HGNC:11283
SRCAP	HGNC:16974
SRCIN1	HGNC:29506
SRD5A1	HGNC:11284
SRD5A2	HGNC:11285
SRD5A3	HGNC:25812
SREBF1	HGNC:11289
SREBF2	HGNC:11290
SREK1	HGNC:17882
SREK1IP1	HGNC:26716
SRF	HGNC:11291
SRFBP1	HGNC:26333
SRGAP1	HGNC:17382
SRGAP2	HGNC:19751
SRGAP2B	HGNC:35237
SRGAP2C	HGNC:30584
SRGAP3	HGNC:19744
SRGN	HGNC:9361
SRI	HGNC:11292
SRL	HGNC:11295
SRM	HGNC:11296
SRMS	HGNC:11298
SRP14	HGNC:11299
SRP19	HGNC:11300
SRP54	HGNC:11301
SRP68	HGNC:11302
SRP72	HGNC:11303
SRP9	HGNC:11304
SRPK1	HGNC:11305
SRPK2	HGNC:11306
SRPK3	HGNC:11402
SRPRA	HGNC:11307
SRPRB	HGNC:24085
SRPX	HGNC:11309
SRPX2	HGNC:30668
SRR	HGNC:14398
SRRD	HGNC:33910
SRRM1	HGNC:16638
SRRM2	HGNC:16639
SRRM3	HGNC:26729
SRRM4	HGNC:29389
SRRM5	HGNC:37248
SRRT	HGNC:24101
SRSF1	HGNC:10780
SRSF10	HGNC:16713
SRSF11	HGNC:10782
SRSF12	HGNC:21220
SRSF2	HGNC:10783
SRSF3	HGNC:10785
SRSF4	HGNC:10786
SRSF5	HGNC:10787
SRSF6	HGNC:10788
SRSF7	HGNC:10789
SRSF8	HGNC:16988
SRSF9	HGNC:10791
SRXN1	HGNC:16132
SRY	HGNC:11311
SS18	HGNC:11340
SS18L1	HGNC:15592
SS18L2	HGNC:15593
SSB	HGNC:11316
SSBP1	HGNC:11317
SSBP2	HGNC:15831
SSBP3	HGNC:15674
SSBP4	HGNC:15676
SSC4D	HGNC:14461
SSC5D	HGNC:26641
SSH1	HGNC:30579
SSH2	HGNC:30580
SSH3	HGNC:30581
SSMEM1	HGNC:29580
SSNA1	HGNC:11321
SSPN	HGNC:11322
SSR1	HGNC:11323
SSR2	HGNC:11324
SSR3	HGNC:11325
SSR4	HGNC:11326
SSRP1	HGNC:11327
SST	HGNC:11329
SSTR1	HGNC:11330
SSTR2	HGNC:11331
SSTR3	HGNC:11332
SSTR4	HGNC:11333
SSTR5	HGNC:11334
SSU72	HGNC:25016
SSU72L1	HGNC:43626
SSU72L2	HGNC:43621
SSU72L3	HGNC:43622
SSU72L4	HGNC:43623
SSU72L5	HGNC:43624
SSU72L6	HGNC:43627
SSUH2	HGNC:24809
SSX1	HGNC:11335
SSX2	HGNC:11336
SSX2B	HGNC:22263
SSX2IP	HGNC:16509
SSX3	HGNC:11337
SSX4	HGNC:11338
SSX4B	HGNC:16880
SSX5	HGNC:11339
SSX7	HGNC:19653
ST13	HGNC:11343
ST14	HGNC:11344
ST18	HGNC:18695
ST3GAL1	HGNC:10862
ST3GAL2	HGNC:10863
ST3GAL3	HGNC:10866
ST3GAL4	HGNC:10864
ST3GAL5	HGNC:10872
ST3GAL6	HGNC:18080
ST6GAL1	HGNC:10860
ST6GAL2	HGNC:10861
ST6GALNAC1	HGNC:23614
ST6GALNAC2	HGNC:10867
ST6GALNAC3	HGNC:19343
ST6GALNAC4	HGNC:17846
ST6GALNAC5	HGNC:19342
ST6GALNAC6	HGNC:23364
ST7	HGNC:11351
ST7L	HGNC:18441
ST8SIA1	HGNC:10869
ST8SIA2	HGNC:10870
ST8SIA3	HGNC:14269
ST8SIA4	HGNC:10871
ST8SIA5	HGNC:17827
ST8SIA6	HGNC:23317
STAB1	HGNC:18628
STAB2	HGNC:18629
STAC	HGNC:11353
STAC2	HGNC:23990
STAC3	HGNC:28423
STAG1	HGNC:11354
STAG2	HGNC:11355
STAG3	HGNC:11356
STAM	HGNC:11357
STAM2	HGNC:11358
STAMBP	HGNC:16950
STAMBPL1	HGNC:24105
STAP1	HGNC:24133
STAP2	HGNC:30430
STAR	HGNC:11359
STARD10	HGNC:10666
STARD13	HGNC:19164
STARD3	HGNC:17579
STARD3NL	HGNC:19169
STARD4	HGNC:18058
STARD5	HGNC:18065
STARD6	HGNC:18066
STARD7	HGNC:18063
STARD8	HGNC:19161
STARD9	HGNC:19162
STAT1	HGNC:11362
STAT2	HGNC:11363
STAT3	HGNC:11364
STAT4	HGNC:11365
STAT5A	HGNC:11366
STAT5B	HGNC:11367
STAT6	HGNC:11368
STATH	HGNC:11369
STAU1	HGNC:11370
STAU2	HGNC:11371
STBD1	HGNC:24854
STC1	HGNC:11373
STC2	HGNC:11374
STEAP1	HGNC:11378
STEAP1B	HGNC:41907
STEAP2	HGNC:17885
STEAP3	HGNC:24592
STEAP4	HGNC:21923
STEEP1	HGNC:26239
STH	HGNC:18839
STIL	HGNC:10879
STIM1	HGNC:11386
STIM2	HGNC:19205
STIMATE	HGNC:30526
STING1	HGNC:27962
STIP1	HGNC:11387
STK10	HGNC:11388
STK11	HGNC:11389
STK11IP	HGNC:19184
STK16	HGNC:11394
STK17A	HGNC:11395
STK17B	HGNC:11396
STK24	HGNC:11403
STK25	HGNC:11404
STK26	HGNC:18174
STK3	HGNC:11406
STK31	HGNC:11407
STK32A	HGNC:28317
STK32B	HGNC:14217
STK32C	HGNC:21332
STK33	HGNC:14568
STK35	HGNC:16254
STK36	HGNC:17209
STK38	HGNC:17847
STK38L	HGNC:17848
STK39	HGNC:17717
STK4	HGNC:11408
STK40	HGNC:21373
STKLD1	HGNC:28669
STMN1	HGNC:6510
STMN2	HGNC:10577
STMN3	HGNC:15926
STMN4	HGNC:16078
STMND1	HGNC:44668
STMP1	HGNC:41909
STN1	HGNC:26200
STOM	HGNC:3383
STOML1	HGNC:14560
STOML2	HGNC:14559
STOML3	HGNC:19420
STON1	HGNC:17003
STON2	HGNC:30652
STOX1	HGNC:23508
STOX2	HGNC:25450
STPG1	HGNC:28070
STPG2	HGNC:28712
STPG3	HGNC:37285
STPG4	HGNC:26850
STRA6	HGNC:30650
STRA8	HGNC:30653
STRADA	HGNC:30172
STRADB	HGNC:13205
STRAP	HGNC:30796
STRBP	HGNC:16462
STRC	HGNC:16035
STRIP1	HGNC:25916
STRIP2	HGNC:22209
STRIT1	HGNC:52297
STRN	HGNC:11424
STRN3	HGNC:15720
STRN4	HGNC:15721
STS	HGNC:11425
STT3A	HGNC:6172
STT3B	HGNC:30611
STUB1	HGNC:11427
STUM	HGNC:30491
STX10	HGNC:11428
STX11	HGNC:11429
STX12	HGNC:11430
STX16	HGNC:11431
STX17	HGNC:11432
STX18	HGNC:15942
STX19	HGNC:19300
STX1A	HGNC:11433
STX1B	HGNC:18539
STX2	HGNC:3403
STX3	HGNC:11438
STX4	HGNC:11439
STX5	HGNC:11440
STX6	HGNC:11441
STX7	HGNC:11442
STX8	HGNC:11443
STXBP1	HGNC:11444
STXBP2	HGNC:11445
STXBP3	HGNC:11446
STXBP4	HGNC:19694
STXBP5	HGNC:19665
STXBP5L	HGNC:30757
STXBP6	HGNC:19666
STYK1	HGNC:18889
STYX	HGNC:11447
STYXL1	HGNC:18165
STYXL2	HGNC:25034
SUB1	HGNC:19985
SUCLA2	HGNC:11448
SUCLG1	HGNC:11449
SUCLG2	HGNC:11450
SUCNR1	HGNC:4542
SUCO	HGNC:1240
SUDS3	HGNC:29545
SUFU	HGNC:16466
SUGCT	HGNC:16001
SUGP1	HGNC:18643
SUGP2	HGNC:18641
SUGT1	HGNC:16987
SULF1	HGNC:20391
SULF2	HGNC:20392
SULT1A1	HGNC:11453
SULT1A2	HGNC:11454
SULT1A3	HGNC:11455
SULT1A4	HGNC:30004
SULT1B1	HGNC:17845
SULT1C2	HGNC:11456
SULT1C3	HGNC:33543
SULT1C4	HGNC:11457
SULT1E1	HGNC:11377
SULT2A1	HGNC:11458
SULT2B1	HGNC:11459
SULT4A1	HGNC:14903
SULT6B1	HGNC:33433
SUMF1	HGNC:20376
SUMF2	HGNC:20415
SUMO1	HGNC:12502
SUMO2	HGNC:11125
SUMO3	HGNC:11124
SUMO4	HGNC:21181
SUN1	HGNC:18587
SUN2	HGNC:14210
SUN3	HGNC:22429
SUN5	HGNC:16252
SUOX	HGNC:11460
SUPT16H	HGNC:11465
SUPT20H	HGNC:20596
SUPT20HL1	HGNC:30773
SUPT20HL2	HGNC:31797
SUPT3H	HGNC:11466
SUPT4H1	HGNC:11467
SUPT5H	HGNC:11469
SUPT6H	HGNC:11470
SUPT7L	HGNC:30632
SUPV3L1	HGNC:11471
SURF1	HGNC:11474
SURF2	HGNC:11475
SURF4	HGNC:11476
SURF6	HGNC:11478
SUSD1	HGNC:25413
SUSD2	HGNC:30667
SUSD3	HGNC:28391
SUSD4	HGNC:25470
SUSD5	HGNC:29061
SUSD6	HGNC:19956
SUV39H1	HGNC:11479
SUV39H2	HGNC:17287
SUZ12	HGNC:17101
SV2A	HGNC:20566
SV2B	HGNC:16874
SV2C	HGNC:30670
SVBP	HGNC:29204
SVEP1	HGNC:15985
SVIL	HGNC:11480
SVIP	HGNC:25238
SVOP	HGNC:25417
SVOPL	HGNC:27034
SWAP70	HGNC:17070
SWI5	HGNC:31412
SWSAP1	HGNC:26638
SWT1	HGNC:16785
SYAP1	HGNC:16273
SYBU	HGNC:26011
SYCE1	HGNC:28852
SYCE1L	HGNC:37236
SYCE2	HGNC:27411
SYCE3	HGNC:35245
SYCN	HGNC:18442
SYCP1	HGNC:11487
SYCP2	HGNC:11490
SYCP2L	HGNC:21537
SYCP3	HGNC:18130
SYDE1	HGNC:25824
SYDE2	HGNC:25841
SYF2	HGNC:19824
SYK	HGNC:11491
SYMPK	HGNC:22935
SYN1	HGNC:11494
SYN2	HGNC:11495
SYN3	HGNC:11496
SYNC	HGNC:28897
SYNCRIP	HGNC:16918
SYNDIG1	HGNC:15885
SYNDIG1L	HGNC:32388
SYNE1	HGNC:17089
SYNE2	HGNC:17084
SYNE3	HGNC:19861
SYNE4	HGNC:26703
SYNGAP1	HGNC:11497
SYNGR1	HGNC:11498
SYNGR2	HGNC:11499
SYNGR3	HGNC:11501
SYNGR4	HGNC:11502
SYNJ1	HGNC:11503
SYNJ2	HGNC:11504
SYNJ2BP	HGNC:18955
SYNM	HGNC:24466
SYNPO	HGNC:30672
SYNPO2	HGNC:17732
SYNPO2L	HGNC:23532
SYNPR	HGNC:16507
SYNRG	HGNC:557
SYP	HGNC:11506
SYPL1	HGNC:11507
SYPL2	HGNC:27638
SYS1	HGNC:16162
SYT1	HGNC:11509
SYT10	HGNC:19266
SYT11	HGNC:19239
SYT12	HGNC:18381
SYT13	HGNC:14962
SYT14	HGNC:23143
SYT15	HGNC:17167
SYT15B	HGNC:51487
SYT16	HGNC:23142
SYT17	HGNC:24119
SYT2	HGNC:11510
SYT3	HGNC:11511
SYT4	HGNC:11512
SYT5	HGNC:11513
SYT6	HGNC:18638
SYT7	HGNC:11514
SYT8	HGNC:19264
SYT9	HGNC:19265
SYTL1	HGNC:15584
SYTL2	HGNC:15585
SYTL3	HGNC:15587
SYTL4	HGNC:15588
SYTL5	HGNC:15589
SYVN1	HGNC:20738
SZRD1	HGNC:30232
SZT2	HGNC:29040
TAAR1	HGNC:17734
TAAR2	HGNC:4514
TAAR5	HGNC:30236
TAAR6	HGNC:20978
TAAR8	HGNC:14964
TAAR9	HGNC:20977
TAB1	HGNC:18157
TAB2	HGNC:17075
TAB3	HGNC:30681
TAC1	HGNC:11517
TAC3	HGNC:11521
TAC4	HGNC:16641
TACC1	HGNC:11522
TACC2	HGNC:11523
TACC3	HGNC:11524
TACO1	HGNC:24316
TACR1	HGNC:11526
TACR2	HGNC:11527
TACR3	HGNC:11528
TACSTD2	HGNC:11530
TADA1	HGNC:30631
TADA2A	HGNC:11531
TADA2B	HGNC:30781
TADA3	HGNC:19422
TAF1	HGNC:11535
TAF10	HGNC:11543
TAF11	HGNC:11544
TAF11L10	HGNC:53853
TAF11L11	HGNC:53854
TAF11L12	HGNC:53855
TAF11L13	HGNC:53856
TAF11L14	HGNC:53857
TAF11L2	HGNC:53845
TAF11L3	HGNC:53846
TAF11L4	HGNC:53847
TAF11L5	HGNC:53848
TAF11L6	HGNC:53849
TAF11L7	HGNC:53850
TAF11L8	HGNC:53851
TAF11L9	HGNC:53852
TAF12	HGNC:11545
TAF13	HGNC:11546
TAF15	HGNC:11547
TAF1A	HGNC:11532
TAF1B	HGNC:11533
TAF1C	HGNC:11534
TAF1D	HGNC:28759
TAF1L	HGNC:18056
TAF2	HGNC:11536
TAF3	HGNC:17303
TAF4	HGNC:11537
TAF4B	HGNC:11538
TAF5	HGNC:11539
TAF5L	HGNC:17304
TAF6	HGNC:11540
TAF6L	HGNC:17305
TAF7	HGNC:11541
TAF7L	HGNC:11548
TAF8	HGNC:17300
TAF9	HGNC:11542
TAF9B	HGNC:17306
TAFA1	HGNC:21587
TAFA2	HGNC:21589
TAFA3	HGNC:21590
TAFA4	HGNC:21591
TAFA5	HGNC:21592
TAFAZZIN	HGNC:11577
TAGAP	HGNC:15669
TAGLN	HGNC:11553
TAGLN2	HGNC:11554
TAGLN3	HGNC:29868
TAL1	HGNC:11556
TAL2	HGNC:11557
TALDO1	HGNC:11559
TAMALIN	HGNC:18707
TAMM41	HGNC:25187
TANC1	HGNC:29364
TANC2	HGNC:30212
TANGO2	HGNC:25439
TANGO6	HGNC:25749
TANK	HGNC:11562
TAOK1	HGNC:29259
TAOK2	HGNC:16835
TAOK3	HGNC:18133
TAP1	HGNC:43
TAP2	HGNC:44
TAPBP	HGNC:11566
TAPBPL	HGNC:30683
TAPT1	HGNC:26887
TARBP1	HGNC:11568
TARBP2	HGNC:11569
TARDBP	HGNC:11571
TARM1	HGNC:37250
TARP	
TARS1	HGNC:11572
TARS2	HGNC:30740
TARS3	HGNC:24728
TAS1R1	HGNC:14448
TAS1R2	HGNC:14905
TAS1R3	HGNC:15661
TAS2R1	HGNC:14909
TAS2R10	HGNC:14918
TAS2R13	HGNC:14919
TAS2R14	HGNC:14920
TAS2R16	HGNC:14921
TAS2R19	HGNC:19108
TAS2R20	HGNC:19109
TAS2R3	HGNC:14910
TAS2R30	HGNC:19112
TAS2R31	HGNC:19113
TAS2R38	HGNC:9584
TAS2R39	HGNC:18886
TAS2R4	HGNC:14911
TAS2R40	HGNC:18885
TAS2R41	HGNC:18883
TAS2R42	HGNC:18888
TAS2R43	HGNC:18875
TAS2R45	HGNC:18876
TAS2R46	HGNC:18877
TAS2R5	HGNC:14912
TAS2R50	HGNC:18882
TAS2R60	HGNC:20639
TAS2R7	HGNC:14913
TAS2R8	HGNC:14915
TAS2R9	HGNC:14917
TASL	HGNC:25667
TASOR	HGNC:30314
TASOR2	HGNC:23484
TASP1	HGNC:15859
TAT	HGNC:11573
TATDN1	HGNC:24220
TATDN2	HGNC:28988
TATDN3	HGNC:27010
TAX1BP1	HGNC:11575
TAX1BP3	HGNC:30684
TBATA	HGNC:23511
TBC1D1	HGNC:11578
TBC1D10A	HGNC:23609
TBC1D10B	HGNC:24510
TBC1D10C	HGNC:24702
TBC1D12	HGNC:29082
TBC1D13	HGNC:25571
TBC1D14	HGNC:29246
TBC1D15	HGNC:25694
TBC1D16	HGNC:28356
TBC1D17	HGNC:25699
TBC1D19	HGNC:25624
TBC1D2	HGNC:18026
TBC1D20	HGNC:16133
TBC1D21	HGNC:28536
TBC1D22A	HGNC:1309
TBC1D22B	HGNC:21602
TBC1D23	HGNC:25622
TBC1D24	HGNC:29203
TBC1D25	HGNC:8092
TBC1D26	HGNC:28745
TBC1D28	HGNC:26858
TBC1D2B	HGNC:29183
TBC1D3	HGNC:19031
TBC1D30	HGNC:29164
TBC1D31	HGNC:30888
TBC1D32	HGNC:21485
TBC1D3B	HGNC:27011
TBC1D3C	HGNC:24889
TBC1D3D	HGNC:28944
TBC1D3E	HGNC:27071
TBC1D3G	HGNC:29860
TBC1D3H	HGNC:30708
TBC1D3I	HGNC:32709
TBC1D3K	HGNC:51245
TBC1D3L	HGNC:51246
TBC1D4	HGNC:19165
TBC1D5	HGNC:19166
TBC1D7	HGNC:21066
TBC1D8	HGNC:17791
TBC1D8B	HGNC:24715
TBC1D9	HGNC:21710
TBC1D9B	HGNC:29097
TBCA	HGNC:11579
TBCB	HGNC:1989
TBCC	HGNC:11580
TBCCD1	HGNC:25546
TBCD	HGNC:11581
TBCE	HGNC:11582
TBCEL	HGNC:28115
TBCK	HGNC:28261
TBK1	HGNC:11584
TBKBP1	HGNC:30140
TBL1X	HGNC:11585
TBL1XR1	HGNC:29529
TBL1Y	HGNC:18502
TBL2	HGNC:11586
TBL3	HGNC:11587
TBP	HGNC:11588
TBPL1	HGNC:11589
TBPL2	HGNC:19841
TBR1	HGNC:11590
TBRG1	HGNC:29551
TBRG4	HGNC:17443
TBX1	HGNC:11592
TBX10	HGNC:11593
TBX15	HGNC:11594
TBX18	HGNC:11595
TBX19	HGNC:11596
TBX2	HGNC:11597
TBX20	HGNC:11598
TBX21	HGNC:11599
TBX22	HGNC:11600
TBX3	HGNC:11602
TBX4	HGNC:11603
TBX5	HGNC:11604
TBX6	HGNC:11605
TBXA2R	HGNC:11608
TBXAS1	HGNC:11609
TBXT	HGNC:11515
TC2N	HGNC:19859
TCAF1	HGNC:22201
TCAF2	HGNC:26878
TCAIM	HGNC:25241
TCAP	HGNC:11610
TCEA1	HGNC:11612
TCEA2	HGNC:11614
TCEA3	HGNC:11615
TCEAL1	HGNC:11616
TCEAL2	HGNC:29818
TCEAL3	HGNC:28247
TCEAL4	HGNC:26121
TCEAL5	HGNC:22282
TCEAL6	HGNC:24553
TCEAL7	HGNC:28336
TCEAL8	HGNC:28683
TCEAL9	HGNC:30084
TCEANC	HGNC:28277
TCEANC2	HGNC:26494
TCERG1	HGNC:15630
TCERG1L	HGNC:23533
TCF12	HGNC:11623
TCF15	HGNC:11627
TCF19	HGNC:11629
TCF20	HGNC:11631
TCF21	HGNC:11632
TCF23	HGNC:18602
TCF24	HGNC:32275
TCF25	HGNC:29181
TCF3	HGNC:11633
TCF4	HGNC:11634
TCF7	HGNC:11639
TCF7L1	HGNC:11640
TCF7L2	HGNC:11641
TCFL5	HGNC:11646
TCHH	HGNC:11791
TCHHL1	HGNC:31796
TCHP	HGNC:28135
TCIM	HGNC:1357
TCIRG1	HGNC:11647
TCL1A	HGNC:11648
TCL1B	HGNC:11649
TCN1	HGNC:11652
TCN2	HGNC:11653
TCOF1	HGNC:11654
TCP1	HGNC:11655
TCP10L	HGNC:11657
TCP11	HGNC:11658
TCP11L1	HGNC:25655
TCP11L2	HGNC:28627
TCP11X1	HGNC:48369
TCP11X2	HGNC:48335
TCTA	HGNC:11692
TCTN1	HGNC:26113
TCTN2	HGNC:25774
TCTN3	HGNC:24519
TDG	HGNC:11700
TDO2	HGNC:11708
TDP1	HGNC:18884
TDP2	HGNC:17768
TDRD1	HGNC:11712
TDRD10	HGNC:25316
TDRD12	HGNC:25044
TDRD15	HGNC:45037
TDRD3	HGNC:20612
TDRD5	HGNC:20614
TDRD6	HGNC:21339
TDRD7	HGNC:30831
TDRD9	HGNC:20122
TDRKH	HGNC:11713
TDRP	HGNC:26951
TEAD1	HGNC:11714
TEAD2	HGNC:11715
TEAD3	HGNC:11716
TEAD4	HGNC:11717
TEC	HGNC:11719
TECPR1	HGNC:22214
TECPR2	HGNC:19957
TECR	HGNC:4551
TECRL	HGNC:27365
TECTA	HGNC:11720
TECTB	HGNC:11721
TEDC1	HGNC:20127
TEDC2	HGNC:25849
TEDDM1	HGNC:30233
TEF	HGNC:11722
TEFM	HGNC:26223
TEK	HGNC:11724
TEKT1	HGNC:15534
TEKT2	HGNC:11725
TEKT3	HGNC:14293
TEKT4	HGNC:31012
TEKT5	HGNC:26554
TEKTIP1	HGNC:34496
TEKTL1	HGNC:26866
TELO2	HGNC:29099
TEN1	HGNC:37242
TENM1	HGNC:8117
TENM2	HGNC:29943
TENM3	HGNC:29944
TENM4	HGNC:29945
TENT2	HGNC:26776
TENT4A	HGNC:16705
TENT4B	HGNC:30758
TENT5A	HGNC:18345
TENT5B	HGNC:28273
TENT5C	HGNC:24712
TENT5D	HGNC:28399
TEP1	HGNC:11726
TEPSIN	HGNC:26458
TERB1	HGNC:26675
TERB2	HGNC:28520
TERC	HGNC:11727
TERF1	HGNC:11728
TERF2	HGNC:11729
TERF2IP	HGNC:19246
TERT	HGNC:11730
TES	HGNC:14620
TESC	HGNC:26065
TESK1	HGNC:11731
TESK2	HGNC:11732
TESMIN	HGNC:7446
TESPA1	HGNC:29109
TET1	HGNC:29484
TET2	HGNC:25941
TET3	HGNC:28313
TEX10	HGNC:25988
TEX101	HGNC:30722
TEX11	HGNC:11733
TEX12	HGNC:11734
TEX13A	HGNC:11735
TEX13B	HGNC:11736
TEX13C	HGNC:52277
TEX13D	HGNC:52278
TEX14	HGNC:11737
TEX15	HGNC:11738
TEX19	HGNC:33802
TEX2	HGNC:30884
TEX22	HGNC:40026
TEX26	HGNC:28622
TEX261	HGNC:30712
TEX264	HGNC:30247
TEX28	HGNC:2563
TEX29	HGNC:20370
TEX30	HGNC:25188
TEX35	HGNC:25366
TEX36	HGNC:31653
TEX38	HGNC:29589
TEX44	HGNC:28563
TEX46	HGNC:44651
TEX47	HGNC:22402
TEX48	HGNC:52393
TEX50	HGNC:52382
TEX51	HGNC:52387
TEX52	HGNC:53643
TEX53	HGNC:53655
TEX54	HGNC:53729
TEX55	HGNC:26553
TEX9	HGNC:29585
TF	HGNC:11740
TFAM	HGNC:11741
TFAP2A	HGNC:11742
TFAP2B	HGNC:11743
TFAP2C	HGNC:11744
TFAP2D	HGNC:15581
TFAP2E	HGNC:30774
TFAP4	HGNC:11745
TFB1M	HGNC:17037
TFB2M	HGNC:18559
TFCP2	HGNC:11748
TFCP2L1	HGNC:17925
TFDP1	HGNC:11749
TFDP2	HGNC:11751
TFDP3	HGNC:24603
TFE3	HGNC:11752
TFEB	HGNC:11753
TFEC	HGNC:11754
TFF1	HGNC:11755
TFF2	HGNC:11756
TFF3	HGNC:11757
TFG	HGNC:11758
TFIP11	HGNC:17165
TFPI	HGNC:11760
TFPI2	HGNC:11761
TFPT	HGNC:13630
TFR2	HGNC:11762
TFRC	HGNC:11763
TG	HGNC:11764
TGDS	HGNC:20324
TGFA	HGNC:11765
TGFB1	HGNC:11766
TGFB1I1	HGNC:11767
TGFB2	HGNC:11768
TGFB3	HGNC:11769
TGFBI	HGNC:11771
TGFBR1	HGNC:11772
TGFBR2	HGNC:11773
TGFBR3	HGNC:11774
TGFBR3L	HGNC:44152
TGFBRAP1	HGNC:16836
TGIF1	HGNC:11776
TGIF2	HGNC:15764
TGIF2LX	HGNC:18570
TGIF2LY	HGNC:18569
TGM1	HGNC:11777
TGM2	HGNC:11778
TGM3	HGNC:11779
TGM4	HGNC:11780
TGM5	HGNC:11781
TGM6	HGNC:16255
TGM7	HGNC:30790
TGOLN2	HGNC:15450
TGS1	HGNC:17843
TH	HGNC:11782
THADA	HGNC:19217
THAP1	HGNC:20856
THAP10	HGNC:23193
THAP11	HGNC:23194
THAP12	HGNC:9440
THAP2	HGNC:20854
THAP3	HGNC:20855
THAP4	HGNC:23187
THAP5	HGNC:23188
THAP6	HGNC:23189
THAP7	HGNC:23190
THAP8	HGNC:23191
THAP9	HGNC:23192
THBD	HGNC:11784
THBS1	HGNC:11785
THBS2	HGNC:11786
THBS3	HGNC:11787
THBS4	HGNC:11788
THEM4	HGNC:17947
THEM5	HGNC:26755
THEM6	HGNC:29656
THEMIS	HGNC:21569
THEMIS2	HGNC:16839
THG1L	HGNC:26053
THNSL1	HGNC:26160
THNSL2	HGNC:25602
THOC1	HGNC:19070
THOC2	HGNC:19073
THOC3	HGNC:19072
THOC5	HGNC:19074
THOC6	HGNC:28369
THOC7	HGNC:29874
THOP1	HGNC:11793
THPO	HGNC:11795
THRA	HGNC:11796
THRAP3	HGNC:22964
THRB	HGNC:11799
THRSP	HGNC:11800
THSD1	HGNC:17754
THSD4	HGNC:25835
THSD7A	HGNC:22207
THSD7B	HGNC:29348
THSD8	HGNC:53785
THTPA	HGNC:18987
THUMPD1	HGNC:23807
THUMPD2	HGNC:14890
THUMPD3	HGNC:24493
THY1	HGNC:11801
THYN1	HGNC:29560
TIA1	HGNC:11802
TIAL1	HGNC:11804
TIAM1	HGNC:11805
TIAM2	HGNC:11806
TICAM1	HGNC:18348
TICAM2	HGNC:21354
TICRR	HGNC:28704
TIE1	HGNC:11809
TIFA	HGNC:19075
TIFAB	HGNC:34024
TIGAR	HGNC:1185
TIGD1	HGNC:14523
TIGD2	HGNC:18333
TIGD3	HGNC:18334
TIGD4	HGNC:18335
TIGD5	HGNC:18336
TIGD6	HGNC:18332
TIGD7	HGNC:18331
TIGIT	HGNC:26838
TIMD4	HGNC:25132
TIMELESS	HGNC:11813
TIMM10	HGNC:11814
TIMM10B	HGNC:4022
TIMM13	HGNC:11816
TIMM17A	HGNC:17315
TIMM17B	HGNC:17310
TIMM21	HGNC:25010
TIMM22	HGNC:17317
TIMM23	HGNC:17312
TIMM23B	HGNC:23581
TIMM29	HGNC:25152
TIMM44	HGNC:17316
TIMM50	HGNC:23656
TIMM8A	HGNC:11817
TIMM8B	HGNC:11818
TIMM9	HGNC:11819
TIMMDC1	HGNC:1321
TIMP1	HGNC:11820
TIMP2	HGNC:11821
TIMP3	HGNC:11822
TIMP4	HGNC:11823
TINAG	HGNC:14599
TINAGL1	HGNC:19168
TINCR	HGNC:14607
TINF2	HGNC:11824
TIPARP	HGNC:23696
TIPIN	HGNC:30750
TIPRL	HGNC:30231
TIRAP	HGNC:17192
TJAP1	HGNC:17949
TJP1	HGNC:11827
TJP2	HGNC:11828
TJP3	HGNC:11829
TK1	HGNC:11830
TK2	HGNC:11831
TKFC	HGNC:24552
TKT	HGNC:11834
TKTL1	HGNC:11835
TKTL2	HGNC:25313
TLCD1	HGNC:25177
TLCD2	HGNC:33522
TLCD3A	HGNC:29646
TLCD3B	HGNC:25295
TLCD4	HGNC:26477
TLCD5	HGNC:28280
TLDC2	HGNC:16112
TLE1	HGNC:11837
TLE2	HGNC:11838
TLE3	HGNC:11839
TLE4	HGNC:11840
TLE5	HGNC:307
TLE6	HGNC:30788
TLE7	HGNC:53648
TLK1	HGNC:11841
TLK2	HGNC:11842
TLL1	HGNC:11843
TLL2	HGNC:11844
TLN1	HGNC:11845
TLN2	HGNC:15447
TLNRD1	HGNC:13519
TLR1	HGNC:11847
TLR10	HGNC:15634
TLR2	HGNC:11848
TLR3	HGNC:11849
TLR4	HGNC:11850
TLR5	HGNC:11851
TLR6	HGNC:16711
TLR7	HGNC:15631
TLR8	HGNC:15632
TLR9	HGNC:15633
TLX1	HGNC:5056
TLX2	HGNC:5057
TLX3	HGNC:13532
TM2D1	HGNC:24142
TM2D2	HGNC:24127
TM2D3	HGNC:24128
TM4SF1	HGNC:11853
TM4SF18	HGNC:25181
TM4SF19	HGNC:25167
TM4SF20	HGNC:26230
TM4SF4	HGNC:11856
TM4SF5	HGNC:11857
TM6SF1	HGNC:11860
TM6SF2	HGNC:11861
TM7SF2	HGNC:11863
TM7SF3	HGNC:23049
TM9SF1	HGNC:11864
TM9SF2	HGNC:11865
TM9SF3	HGNC:21529
TM9SF4	HGNC:30797
TMA16	HGNC:25638
TMA7	HGNC:26932
TMA7B	HGNC:53893
TMBIM1	HGNC:23410
TMBIM4	HGNC:24257
TMBIM6	HGNC:11723
TMC1	HGNC:16513
TMC2	HGNC:16527
TMC3	HGNC:22995
TMC4	HGNC:22998
TMC5	HGNC:22999
TMC6	HGNC:18021
TMC7	HGNC:23000
TMC8	HGNC:20474
TMCC1	HGNC:29116
TMCC2	HGNC:24239
TMCC3	HGNC:29199
TMCO1	HGNC:18188
TMCO2	HGNC:23312
TMCO4	HGNC:27393
TMCO5A	HGNC:28558
TMCO6	HGNC:28814
TMDD1	HGNC:53646
TMED1	HGNC:17291
TMED10	HGNC:16998
TMED2	HGNC:16996
TMED3	HGNC:28889
TMED4	HGNC:22301
TMED5	HGNC:24251
TMED6	HGNC:28331
TMED7	HGNC:24253
TMED8	HGNC:18633
TMED9	HGNC:24878
TMEFF1	HGNC:11866
TMEFF2	HGNC:11867
TMEM100	HGNC:25607
TMEM101	HGNC:28653
TMEM102	HGNC:26722
TMEM106A	HGNC:28288
TMEM106B	HGNC:22407
TMEM106C	HGNC:28775
TMEM107	HGNC:28128
TMEM108	HGNC:28451
TMEM109	HGNC:28771
TMEM11	HGNC:16823
TMEM114	HGNC:33227
TMEM115	HGNC:30055
TMEM116	HGNC:25084
TMEM117	HGNC:25308
TMEM119	HGNC:27884
TMEM120A	HGNC:21697
TMEM120B	HGNC:32008
TMEM121	HGNC:20511
TMEM121B	HGNC:1844
TMEM123	HGNC:30138
TMEM125	HGNC:28275
TMEM126A	HGNC:25382
TMEM126B	HGNC:30883
TMEM127	HGNC:26038
TMEM128	HGNC:28201
TMEM129	HGNC:25137
TMEM130	HGNC:25429
TMEM131	HGNC:30366
TMEM131L	HGNC:29146
TMEM132A	HGNC:31092
TMEM132B	HGNC:29397
TMEM132C	HGNC:25436
TMEM132D	HGNC:29411
TMEM132E	HGNC:26991
TMEM134	HGNC:26142
TMEM135	HGNC:26167
TMEM138	HGNC:26944
TMEM139	HGNC:22058
TMEM140	HGNC:21870
TMEM141	HGNC:28211
TMEM143	HGNC:25603
TMEM144	HGNC:25633
TMEM145	HGNC:26912
TMEM147	HGNC:30414
TMEM14A	HGNC:21076
TMEM14B	HGNC:21384
TMEM14C	HGNC:20952
TMEM150A	HGNC:24677
TMEM150B	HGNC:34415
TMEM150C	HGNC:37263
TMEM151A	HGNC:28497
TMEM151B	HGNC:21315
TMEM154	HGNC:26489
TMEM156	HGNC:26260
TMEM158	HGNC:30293
TMEM160	HGNC:26042
TMEM161A	HGNC:26020
TMEM161B	HGNC:28483
TMEM163	HGNC:25380
TMEM164	HGNC:26217
TMEM165	HGNC:30760
TMEM167A	HGNC:28330
TMEM167B	HGNC:30187
TMEM168	HGNC:25826
TMEM169	HGNC:25130
TMEM17	HGNC:26623
TMEM170A	HGNC:29577
TMEM170B	HGNC:34244
TMEM171	HGNC:27031
TMEM174	HGNC:28187
TMEM175	HGNC:28709
TMEM176A	HGNC:24930
TMEM176B	HGNC:29596
TMEM177	HGNC:28143
TMEM178A	HGNC:28517
TMEM178B	HGNC:44112
TMEM179	HGNC:20137
TMEM179B	HGNC:33744
TMEM18	HGNC:25257
TMEM181	HGNC:20958
TMEM182	HGNC:26391
TMEM183A	HGNC:20173
TMEM184A	HGNC:28797
TMEM184B	HGNC:1310
TMEM184C	HGNC:25587
TMEM185A	HGNC:17125
TMEM185B	HGNC:18896
TMEM186	HGNC:24530
TMEM187	HGNC:13705
TMEM19	HGNC:25605
TMEM190	HGNC:29632
TMEM191B	HGNC:33600
TMEM191C	HGNC:33601
TMEM192	HGNC:26775
TMEM196	HGNC:22431
TMEM198	HGNC:33704
TMEM200A	HGNC:21075
TMEM200B	HGNC:33785
TMEM200C	HGNC:37208
TMEM201	HGNC:33719
TMEM202	HGNC:33733
TMEM203	HGNC:28217
TMEM204	HGNC:14158
TMEM205	HGNC:29631
TMEM207	HGNC:33705
TMEM208	HGNC:25015
TMEM209	HGNC:21898
TMEM210	HGNC:34059
TMEM212	HGNC:34295
TMEM213	HGNC:27220
TMEM214	HGNC:25983
TMEM215	HGNC:33816
TMEM216	HGNC:25018
TMEM217	HGNC:21238
TMEM217B	HGNC:55922
TMEM218	HGNC:27344
TMEM219	HGNC:25201
TMEM220	HGNC:33757
TMEM221	HGNC:21943
TMEM222	HGNC:25363
TMEM223	HGNC:28464
TMEM225	HGNC:32390
TMEM225B	HGNC:53075
TMEM229A	HGNC:37279
TMEM229B	HGNC:20130
TMEM230	HGNC:15876
TMEM231	HGNC:37234
TMEM232	HGNC:37270
TMEM233	HGNC:37219
TMEM234	HGNC:28837
TMEM235	HGNC:27563
TMEM236	HGNC:23473
TMEM237	HGNC:14432
TMEM238	HGNC:40042
TMEM238L	HGNC:44356
TMEM239	HGNC:40044
TMEM240	HGNC:25186
TMEM242	HGNC:17206
TMEM243	HGNC:21707
TMEM244	HGNC:21571
TMEM245	HGNC:1363
TMEM247	HGNC:42967
TMEM248	HGNC:25476
TMEM25	HGNC:25890
TMEM250	HGNC:31009
TMEM252	HGNC:28537
TMEM253	HGNC:32545
TMEM254	HGNC:25804
TMEM255A	HGNC:26086
TMEM255B	HGNC:28297
TMEM256	HGNC:28618
TMEM258	HGNC:1164
TMEM259	HGNC:17039
TMEM26	HGNC:28550
TMEM260	HGNC:20185
TMEM263	HGNC:28281
TMEM265	HGNC:51241
TMEM266	HGNC:26763
TMEM267	HGNC:26139
TMEM268	HGNC:24513
TMEM269	HGNC:52381
TMEM270	HGNC:23018
TMEM271	HGNC:53639
TMEM272	HGNC:26737
TMEM273	HGNC:27274
TMEM275	HGNC:53938
TMEM276	HGNC:56235
TMEM278	HGNC:37099
TMEM30A	HGNC:16667
TMEM30B	HGNC:27254
TMEM31	HGNC:28601
TMEM33	HGNC:25541
TMEM35A	HGNC:25864
TMEM35B	HGNC:40021
TMEM37	HGNC:18216
TMEM38A	HGNC:28462
TMEM38B	HGNC:25535
TMEM39A	HGNC:25600
TMEM39B	HGNC:25510
TMEM40	HGNC:25620
TMEM41A	HGNC:30544
TMEM41B	HGNC:28948
TMEM42	HGNC:28444
TMEM43	HGNC:28472
TMEM44	HGNC:25120
TMEM45A	HGNC:25480
TMEM45B	HGNC:25194
TMEM47	HGNC:18515
TMEM50A	HGNC:30590
TMEM50B	HGNC:1280
TMEM51	HGNC:25488
TMEM52	HGNC:27916
TMEM52B	HGNC:26438
TMEM53	HGNC:26186
TMEM54	HGNC:24143
TMEM59	HGNC:1239
TMEM59L	HGNC:13237
TMEM60	HGNC:21754
TMEM61	HGNC:27296
TMEM62	HGNC:26269
TMEM63A	HGNC:29118
TMEM63B	HGNC:17735
TMEM63C	HGNC:23787
TMEM64	HGNC:25441
TMEM65	HGNC:25203
TMEM67	HGNC:28396
TMEM68	HGNC:26510
TMEM69	HGNC:28035
TMEM70	HGNC:26050
TMEM71	HGNC:26572
TMEM72	HGNC:31658
TMEM74	HGNC:26409
TMEM74B	HGNC:15893
TMEM79	HGNC:28196
TMEM80	HGNC:27453
TMEM81	HGNC:32349
TMEM82	HGNC:32350
TMEM86A	HGNC:26890
TMEM86B	HGNC:28448
TMEM87A	HGNC:24522
TMEM87B	HGNC:25913
TMEM88	HGNC:32371
TMEM89	HGNC:32372
TMEM8B	HGNC:21427
TMEM9	HGNC:18823
TMEM91	HGNC:32393
TMEM92	HGNC:26579
TMEM94	HGNC:28983
TMEM95	HGNC:27898
TMEM97	HGNC:28106
TMEM98	HGNC:24529
TMEM9B	HGNC:1168
TMF1	HGNC:11870
TMIE	HGNC:30800
TMIGD1	HGNC:32431
TMIGD2	HGNC:28324
TMIGD3	HGNC:51375
TMLHE	HGNC:18308
TMOD1	HGNC:11871
TMOD2	HGNC:11872
TMOD3	HGNC:11873
TMOD4	HGNC:11874
TMPO	HGNC:11875
TMPPE	HGNC:33865
TMPRSS11A	HGNC:27954
TMPRSS11B	HGNC:25398
TMPRSS11D	HGNC:24059
TMPRSS11E	HGNC:24465
TMPRSS11F	HGNC:29994
TMPRSS12	HGNC:28779
TMPRSS13	HGNC:29808
TMPRSS15	HGNC:9490
TMPRSS2	HGNC:11876
TMPRSS3	HGNC:11877
TMPRSS4	HGNC:11878
TMPRSS5	HGNC:14908
TMPRSS6	HGNC:16517
TMPRSS7	HGNC:30846
TMPRSS9	HGNC:30079
TMSB10	HGNC:11879
TMSB15A	HGNC:30744
TMSB15B	HGNC:28612
TMSB15C	HGNC:55173
TMSB4X	HGNC:11881
TMSB4Y	HGNC:11882
TMT1A	HGNC:24550
TMT1B	HGNC:28276
TMTC1	HGNC:24099
TMTC2	HGNC:25440
TMTC3	HGNC:26899
TMTC4	HGNC:25904
TMUB1	HGNC:21709
TMUB2	HGNC:28459
TMX1	HGNC:15487
TMX2	HGNC:30739
TMX3	HGNC:24718
TMX4	HGNC:25237
TNC	HGNC:5318
TNF	HGNC:11892
TNFAIP1	HGNC:11894
TNFAIP2	HGNC:11895
TNFAIP3	HGNC:11896
TNFAIP6	HGNC:11898
TNFAIP8	HGNC:17260
TNFAIP8L1	HGNC:28279
TNFAIP8L2	HGNC:26277
TNFAIP8L3	HGNC:20620
TNFRSF10A	HGNC:11904
TNFRSF10B	HGNC:11905
TNFRSF10C	HGNC:11906
TNFRSF10D	HGNC:11907
TNFRSF11A	HGNC:11908
TNFRSF11B	HGNC:11909
TNFRSF12A	HGNC:18152
TNFRSF13B	HGNC:18153
TNFRSF13C	HGNC:17755
TNFRSF14	HGNC:11912
TNFRSF17	HGNC:11913
TNFRSF18	HGNC:11914
TNFRSF19	HGNC:11915
TNFRSF1A	HGNC:11916
TNFRSF1B	HGNC:11917
TNFRSF21	HGNC:13469
TNFRSF25	HGNC:11910
TNFRSF4	HGNC:11918
TNFRSF6B	HGNC:11921
TNFRSF8	HGNC:11923
TNFRSF9	HGNC:11924
TNFSF10	HGNC:11925
TNFSF11	HGNC:11926
TNFSF12	HGNC:11927
TNFSF13	HGNC:11928
TNFSF13B	HGNC:11929
TNFSF14	HGNC:11930
TNFSF15	HGNC:11931
TNFSF18	HGNC:11932
TNFSF4	HGNC:11934
TNFSF8	HGNC:11938
TNFSF9	HGNC:11939
TNIK	HGNC:30765
TNIP1	HGNC:16903
TNIP2	HGNC:19118
TNIP3	HGNC:19315
TNK1	HGNC:11940
TNK2	HGNC:19297
TNKS	HGNC:11941
TNKS1BP1	HGNC:19081
TNKS2	HGNC:15677
TNMD	HGNC:17757
TNN	HGNC:22942
TNNC1	HGNC:11943
TNNC2	HGNC:11944
TNNI1	HGNC:11945
TNNI2	HGNC:11946
TNNI3	HGNC:11947
TNNI3K	HGNC:19661
TNNT1	HGNC:11948
TNNT2	HGNC:11949
TNNT3	HGNC:11950
TNP1	HGNC:11951
TNP2	HGNC:11952
TNPO1	HGNC:6401
TNPO2	HGNC:19998
TNPO3	HGNC:17103
TNR	HGNC:11953
TNRC18	HGNC:11962
TNRC6A	HGNC:11969
TNRC6B	HGNC:29190
TNRC6C	HGNC:29318
TNS1	HGNC:11973
TNS2	HGNC:19737
TNS3	HGNC:21616
TNS4	HGNC:24352
TNXB	HGNC:11976
TOB1	HGNC:11979
TOB2	HGNC:11980
TOE1	HGNC:15954
TOGARAM1	HGNC:19959
TOGARAM2	HGNC:33715
TOLLIP	HGNC:16476
TOM1	HGNC:11982
TOM1L1	HGNC:11983
TOM1L2	HGNC:11984
TOMM20	HGNC:20947
TOMM20L	HGNC:33752
TOMM22	HGNC:18002
TOMM34	HGNC:15746
TOMM40	HGNC:18001
TOMM40L	HGNC:25756
TOMM5	HGNC:31369
TOMM6	HGNC:34528
TOMM7	HGNC:21648
TOMM70	HGNC:11985
TOMT	HGNC:55527
TONSL	HGNC:7801
TOP1	HGNC:11986
TOP1MT	HGNC:29787
TOP2A	HGNC:11989
TOP2B	HGNC:11990
TOP3A	HGNC:11992
TOP3B	HGNC:11993
TOP6BL	HGNC:26197
TOPAZ1	HGNC:24746
TOPBP1	HGNC:17008
TOPORS	HGNC:21653
TOR1A	HGNC:3098
TOR1AIP1	HGNC:29456
TOR1AIP2	HGNC:24055
TOR1B	HGNC:11995
TOR2A	HGNC:11996
TOR3A	HGNC:11997
TOR4A	HGNC:25981
TOX	HGNC:18988
TOX2	HGNC:16095
TOX3	HGNC:11972
TOX4	HGNC:20161
TP53	HGNC:11998
TP53AIP1	HGNC:29984
TP53BP1	HGNC:11999
TP53BP2	HGNC:12000
TP53I11	HGNC:16842
TP53I13	HGNC:25102
TP53I3	HGNC:19373
TP53INP1	HGNC:18022
TP53INP2	HGNC:16104
TP53RK	HGNC:16197
TP53TG3	HGNC:30759
TP53TG3B	HGNC:37202
TP53TG3C	HGNC:42962
TP53TG3D	HGNC:44657
TP53TG3E	HGNC:51816
TP53TG3F	HGNC:51817
TP53TG5	HGNC:15856
TP63	HGNC:15979
TP73	HGNC:12003
TPBG	HGNC:12004
TPBGL	HGNC:44159
TPCN1	HGNC:18182
TPCN2	HGNC:20820
TPD52	HGNC:12005
TPD52L1	HGNC:12006
TPD52L2	HGNC:12007
TPD52L3	HGNC:23382
TPGS1	HGNC:25058
TPGS2	HGNC:24561
TPH1	HGNC:12008
TPH2	HGNC:20692
TPI1	HGNC:12009
TPK1	HGNC:17358
TPM1	HGNC:12010
TPM2	HGNC:12011
TPM3	HGNC:12012
TPM4	HGNC:12013
TPMT	HGNC:12014
TPO	HGNC:12015
TPP1	HGNC:2073
TPP2	HGNC:12016
TPPP	HGNC:24164
TPPP2	HGNC:19293
TPPP3	HGNC:24162
TPR	HGNC:12017
TPRA1	HGNC:30413
TPRG1	HGNC:24759
TPRG1L	HGNC:27007
TPRKB	HGNC:24259
TPRN	HGNC:26894
TPRX1	HGNC:32174
TPRX2	HGNC:32175
TPSAB1	HGNC:12019
TPSB2	HGNC:14120
TPSD1	HGNC:14118
TPSG1	HGNC:14134
TPST1	HGNC:12020
TPST2	HGNC:12021
TPT1	HGNC:12022
TPTE	HGNC:12023
TPTE2	HGNC:17299
TPX2	HGNC:1249
TRA2A	HGNC:16645
TRA2B	HGNC:10781
TRABD	HGNC:28805
TRABD2A	HGNC:27013
TRABD2B	HGNC:44200
TRADD	HGNC:12030
TRAF1	HGNC:12031
TRAF2	HGNC:12032
TRAF3	HGNC:12033
TRAF3IP1	HGNC:17861
TRAF3IP2	HGNC:1343
TRAF3IP3	HGNC:30766
TRAF4	HGNC:12034
TRAF5	HGNC:12035
TRAF6	HGNC:12036
TRAF7	HGNC:20456
TRAFD1	HGNC:24808
TRAIP	HGNC:30764
TRAK1	HGNC:29947
TRAK2	HGNC:13206
TRAM1	HGNC:20568
TRAM1L1	HGNC:28371
TRAM2	HGNC:16855
TRANK1	HGNC:29011
TRAP1	HGNC:16264
TRAPPC1	HGNC:19894
TRAPPC10	HGNC:11868
TRAPPC11	HGNC:25751
TRAPPC12	HGNC:24284
TRAPPC13	HGNC:25828
TRAPPC14	HGNC:25604
TRAPPC2	HGNC:23068
TRAPPC2B	HGNC:10710
TRAPPC2L	HGNC:30887
TRAPPC3	HGNC:19942
TRAPPC3L	HGNC:21090
TRAPPC4	HGNC:19943
TRAPPC5	HGNC:23067
TRAPPC6A	HGNC:23069
TRAPPC6B	HGNC:23066
TRAPPC8	HGNC:29169
TRAPPC9	HGNC:30832
TRARG1	HGNC:29592
TRAT1	HGNC:30698
TRDMT1	HGNC:2977
TRDN	HGNC:12261
TREH	HGNC:12266
TREM1	HGNC:17760
TREM2	HGNC:17761
TREML1	HGNC:20434
TREML2	HGNC:21092
TREML4	HGNC:30807
TRERF1	HGNC:18273
TREX1	HGNC:12269
TREX2	HGNC:12270
TRH	HGNC:12298
TRHDE	HGNC:30748
TRHR	HGNC:12299
TRIAP1	HGNC:26937
TRIB1	HGNC:16891
TRIB2	HGNC:30809
TRIB3	HGNC:16228
TRIL	HGNC:22200
TRIM10	HGNC:10072
TRIM11	HGNC:16281
TRIM13	HGNC:9976
TRIM14	HGNC:16283
TRIM15	HGNC:16284
TRIM16	HGNC:17241
TRIM17	HGNC:13430
TRIM2	HGNC:15974
TRIM21	HGNC:11312
TRIM22	HGNC:16379
TRIM23	HGNC:660
TRIM24	HGNC:11812
TRIM25	HGNC:12932
TRIM26	HGNC:12962
TRIM27	HGNC:9975
TRIM28	HGNC:16384
TRIM29	HGNC:17274
TRIM3	HGNC:10064
TRIM31	HGNC:16289
TRIM32	HGNC:16380
TRIM33	HGNC:16290
TRIM34	HGNC:10063
TRIM35	HGNC:16285
TRIM36	HGNC:16280
TRIM37	HGNC:7523
TRIM38	HGNC:10059
TRIM39	HGNC:10065
TRIM4	HGNC:16275
TRIM40	HGNC:18736
TRIM41	HGNC:19013
TRIM42	HGNC:19014
TRIM43	HGNC:19015
TRIM43B	HGNC:37146
TRIM44	HGNC:19016
TRIM45	HGNC:19018
TRIM46	HGNC:19019
TRIM47	HGNC:19020
TRIM48	HGNC:19021
TRIM49	HGNC:13431
TRIM49B	HGNC:42955
TRIM49C	HGNC:38877
TRIM49D1	HGNC:43973
TRIM49D2	HGNC:37217
TRIM5	HGNC:16276
TRIM50	HGNC:19017
TRIM51	HGNC:19023
TRIM51G	HGNC:43972
TRIM52	HGNC:19024
TRIM54	HGNC:16008
TRIM55	HGNC:14215
TRIM56	HGNC:19028
TRIM58	HGNC:24150
TRIM59	HGNC:30834
TRIM6	HGNC:16277
TRIM60	HGNC:21162
TRIM61	HGNC:24339
TRIM62	HGNC:25574
TRIM63	HGNC:16007
TRIM64	HGNC:14663
TRIM64B	HGNC:37147
TRIM64C	HGNC:37148
TRIM65	HGNC:27316
TRIM66	HGNC:29005
TRIM67	HGNC:31859
TRIM68	HGNC:21161
TRIM69	HGNC:17857
TRIM7	HGNC:16278
TRIM71	HGNC:32669
TRIM72	HGNC:32671
TRIM73	HGNC:18162
TRIM74	HGNC:17453
TRIM75	HGNC:32686
TRIM77	HGNC:34228
TRIM8	HGNC:15579
TRIM9	HGNC:16288
TRIML1	HGNC:26698
TRIML2	HGNC:26378
TRIO	HGNC:12303
TRIOBP	HGNC:17009
TRIP10	HGNC:12304
TRIP11	HGNC:12305
TRIP12	HGNC:12306
TRIP13	HGNC:12307
TRIP4	HGNC:12310
TRIP6	HGNC:12311
TRIQK	HGNC:27828
TRIR	HGNC:28424
TRIT1	HGNC:20286
TRMO	HGNC:30967
TRMT1	HGNC:25980
TRMT10A	HGNC:28403
TRMT10B	HGNC:26454
TRMT10C	HGNC:26022
TRMT11	HGNC:21080
TRMT112	HGNC:26940
TRMT13	HGNC:25502
TRMT1L	HGNC:16782
TRMT2A	HGNC:24974
TRMT2B	HGNC:25748
TRMT44	HGNC:26653
TRMT5	HGNC:23141
TRMT6	HGNC:20900
TRMT61A	HGNC:23790
TRMT61B	HGNC:26070
TRMT9B	HGNC:26725
TRMU	HGNC:25481
TRNAU1AP	HGNC:30813
TRNP1	HGNC:34348
TRNT1	HGNC:17341
TRO	HGNC:12326
TROAP	HGNC:12327
TRPA1	HGNC:497
TRPC1	HGNC:12333
TRPC3	HGNC:12335
TRPC4	HGNC:12336
TRPC4AP	HGNC:16181
TRPC5	HGNC:12337
TRPC5OS	HGNC:40593
TRPC6	HGNC:12338
TRPC7	HGNC:20754
TRPM1	HGNC:7146
TRPM2	HGNC:12339
TRPM3	HGNC:17992
TRPM4	HGNC:17993
TRPM5	HGNC:14323
TRPM6	HGNC:17995
TRPM7	HGNC:17994
TRPM8	HGNC:17961
TRPS1	HGNC:12340
TRPT1	HGNC:20316
TRPV1	HGNC:12716
TRPV2	HGNC:18082
TRPV3	HGNC:18084
TRPV4	HGNC:18083
TRPV5	HGNC:3145
TRPV6	HGNC:14006
TRRAP	HGNC:12347
TRUB1	HGNC:16060
TRUB2	HGNC:17170
TSACC	HGNC:30636
TSBP1	HGNC:13922
TSC1	HGNC:12362
TSC2	HGNC:12363
TSC22D1	HGNC:16826
TSC22D2	HGNC:29095
TSC22D3	HGNC:3051
TSC22D4	HGNC:21696
TSEN15	HGNC:16791
TSEN2	HGNC:28422
TSEN34	HGNC:15506
TSEN54	HGNC:27561
TSFM	HGNC:12367
TSG101	HGNC:15971
TSGA10	HGNC:14927
TSGA10IP	HGNC:26555
TSGA13	HGNC:12369
TSHB	HGNC:12372
TSHR	HGNC:12373
TSHZ1	HGNC:10669
TSHZ2	HGNC:13010
TSHZ3	HGNC:30700
TSKS	HGNC:30719
TSKU	HGNC:28850
TSLP	HGNC:30743
TSN	HGNC:12379
TSNARE1	HGNC:26437
TSNAX	HGNC:12380
TSNAXIP1	HGNC:18586
TSPAN1	HGNC:20657
TSPAN10	HGNC:29942
TSPAN11	HGNC:30795
TSPAN12	HGNC:21641
TSPAN13	HGNC:21643
TSPAN14	HGNC:23303
TSPAN15	HGNC:23298
TSPAN16	HGNC:30725
TSPAN17	HGNC:13594
TSPAN18	HGNC:20660
TSPAN19	HGNC:31886
TSPAN2	HGNC:20659
TSPAN3	HGNC:17752
TSPAN31	HGNC:10539
TSPAN32	HGNC:13410
TSPAN33	HGNC:28743
TSPAN4	HGNC:11859
TSPAN5	HGNC:17753
TSPAN6	HGNC:11858
TSPAN7	HGNC:11854
TSPAN8	HGNC:11855
TSPAN9	HGNC:21640
TSPEAR	HGNC:1268
TSPO	HGNC:1158
TSPO2	HGNC:21256
TSPOAP1	HGNC:16831
TSPY1	HGNC:12381
TSPY10	HGNC:37473
TSPY2	HGNC:23924
TSPY3	HGNC:33876
TSPY4	HGNC:37287
TSPY8	HGNC:37471
TSPY9	HGNC:37472
TSPYL1	HGNC:12382
TSPYL2	HGNC:24358
TSPYL4	HGNC:21559
TSPYL5	HGNC:29367
TSPYL6	HGNC:14521
TSR1	HGNC:25542
TSR2	HGNC:25455
TSR3	HGNC:14175
TSSC4	HGNC:12386
TSSK1B	HGNC:14968
TSSK2	HGNC:11401
TSSK3	HGNC:15473
TSSK4	HGNC:19825
TSSK6	HGNC:30410
TST	HGNC:12388
TSTD1	HGNC:35410
TSTD2	HGNC:30087
TTBK1	HGNC:19140
TTBK2	HGNC:19141
TTC1	HGNC:12391
TTC12	HGNC:23700
TTC13	HGNC:26204
TTC14	HGNC:24697
TTC16	HGNC:26536
TTC17	HGNC:25596
TTC19	HGNC:26006
TTC21A	HGNC:30761
TTC21B	HGNC:25660
TTC22	HGNC:26067
TTC23	HGNC:25730
TTC23L	HGNC:26355
TTC24	HGNC:32348
TTC27	HGNC:25986
TTC28	HGNC:29179
TTC29	HGNC:29936
TTC3	HGNC:12393
TTC31	HGNC:25759
TTC32	HGNC:32954
TTC33	HGNC:29959
TTC34	HGNC:34297
TTC36	HGNC:33708
TTC38	HGNC:26082
TTC39A	HGNC:18657
TTC39B	HGNC:23704
TTC39C	HGNC:26595
TTC4	HGNC:12394
TTC5	HGNC:19274
TTC6	HGNC:19739
TTC7A	HGNC:19750
TTC7B	HGNC:19858
TTC8	HGNC:20087
TTC9	HGNC:20267
TTC9B	HGNC:26395
TTC9C	HGNC:28432
TTF1	HGNC:12397
TTF2	HGNC:12398
TTI1	HGNC:29029
TTI2	HGNC:26262
TTK	HGNC:12401
TTL	HGNC:21586
TTLL1	HGNC:1312
TTLL10	HGNC:26693
TTLL11	HGNC:18113
TTLL12	HGNC:28974
TTLL13	HGNC:32484
TTLL2	HGNC:21211
TTLL3	HGNC:24483
TTLL4	HGNC:28976
TTLL5	HGNC:19963
TTLL6	HGNC:26664
TTLL7	HGNC:26242
TTLL8	HGNC:34000
TTLL9	HGNC:16118
TTN	HGNC:12403
TTPA	HGNC:12404
TTPAL	HGNC:16114
TTR	HGNC:12405
TTYH1	HGNC:13476
TTYH2	HGNC:13877
TTYH3	HGNC:22222
TUB	HGNC:12406
TUBA1A	HGNC:20766
TUBA1B	HGNC:18809
TUBA1C	HGNC:20768
TUBA3C	HGNC:12408
TUBA3D	HGNC:24071
TUBA3E	HGNC:20765
TUBA4A	HGNC:12407
TUBA4B	HGNC:18637
TUBA8	HGNC:12410
TUBAL3	HGNC:23534
TUBB	HGNC:20778
TUBB1	HGNC:16257
TUBB2A	HGNC:12412
TUBB2B	HGNC:30829
TUBB3	HGNC:20772
TUBB4A	HGNC:20774
TUBB4B	HGNC:20771
TUBB6	HGNC:20776
TUBB8	HGNC:20773
TUBB8B	HGNC:24983
TUBD1	HGNC:16811
TUBE1	HGNC:20775
TUBG1	HGNC:12417
TUBG2	HGNC:12419
TUBGCP2	HGNC:18599
TUBGCP3	HGNC:18598
TUBGCP4	HGNC:16691
TUBGCP5	HGNC:18600
TUBGCP6	HGNC:18127
TUFM	HGNC:12420
TUFT1	HGNC:12422
TUG1	HGNC:26066
TULP1	HGNC:12423
TULP2	HGNC:12424
TULP3	HGNC:12425
TULP4	HGNC:15530
TUNAR	HGNC:44088
TUSC1	HGNC:31010
TUSC2	HGNC:17034
TUSC3	HGNC:30242
TUSC7	HGNC:27701
TUT1	HGNC:26184
TUT4	HGNC:28981
TUT7	HGNC:25817
TVP23A	HGNC:20398
TVP23B	HGNC:20399
TVP23C	HGNC:30453
TWF1	HGNC:9620
TWF2	HGNC:9621
TWIST1	HGNC:12428
TWIST2	HGNC:20670
TWNK	HGNC:1160
TWSG1	HGNC:12429
TXK	HGNC:12434
TXLNA	HGNC:30685
TXLNB	HGNC:21617
TXLNG	HGNC:18578
TXN	HGNC:12435
TXN2	HGNC:17772
TXNDC11	HGNC:28030
TXNDC12	HGNC:24626
TXNDC15	HGNC:20652
TXNDC16	HGNC:19965
TXNDC17	HGNC:28218
TXNDC2	HGNC:16470
TXNDC5	HGNC:21073
TXNDC8	HGNC:31454
TXNDC9	HGNC:24110
TXNIP	HGNC:16952
TXNL1	HGNC:12436
TXNL4A	HGNC:30551
TXNL4B	HGNC:26041
TXNRD1	HGNC:12437
TXNRD2	HGNC:18155
TXNRD3	HGNC:20667
TYK2	HGNC:12440
TYMP	HGNC:3148
TYMS	HGNC:12441
TYR	HGNC:12442
TYRO3	HGNC:12446
TYROBP	HGNC:12449
TYRP1	HGNC:12450
TYSND1	HGNC:28531
TYW1	HGNC:25598
TYW1B	HGNC:33908
TYW2	HGNC:26091
TYW3	HGNC:24757
TYW5	HGNC:26754
U2AF1	HGNC:12453
U2AF1L4	HGNC:23020
U2AF2	HGNC:23156
U2SURP	HGNC:30855
UACA	HGNC:15947
UAP1	HGNC:12457
UAP1L1	HGNC:28082
UBA1	HGNC:12469
UBA2	HGNC:30661
UBA3	HGNC:12470
UBA5	HGNC:23230
UBA52	HGNC:12458
UBA6	HGNC:25581
UBA7	HGNC:12471
UBAC1	HGNC:30221
UBAC2	HGNC:20486
UBALD1	HGNC:29576
UBALD2	HGNC:28438
UBAP1	HGNC:12461
UBAP1L	HGNC:40028
UBAP2	HGNC:14185
UBAP2L	HGNC:29877
UBASH3A	HGNC:12462
UBASH3B	HGNC:29884
UBB	HGNC:12463
UBC	HGNC:12468
UBD	HGNC:18795
UBE2A	HGNC:12472
UBE2B	HGNC:12473
UBE2C	HGNC:15937
UBE2D1	HGNC:12474
UBE2D2	HGNC:12475
UBE2D3	HGNC:12476
UBE2D4	HGNC:21647
UBE2E1	HGNC:12477
UBE2E2	HGNC:12478
UBE2E3	HGNC:12479
UBE2F	HGNC:12480
UBE2G1	HGNC:12482
UBE2G2	HGNC:12483
UBE2H	HGNC:12484
UBE2I	HGNC:12485
UBE2J1	HGNC:17598
UBE2J2	HGNC:19268
UBE2K	HGNC:4914
UBE2L3	HGNC:12488
UBE2L5	HGNC:13477
UBE2L6	HGNC:12490
UBE2M	HGNC:12491
UBE2N	HGNC:12492
UBE2NL	HGNC:31710
UBE2O	HGNC:29554
UBE2Q1	HGNC:15698
UBE2Q2	HGNC:19248
UBE2QL1	HGNC:37269
UBE2R2	HGNC:19907
UBE2S	HGNC:17895
UBE2T	HGNC:25009
UBE2U	HGNC:28559
UBE2V1	HGNC:12494
UBE2V2	HGNC:12495
UBE2W	HGNC:25616
UBE2Z	HGNC:25847
UBE3A	HGNC:12496
UBE3B	HGNC:13478
UBE3C	HGNC:16803
UBE3D	HGNC:21381
UBE4A	HGNC:12499
UBE4B	HGNC:12500
UBFD1	HGNC:30565
UBIAD1	HGNC:30791
UBL3	HGNC:12504
UBL4A	HGNC:12505
UBL4B	HGNC:32309
UBL5	HGNC:13736
UBL7	HGNC:28221
UBLCP1	HGNC:28110
UBN1	HGNC:12506
UBN2	HGNC:21931
UBOX5	HGNC:17777
UBP1	HGNC:12507
UBQLN1	HGNC:12508
UBQLN2	HGNC:12509
UBQLN3	HGNC:12510
UBQLN4	HGNC:1237
UBQLNL	HGNC:28294
UBR1	HGNC:16808
UBR2	HGNC:21289
UBR3	HGNC:30467
UBR4	HGNC:30313
UBR5	HGNC:16806
UBR7	HGNC:20344
UBTD1	HGNC:25683
UBTD2	HGNC:24463
UBTF	HGNC:12511
UBTFL1	HGNC:14533
UBXN1	HGNC:18402
UBXN10	HGNC:26354
UBXN11	HGNC:30600
UBXN2A	HGNC:27265
UBXN2B	HGNC:27035
UBXN4	HGNC:14860
UBXN6	HGNC:14928
UBXN7	HGNC:29119
UBXN8	HGNC:30307
UCHL1	HGNC:12513
UCHL3	HGNC:12515
UCHL5	HGNC:19678
UCK1	HGNC:14859
UCK2	HGNC:12562
UCKL1	HGNC:15938
UCMA	HGNC:25205
UCN	HGNC:12516
UCN2	HGNC:18414
UCN3	HGNC:17781
UCP1	HGNC:12517
UCP2	HGNC:12518
UCP3	HGNC:12519
UEVLD	HGNC:30866
UFC1	HGNC:26941
UFD1	HGNC:12520
UFL1	HGNC:23039
UFM1	HGNC:20597
UFSP1	HGNC:33821
UFSP2	HGNC:25640
UGCG	HGNC:12524
UGDH	HGNC:12525
UGGT1	HGNC:15663
UGGT2	HGNC:15664
UGP2	HGNC:12527
UGT1A1	HGNC:12530
UGT1A10	HGNC:12531
UGT1A3	HGNC:12535
UGT1A4	HGNC:12536
UGT1A5	HGNC:12537
UGT1A6	HGNC:12538
UGT1A7	HGNC:12539
UGT1A8	HGNC:12540
UGT1A9	HGNC:12541
UGT2A1	HGNC:12542
UGT2A2	HGNC:28183
UGT2A3	HGNC:28528
UGT2B10	HGNC:12544
UGT2B11	HGNC:12545
UGT2B15	HGNC:12546
UGT2B17	HGNC:12547
UGT2B28	HGNC:13479
UGT2B4	HGNC:12553
UGT2B7	HGNC:12554
UGT3A1	HGNC:26625
UGT3A2	HGNC:27266
UGT8	HGNC:12555
UHMK1	HGNC:19683
UHRF1	HGNC:12556
UHRF2	HGNC:12557
UIMC1	HGNC:30298
ULBP1	HGNC:14893
ULBP2	HGNC:14894
ULBP3	HGNC:14895
ULK1	HGNC:12558
ULK2	HGNC:13480
ULK3	HGNC:19703
ULK4	HGNC:15784
UMAD1	HGNC:48955
UMOD	HGNC:12559
UMODL1	HGNC:12560
UMPS	HGNC:12563
UNC119	HGNC:12565
UNC119B	HGNC:16488
UNC13A	HGNC:23150
UNC13B	HGNC:12566
UNC13C	HGNC:23149
UNC13D	HGNC:23147
UNC45A	HGNC:30594
UNC45B	HGNC:14304
UNC50	HGNC:16046
UNC5A	HGNC:12567
UNC5B	HGNC:12568
UNC5C	HGNC:12569
UNC5CL	HGNC:21203
UNC5D	HGNC:18634
UNC79	HGNC:19966
UNC80	HGNC:26582
UNC93A	HGNC:12570
UNC93B1	HGNC:13481
UNCX	HGNC:33194
UNG	HGNC:12572
UNK	HGNC:29369
UNKL	HGNC:14184
UPB1	HGNC:16297
UPF1	HGNC:9962
UPF2	HGNC:17854
UPF3A	HGNC:20332
UPF3B	HGNC:20439
UPK1A	HGNC:12577
UPK1B	HGNC:12578
UPK2	HGNC:12579
UPK3A	HGNC:12580
UPK3B	HGNC:21444
UPK3BL1	HGNC:37278
UPK3BL2	HGNC:53444
UPP1	HGNC:12576
UPP2	HGNC:23061
UPRT	HGNC:28334
UQCC1	HGNC:15891
UQCC2	HGNC:21237
UQCC3	HGNC:34399
UQCC4	HGNC:27558
UQCC5	HGNC:37257
UQCC6	HGNC:34450
UQCR10	HGNC:30863
UQCR11	HGNC:30862
UQCRB	HGNC:12582
UQCRC1	HGNC:12585
UQCRC2	HGNC:12586
UQCRFS1	HGNC:12587
UQCRH	HGNC:12590
UQCRHL	HGNC:51714
UQCRQ	HGNC:29594
URAD	HGNC:17785
URB1	HGNC:17344
URB2	HGNC:28967
URGCP	HGNC:30890
URI1	HGNC:13236
URM1	HGNC:28378
UROC1	HGNC:26444
UROD	HGNC:12591
UROS	HGNC:12592
USB1	HGNC:25792
USE1	HGNC:30882
USF1	HGNC:12593
USF2	HGNC:12594
USF3	HGNC:30494
USH1C	HGNC:12597
USH1G	HGNC:16356
USH2A	HGNC:12601
USHBP1	HGNC:24058
USO1	HGNC:30904
USP1	HGNC:12607
USP10	HGNC:12608
USP11	HGNC:12609
USP12	HGNC:20485
USP13	HGNC:12611
USP14	HGNC:12612
USP15	HGNC:12613
USP16	HGNC:12614
USP17L1	HGNC:37182
USP17L10	HGNC:44438
USP17L11	HGNC:44439
USP17L12	HGNC:44440
USP17L13	HGNC:44441
USP17L15	HGNC:44443
USP17L17	HGNC:44445
USP17L18	HGNC:44446
USP17L19	HGNC:44447
USP17L2	HGNC:34434
USP17L20	HGNC:44448
USP17L21	HGNC:44449
USP17L22	HGNC:44450
USP17L24	HGNC:44453
USP17L25	HGNC:44452
USP17L26	HGNC:44454
USP17L27	HGNC:44455
USP17L28	HGNC:44456
USP17L29	HGNC:44457
USP17L3	HGNC:37175
USP17L30	HGNC:44458
USP17L4	HGNC:37176
USP17L5	HGNC:37177
USP17L7	HGNC:37180
USP17L8	HGNC:37181
USP18	HGNC:12616
USP19	HGNC:12617
USP2	HGNC:12618
USP20	HGNC:12619
USP21	HGNC:12620
USP22	HGNC:12621
USP24	HGNC:12623
USP25	HGNC:12624
USP26	HGNC:13485
USP27X	HGNC:13486
USP28	HGNC:12625
USP29	HGNC:18563
USP3	HGNC:12626
USP30	HGNC:20065
USP31	HGNC:20060
USP32	HGNC:19143
USP33	HGNC:20059
USP34	HGNC:20066
USP35	HGNC:20061
USP36	HGNC:20062
USP37	HGNC:20063
USP38	HGNC:20067
USP39	HGNC:20071
USP4	HGNC:12627
USP40	HGNC:20069
USP42	HGNC:20068
USP43	HGNC:20072
USP44	HGNC:20064
USP45	HGNC:20080
USP46	HGNC:20075
USP47	HGNC:20076
USP48	HGNC:18533
USP49	HGNC:20078
USP5	HGNC:12628
USP50	HGNC:20079
USP51	HGNC:23086
USP53	HGNC:29255
USP54	HGNC:23513
USP6	HGNC:12629
USP6NL	HGNC:16858
USP7	HGNC:12630
USP8	HGNC:12631
USP9X	HGNC:12632
USP9Y	HGNC:12633
USPL1	HGNC:20294
UST	HGNC:17223
UTF1	HGNC:12634
UTP11	HGNC:24329
UTP14A	HGNC:10665
UTP14C	HGNC:20321
UTP15	HGNC:25758
UTP18	HGNC:24274
UTP20	HGNC:17897
UTP23	HGNC:28224
UTP25	HGNC:28440
UTP3	HGNC:24477
UTP4	HGNC:1983
UTP6	HGNC:18279
UTRN	HGNC:12635
UTS2	HGNC:12636
UTS2B	HGNC:30894
UTS2R	HGNC:4468
UTY	HGNC:12638
UVRAG	HGNC:12640
UVSSA	HGNC:29304
UXS1	HGNC:17729
UXT	HGNC:12641
VAC14	HGNC:25507
VAMP1	HGNC:12642
VAMP2	HGNC:12643
VAMP3	HGNC:12644
VAMP4	HGNC:12645
VAMP5	HGNC:12646
VAMP7	HGNC:11486
VAMP8	HGNC:12647
VANGL1	HGNC:15512
VANGL2	HGNC:15511
VAPA	HGNC:12648
VAPB	HGNC:12649
VARS1	HGNC:12651
VARS2	HGNC:21642
VASH1	HGNC:19964
VASH2	HGNC:25723
VASN	HGNC:18517
VASP	HGNC:12652
VAT1	HGNC:16919
VAT1L	HGNC:29315
VAV1	HGNC:12657
VAV2	HGNC:12658
VAV3	HGNC:12659
VAX1	HGNC:12660
VAX2	HGNC:12661
VBP1	HGNC:12662
VCAM1	HGNC:12663
VCAN	HGNC:2464
VCF1	HGNC:25918
VCF2	HGNC:25085
VCL	HGNC:12665
VCP	HGNC:12666
VCPIP1	HGNC:30897
VCPKMT	HGNC:20352
VCX	HGNC:12667
VCX2	HGNC:18158
VCX3A	HGNC:18159
VCX3B	HGNC:31838
VCY	HGNC:12668
VCY1B	HGNC:31751
VDAC1	HGNC:12669
VDAC2	HGNC:12672
VDAC3	HGNC:12674
VDR	HGNC:12679
VEGFA	HGNC:12680
VEGFB	HGNC:12681
VEGFC	HGNC:12682
VEGFD	HGNC:3708
VENTX	HGNC:13639
VEPH1	HGNC:25735
VEZF1	HGNC:12949
VEZT	HGNC:18258
VGF	HGNC:12684
VGLL1	HGNC:20985
VGLL2	HGNC:20232
VGLL3	HGNC:24327
VGLL4	HGNC:28966
VHL	HGNC:12687
VHLL	HGNC:30666
VIL1	HGNC:12690
VILL	HGNC:30906
VIM	HGNC:12692
VIP	HGNC:12693
VIPAS39	HGNC:20347
VIPR1	HGNC:12694
VIPR2	HGNC:12695
VIRMA	HGNC:24500
VIT	HGNC:12697
VKORC1	HGNC:23663
VKORC1L1	HGNC:21492
VLDLR	HGNC:12698
VMA12	HGNC:18085
VMA21	HGNC:22082
VMA22	HGNC:28178
VMAC	HGNC:33803
VMO1	HGNC:30387
VMP1	HGNC:29559
VN1R1	HGNC:13548
VN1R2	HGNC:19872
VN1R4	HGNC:19871
VN1R5	HGNC:19870
VNN1	HGNC:12705
VNN2	HGNC:12706
VOPP1	HGNC:34518
VPREB1	HGNC:12709
VPREB3	HGNC:12710
VPS11	HGNC:14583
VPS13A	HGNC:1908
VPS13B	HGNC:2183
VPS13C	HGNC:23594
VPS13D	HGNC:23595
VPS16	HGNC:14584
VPS18	HGNC:15972
VPS25	HGNC:28122
VPS26A	HGNC:12711
VPS26B	HGNC:28119
VPS26C	HGNC:3044
VPS28	HGNC:18178
VPS29	HGNC:14340
VPS33A	HGNC:18179
VPS33B	HGNC:12712
VPS35	HGNC:13487
VPS35L	HGNC:24641
VPS36	HGNC:20312
VPS37A	HGNC:24928
VPS37B	HGNC:25754
VPS37C	HGNC:26097
VPS37D	HGNC:18287
VPS39	HGNC:20593
VPS41	HGNC:12713
VPS45	HGNC:14579
VPS4A	HGNC:13488
VPS4B	HGNC:10895
VPS50	HGNC:25956
VPS51	HGNC:1172
VPS52	HGNC:10518
VPS53	HGNC:25608
VPS54	HGNC:18652
VPS72	HGNC:11644
VPS8	HGNC:29122
VPS9D1	HGNC:13526
VRK1	HGNC:12718
VRK2	HGNC:12719
VRK3	HGNC:18996
VRTN	HGNC:20223
VSIG1	HGNC:28675
VSIG10	HGNC:26078
VSIG10L	HGNC:27111
VSIG10L2	HGNC:27879
VSIG2	HGNC:17149
VSIG4	HGNC:17032
VSIG8	HGNC:32063
VSIR	HGNC:30085
VSNL1	HGNC:12722
VSTM1	HGNC:29455
VSTM2A	HGNC:28499
VSTM2B	HGNC:33595
VSTM2L	HGNC:16096
VSTM4	HGNC:26470
VSTM5	HGNC:34443
VSX1	HGNC:12723
VSX2	HGNC:1975
VTA1	HGNC:20954
VTCN1	HGNC:28873
VTI1A	HGNC:17792
VTI1B	HGNC:17793
VTN	HGNC:12724
VWA1	HGNC:30910
VWA2	HGNC:24709
VWA3A	HGNC:27088
VWA3B	HGNC:28385
VWA5A	HGNC:6658
VWA5B1	HGNC:26538
VWA5B2	HGNC:25144
VWA7	HGNC:13939
VWA8	HGNC:29071
VWC2	HGNC:30200
VWC2L	HGNC:37203
VWCE	HGNC:26487
VWDE	HGNC:21897
VWF	HGNC:12726
VXN	HGNC:28498
WAC	HGNC:17327
WAPL	HGNC:23293
WARS1	HGNC:12729
WARS2	HGNC:12730
WAS	HGNC:12731
WASF1	HGNC:12732
WASF2	HGNC:12733
WASF3	HGNC:12734
WASHC1	HGNC:24361
WASHC2A	HGNC:23416
WASHC2C	HGNC:23414
WASHC3	HGNC:24256
WASHC4	HGNC:29174
WASHC5	HGNC:28984
WASL	HGNC:12735
WBP1	HGNC:12737
WBP11	HGNC:16461
WBP1L	HGNC:23510
WBP2	HGNC:12738
WBP2NL	HGNC:28389
WBP4	HGNC:12739
WDCP	HGNC:26157
WDFY1	HGNC:20451
WDFY2	HGNC:20482
WDFY3	HGNC:20751
WDFY4	HGNC:29323
WDHD1	HGNC:23170
WDPCP	HGNC:28027
WDR1	HGNC:12754
WDR11	HGNC:13831
WDR12	HGNC:14098
WDR13	HGNC:14352
WDR17	HGNC:16661
WDR18	HGNC:17956
WDR19	HGNC:18340
WDR20	HGNC:19667
WDR24	HGNC:20852
WDR25	HGNC:21064
WDR26	HGNC:21208
WDR27	HGNC:21248
WDR3	HGNC:12755
WDR31	HGNC:21421
WDR33	HGNC:25651
WDR35	HGNC:29250
WDR36	HGNC:30696
WDR37	HGNC:31406
WDR38	HGNC:23745
WDR4	HGNC:12756
WDR41	HGNC:25601
WDR43	HGNC:28945
WDR44	HGNC:30512
WDR45	HGNC:28912
WDR45B	HGNC:25072
WDR46	HGNC:13923
WDR47	HGNC:29141
WDR48	HGNC:30914
WDR49	HGNC:26587
WDR5	HGNC:12757
WDR53	HGNC:28786
WDR54	HGNC:25770
WDR55	HGNC:25971
WDR59	HGNC:25706
WDR5B	HGNC:17826
WDR6	HGNC:12758
WDR62	HGNC:24502
WDR64	HGNC:26570
WDR7	HGNC:13490
WDR70	HGNC:25495
WDR72	HGNC:26790
WDR73	HGNC:25928
WDR74	HGNC:25529
WDR75	HGNC:25725
WDR76	HGNC:25773
WDR77	HGNC:29652
WDR81	HGNC:26600
WDR82	HGNC:28826
WDR83	HGNC:32672
WDR83OS	HGNC:30203
WDR86	HGNC:28020
WDR87	HGNC:29934
WDR88	HGNC:26999
WDR89	HGNC:20489
WDR90	HGNC:26960
WDR91	HGNC:24997
WDR93	HGNC:26924
WDR97	HGNC:26959
WDSUB1	HGNC:26697
WDTC1	HGNC:29175
WEE1	HGNC:12761
WEE2	HGNC:19684
WFDC1	HGNC:15466
WFDC10A	HGNC:16139
WFDC10B	HGNC:20479
WFDC11	HGNC:20478
WFDC12	HGNC:16115
WFDC13	HGNC:16131
WFDC2	HGNC:15939
WFDC3	HGNC:15957
WFDC5	HGNC:20477
WFDC6	HGNC:16164
WFDC8	HGNC:16163
WFDC9	HGNC:20380
WFIKKN1	HGNC:30912
WFIKKN2	HGNC:30916
WFS1	HGNC:12762
WHAMM	HGNC:30493
WHR1	HGNC:11398
WHRN	HGNC:16361
WIF1	HGNC:18081
WIPF1	HGNC:12736
WIPF2	HGNC:30923
WIPF3	HGNC:22004
WIPI1	HGNC:25471
WIPI2	HGNC:32225
WIZ	HGNC:30917
WLS	HGNC:30238
WNK1	HGNC:14540
WNK2	HGNC:14542
WNK3	HGNC:14543
WNK4	HGNC:14544
WNT1	HGNC:12774
WNT10A	HGNC:13829
WNT10B	HGNC:12775
WNT11	HGNC:12776
WNT16	HGNC:16267
WNT2	HGNC:12780
WNT2B	HGNC:12781
WNT3	HGNC:12782
WNT3A	HGNC:15983
WNT4	HGNC:12783
WNT5A	HGNC:12784
WNT5B	HGNC:16265
WNT6	HGNC:12785
WNT7A	HGNC:12786
WNT7B	HGNC:12787
WNT8A	HGNC:12788
WNT8B	HGNC:12789
WNT9A	HGNC:12778
WNT9B	HGNC:12779
WRAP53	HGNC:25522
WRAP73	HGNC:12759
WRN	HGNC:12791
WRNIP1	HGNC:20876
WSB1	HGNC:19221
WSB2	HGNC:19222
WSCD1	HGNC:29060
WSCD2	HGNC:29117
WT1	HGNC:12796
WTAP	HGNC:16846
WTIP	HGNC:20964
WWC1	HGNC:29435
WWC2	HGNC:24148
WWOX	HGNC:12799
WWP1	HGNC:17004
WWP2	HGNC:16804
WWTR1	HGNC:24042
XAB2	HGNC:14089
XAF1	HGNC:30932
XAGE1A	HGNC:4111
XAGE1B	HGNC:25400
XAGE2	HGNC:4112
XAGE3	HGNC:14618
XAGE5	HGNC:30930
XBP1	HGNC:12801
XCL1	HGNC:10645
XCL2	HGNC:10646
XCR1	HGNC:1625
XDH	HGNC:12805
XG	HGNC:12806
XIAP	HGNC:592
XIRP1	HGNC:14301
XIRP2	HGNC:14303
XIST	HGNC:12810
XK	HGNC:12811
XKR3	HGNC:28778
XKR4	HGNC:29394
XKR5	HGNC:20782
XKR6	HGNC:27806
XKR7	HGNC:23062
XKR8	HGNC:25508
XKR9	HGNC:20937
XKRX	HGNC:29845
XNDC1N	HGNC:54661
XPA	HGNC:12814
XPC	HGNC:12816
XPNPEP1	HGNC:12822
XPNPEP2	HGNC:12823
XPNPEP3	HGNC:28052
XPO1	HGNC:12825
XPO4	HGNC:17796
XPO5	HGNC:17675
XPO6	HGNC:19733
XPO7	HGNC:14108
XPOT	HGNC:12826
XPR1	HGNC:12827
XRCC1	HGNC:12828
XRCC2	HGNC:12829
XRCC3	HGNC:12830
XRCC4	HGNC:12831
XRCC5	HGNC:12833
XRCC6	HGNC:4055
XRN1	HGNC:30654
XRN2	HGNC:12836
XRRA1	HGNC:18868
XXYLT1	HGNC:26639
XYLB	HGNC:12839
XYLT1	HGNC:15516
XYLT2	HGNC:15517
YAE1	HGNC:24857
YAF2	HGNC:17363
YAP1	HGNC:16262
YARS1	HGNC:12840
YARS2	HGNC:24249
YBEY	HGNC:1299
YBX1	HGNC:8014
YBX2	HGNC:17948
YBX3	HGNC:2428
YDJC	HGNC:27158
YEATS2	HGNC:25489
YEATS4	HGNC:24859
YES1	HGNC:12841
YIF1A	HGNC:16688
YIF1B	HGNC:30511
YIPF1	HGNC:25231
YIPF2	HGNC:28476
YIPF3	HGNC:21023
YIPF4	HGNC:28145
YIPF5	HGNC:24877
YIPF6	HGNC:28304
YIPF7	HGNC:26825
YJEFN3	HGNC:24785
YJU2	HGNC:25518
YJU2B	HGNC:28118
YKT6	HGNC:16959
YLPM1	HGNC:17798
YME1L1	HGNC:12843
YOD1	HGNC:25035
YPEL1	HGNC:12845
YPEL2	HGNC:18326
YPEL3	HGNC:18327
YPEL4	HGNC:18328
YPEL5	HGNC:18329
YRDC	HGNC:28905
YTHDC1	HGNC:30626
YTHDC2	HGNC:24721
YTHDF1	HGNC:15867
YTHDF2	HGNC:31675
YTHDF3	HGNC:26465
YWHAB	HGNC:12849
YWHAE	HGNC:12851
YWHAG	HGNC:12852
YWHAH	HGNC:12853
YWHAQ	HGNC:12854
YWHAZ	HGNC:12855
YY1	HGNC:12856
YY1AP1	HGNC:30935
YY2	HGNC:31684
ZACN	HGNC:29504
ZAN	HGNC:12857
ZAP70	HGNC:12858
ZAR1	HGNC:20436
ZAR1L	HGNC:37116
ZBBX	HGNC:26245
ZBED1	HGNC:447
ZBED2	HGNC:20710
ZBED3	HGNC:20711
ZBED4	HGNC:20721
ZBED5	HGNC:30803
ZBED6	HGNC:33273
ZBP1	HGNC:16176
ZBTB1	HGNC:20259
ZBTB10	HGNC:30953
ZBTB11	HGNC:16740
ZBTB12	HGNC:19066
ZBTB14	HGNC:12860
ZBTB16	HGNC:12930
ZBTB17	HGNC:12936
ZBTB18	HGNC:13030
ZBTB2	HGNC:20868
ZBTB20	HGNC:13503
ZBTB21	HGNC:13083
ZBTB22	HGNC:13085
ZBTB24	HGNC:21143
ZBTB25	HGNC:13112
ZBTB26	HGNC:23383
ZBTB3	HGNC:22918
ZBTB32	HGNC:16763
ZBTB33	HGNC:16682
ZBTB34	HGNC:31446
ZBTB37	HGNC:28365
ZBTB38	HGNC:26636
ZBTB39	HGNC:29014
ZBTB4	HGNC:23847
ZBTB40	HGNC:29045
ZBTB41	HGNC:24819
ZBTB42	HGNC:32550
ZBTB43	HGNC:17908
ZBTB44	HGNC:25001
ZBTB45	HGNC:23715
ZBTB46	HGNC:16094
ZBTB47	HGNC:26955
ZBTB48	HGNC:4930
ZBTB49	HGNC:19883
ZBTB5	HGNC:23836
ZBTB6	HGNC:16764
ZBTB7A	HGNC:18078
ZBTB7B	HGNC:18668
ZBTB7C	HGNC:31700
ZBTB8A	HGNC:24172
ZBTB8B	HGNC:37057
ZBTB8OS	HGNC:24094
ZBTB9	HGNC:28323
ZC2HC1A	HGNC:24277
ZC2HC1B	HGNC:21174
ZC2HC1C	HGNC:20354
ZC3H10	HGNC:25893
ZC3H11A	HGNC:29093
ZC3H11B	HGNC:25659
ZC3H11C	HGNC:56304
ZC3H12A	HGNC:26259
ZC3H12B	HGNC:17407
ZC3H12C	HGNC:29362
ZC3H12D	HGNC:21175
ZC3H13	HGNC:20368
ZC3H14	HGNC:20509
ZC3H15	HGNC:29528
ZC3H18	HGNC:25091
ZC3H3	HGNC:28972
ZC3H4	HGNC:17808
ZC3H6	HGNC:24762
ZC3H7A	HGNC:30959
ZC3H7B	HGNC:30869
ZC3H8	HGNC:30941
ZC3HAV1	HGNC:23721
ZC3HAV1L	HGNC:22423
ZC3HC1	HGNC:29913
ZC4H2	HGNC:24931
ZCCHC10	HGNC:25954
ZCCHC12	HGNC:27273
ZCCHC13	HGNC:31749
ZCCHC14	HGNC:24134
ZCCHC17	HGNC:30246
ZCCHC18	HGNC:32459
ZCCHC2	HGNC:22916
ZCCHC24	HGNC:26911
ZCCHC3	HGNC:16230
ZCCHC4	HGNC:22917
ZCCHC7	HGNC:26209
ZCCHC8	HGNC:25265
ZCCHC9	HGNC:25424
ZCRB1	HGNC:29620
ZCWPW1	HGNC:23486
ZCWPW2	HGNC:23574
ZDBF2	HGNC:29313
ZDHHC1	HGNC:17916
ZDHHC11	HGNC:19158
ZDHHC11B	HGNC:32962
ZDHHC12	HGNC:19159
ZDHHC13	HGNC:18413
ZDHHC14	HGNC:20341
ZDHHC15	HGNC:20342
ZDHHC16	HGNC:20714
ZDHHC17	HGNC:18412
ZDHHC18	HGNC:20712
ZDHHC19	HGNC:20713
ZDHHC2	HGNC:18469
ZDHHC20	HGNC:20749
ZDHHC21	HGNC:20750
ZDHHC22	HGNC:20106
ZDHHC23	HGNC:28654
ZDHHC24	HGNC:27387
ZDHHC3	HGNC:18470
ZDHHC4	HGNC:18471
ZDHHC5	HGNC:18472
ZDHHC6	HGNC:19160
ZDHHC7	HGNC:18459
ZDHHC8	HGNC:18474
ZDHHC9	HGNC:18475
ZEB1	HGNC:11642
ZEB2	HGNC:14881
ZER1	HGNC:30960
ZFAND1	HGNC:25858
ZFAND2A	HGNC:28073
ZFAND2B	HGNC:25206
ZFAND3	HGNC:18019
ZFAND4	HGNC:23504
ZFAND5	HGNC:13008
ZFAND6	HGNC:30164
ZFAT	HGNC:19899
ZFC3H1	HGNC:28328
ZFHX2	HGNC:20152
ZFHX3	HGNC:777
ZFHX4	HGNC:30939
ZFP1	HGNC:23328
ZFP14	HGNC:29312
ZFP2	HGNC:26138
ZFP28	HGNC:17801
ZFP3	HGNC:12861
ZFP30	HGNC:29555
ZFP36	HGNC:12862
ZFP36L1	HGNC:1107
ZFP36L2	HGNC:1108
ZFP37	HGNC:12863
ZFP41	HGNC:26786
ZFP42	HGNC:30949
ZFP57	HGNC:18791
ZFP62	HGNC:23241
ZFP64	HGNC:15940
ZFP69	HGNC:24708
ZFP69B	HGNC:28053
ZFP82	HGNC:28682
ZFP90	HGNC:23329
ZFP91	HGNC:14983
ZFP92	HGNC:12865
ZFPL1	HGNC:12868
ZFPM1	HGNC:19762
ZFPM2	HGNC:16700
ZFR	HGNC:17277
ZFR2	HGNC:29189
ZFTA	HGNC:28449
ZFTRAF1	HGNC:17806
ZFX	HGNC:12869
ZFY	HGNC:12870
ZFYVE1	HGNC:13180
ZFYVE16	HGNC:20756
ZFYVE19	HGNC:20758
ZFYVE21	HGNC:20760
ZFYVE26	HGNC:20761
ZFYVE27	HGNC:26559
ZFYVE28	HGNC:29334
ZFYVE9	HGNC:6775
ZG16	HGNC:30961
ZG16B	HGNC:30456
ZGLP1	HGNC:37245
ZGPAT	HGNC:15948
ZGRF1	HGNC:25654
ZHX1	HGNC:12871
ZHX2	HGNC:18513
ZHX3	HGNC:15935
ZIC1	HGNC:12872
ZIC2	HGNC:12873
ZIC3	HGNC:12874
ZIC4	HGNC:20393
ZIC5	HGNC:20322
ZIK1	HGNC:33104
ZIM2	HGNC:12875
ZIM3	HGNC:16366
ZKSCAN1	HGNC:13101
ZKSCAN2	HGNC:25677
ZKSCAN3	HGNC:13853
ZKSCAN4	HGNC:13854
ZKSCAN5	HGNC:12867
ZKSCAN7	HGNC:12955
ZKSCAN8	HGNC:12983
ZMAT1	HGNC:29377
ZMAT2	HGNC:26433
ZMAT3	HGNC:29983
ZMAT4	HGNC:25844
ZMAT5	HGNC:28046
ZMIZ1	HGNC:16493
ZMIZ2	HGNC:22229
ZMPSTE24	HGNC:12877
ZMYM1	HGNC:26253
ZMYM2	HGNC:12989
ZMYM3	HGNC:13054
ZMYM4	HGNC:13055
ZMYM5	HGNC:13029
ZMYM6	HGNC:13050
ZMYND10	HGNC:19412
ZMYND11	HGNC:16966
ZMYND12	HGNC:21192
ZMYND15	HGNC:20997
ZMYND19	HGNC:21146
ZMYND8	HGNC:9397
ZNF10	HGNC:12879
ZNF100	HGNC:12880
ZNF101	HGNC:12881
ZNF106	HGNC:12886
ZNF107	HGNC:12887
ZNF112	HGNC:12892
ZNF114	HGNC:12894
ZNF117	HGNC:12897
ZNF12	HGNC:12902
ZNF121	HGNC:12904
ZNF124	HGNC:12907
ZNF131	HGNC:12915
ZNF132	HGNC:12916
ZNF133	HGNC:12917
ZNF134	HGNC:12918
ZNF135	HGNC:12919
ZNF136	HGNC:12920
ZNF138	HGNC:12922
ZNF14	HGNC:12924
ZNF140	HGNC:12925
ZNF141	HGNC:12926
ZNF142	HGNC:12927
ZNF143	HGNC:12928
ZNF146	HGNC:12931
ZNF148	HGNC:12933
ZNF154	HGNC:12939
ZNF155	HGNC:12940
ZNF157	HGNC:12942
ZNF16	HGNC:12947
ZNF160	HGNC:12948
ZNF165	HGNC:12953
ZNF169	HGNC:12957
ZNF17	HGNC:12958
ZNF174	HGNC:12963
ZNF175	HGNC:12964
ZNF177	HGNC:12966
ZNF18	HGNC:12969
ZNF180	HGNC:12970
ZNF181	HGNC:12971
ZNF182	HGNC:13001
ZNF184	HGNC:12975
ZNF185	HGNC:12976
ZNF189	HGNC:12980
ZNF19	HGNC:12981
ZNF195	HGNC:12986
ZNF197	HGNC:12988
ZNF2	HGNC:12991
ZNF20	HGNC:12992
ZNF200	HGNC:12993
ZNF202	HGNC:12994
ZNF205	HGNC:12996
ZNF207	HGNC:12998
ZNF208	HGNC:12999
ZNF211	HGNC:13003
ZNF212	HGNC:13004
ZNF213	HGNC:13005
ZNF214	HGNC:13006
ZNF215	HGNC:13007
ZNF217	HGNC:13009
ZNF219	HGNC:13011
ZNF22	HGNC:13012
ZNF221	HGNC:13014
ZNF222	HGNC:13015
ZNF223	HGNC:13016
ZNF224	HGNC:13017
ZNF225	HGNC:13018
ZNF226	HGNC:13019
ZNF227	HGNC:13020
ZNF229	HGNC:13022
ZNF23	HGNC:13023
ZNF230	HGNC:13024
ZNF232	HGNC:13026
ZNF233	HGNC:30946
ZNF234	HGNC:13027
ZNF235	HGNC:12866
ZNF236	HGNC:13028
ZNF239	HGNC:13031
ZNF24	HGNC:13032
ZNF248	HGNC:13041
ZNF25	HGNC:13043
ZNF250	HGNC:13044
ZNF251	HGNC:13045
ZNF253	HGNC:13497
ZNF254	HGNC:13047
ZNF256	HGNC:13049
ZNF257	HGNC:13498
ZNF26	HGNC:13053
ZNF260	HGNC:13499
ZNF263	HGNC:13056
ZNF264	HGNC:13057
ZNF266	HGNC:13059
ZNF267	HGNC:13060
ZNF268	HGNC:13061
ZNF273	HGNC:13067
ZNF274	HGNC:13068
ZNF275	HGNC:13069
ZNF276	HGNC:23330
ZNF277	HGNC:13070
ZNF28	HGNC:13073
ZNF280A	HGNC:18597
ZNF280B	HGNC:23022
ZNF280C	HGNC:25955
ZNF280D	HGNC:25953
ZNF281	HGNC:13075
ZNF282	HGNC:13076
ZNF283	HGNC:13077
ZNF284	HGNC:13078
ZNF285	HGNC:13079
ZNF286A	HGNC:13501
ZNF287	HGNC:13502
ZNF292	HGNC:18410
ZNF296	HGNC:15981
ZNF3	HGNC:13089
ZNF30	HGNC:13090
ZNF300	HGNC:13091
ZNF302	HGNC:13848
ZNF304	HGNC:13505
ZNF311	HGNC:13847
ZNF316	HGNC:13843
ZNF317	HGNC:13507
ZNF318	HGNC:13578
ZNF319	HGNC:13644
ZNF32	HGNC:13095
ZNF320	HGNC:13842
ZNF322	HGNC:23640
ZNF324	HGNC:14096
ZNF324B	HGNC:33107
ZNF326	HGNC:14104
ZNF329	HGNC:14209
ZNF330	HGNC:15462
ZNF331	HGNC:15489
ZNF333	HGNC:15624
ZNF334	HGNC:15806
ZNF335	HGNC:15807
ZNF337	HGNC:15809
ZNF33A	HGNC:13096
ZNF33B	HGNC:13097
ZNF34	HGNC:13098
ZNF341	HGNC:15992
ZNF343	HGNC:16017
ZNF345	HGNC:16367
ZNF346	HGNC:16403
ZNF347	HGNC:16447
ZNF35	HGNC:13099
ZNF350	HGNC:16656
ZNF354A	HGNC:11628
ZNF354B	HGNC:17197
ZNF354C	HGNC:16736
ZNF358	HGNC:16838
ZNF362	HGNC:18079
ZNF365	HGNC:18194
ZNF366	HGNC:18316
ZNF367	HGNC:18320
ZNF37A	HGNC:13102
ZNF382	HGNC:17409
ZNF383	HGNC:18609
ZNF384	HGNC:11955
ZNF385A	HGNC:17521
ZNF385B	HGNC:26332
ZNF385C	HGNC:33722
ZNF385D	HGNC:26191
ZNF391	HGNC:18779
ZNF394	HGNC:18832
ZNF395	HGNC:18737
ZNF396	HGNC:18824
ZNF397	HGNC:18818
ZNF398	HGNC:18373
ZNF404	HGNC:19417
ZNF407	HGNC:19904
ZNF408	HGNC:20041
ZNF41	HGNC:13107
ZNF410	HGNC:20144
ZNF414	HGNC:20630
ZNF415	HGNC:20636
ZNF416	HGNC:20645
ZNF417	HGNC:20646
ZNF418	HGNC:20647
ZNF419	HGNC:20648
ZNF420	HGNC:20649
ZNF423	HGNC:16762
ZNF425	HGNC:20690
ZNF426	HGNC:20725
ZNF428	HGNC:20804
ZNF429	HGNC:20817
ZNF43	HGNC:13109
ZNF430	HGNC:20808
ZNF431	HGNC:20809
ZNF432	HGNC:20810
ZNF433	HGNC:20811
ZNF436	HGNC:20814
ZNF438	HGNC:21029
ZNF439	HGNC:20873
ZNF44	HGNC:13110
ZNF440	HGNC:20874
ZNF441	HGNC:20875
ZNF442	HGNC:20877
ZNF443	HGNC:20878
ZNF444	HGNC:16052
ZNF445	HGNC:21018
ZNF446	HGNC:21036
ZNF449	HGNC:21039
ZNF45	HGNC:13111
ZNF451	HGNC:21091
ZNF454	HGNC:21200
ZNF460	HGNC:21628
ZNF461	HGNC:21629
ZNF462	HGNC:21684
ZNF467	HGNC:23154
ZNF468	HGNC:33105
ZNF469	HGNC:23216
ZNF470	HGNC:22220
ZNF471	HGNC:23226
ZNF473	HGNC:23239
ZNF474	HGNC:23245
ZNF475	HGNC:53564
ZNF479	HGNC:23258
ZNF48	HGNC:13114
ZNF480	HGNC:23305
ZNF483	HGNC:23384
ZNF484	HGNC:23385
ZNF485	HGNC:23440
ZNF486	HGNC:20807
ZNF487	HGNC:23488
ZNF488	HGNC:23535
ZNF490	HGNC:23705
ZNF491	HGNC:23706
ZNF492	HGNC:23707
ZNF493	HGNC:23708
ZNF496	HGNC:23713
ZNF497	HGNC:23714
ZNF500	HGNC:23716
ZNF501	HGNC:23717
ZNF502	HGNC:23718
ZNF503	HGNC:23589
ZNF506	HGNC:23780
ZNF507	HGNC:23783
ZNF510	HGNC:29161
ZNF511	HGNC:28445
ZNF512	HGNC:29380
ZNF512B	HGNC:29212
ZNF513	HGNC:26498
ZNF514	HGNC:25894
ZNF516	HGNC:28990
ZNF517	HGNC:27984
ZNF518A	HGNC:29009
ZNF518B	HGNC:29365
ZNF519	HGNC:30574
ZNF521	HGNC:24605
ZNF524	HGNC:28322
ZNF525	HGNC:29423
ZNF526	HGNC:29415
ZNF527	HGNC:29385
ZNF528	HGNC:29384
ZNF529	HGNC:29328
ZNF530	HGNC:29297
ZNF532	HGNC:30940
ZNF534	HGNC:26337
ZNF536	HGNC:29025
ZNF540	HGNC:25331
ZNF541	HGNC:25294
ZNF543	HGNC:25281
ZNF544	HGNC:16759
ZNF546	HGNC:28671
ZNF547	HGNC:26432
ZNF548	HGNC:26561
ZNF549	HGNC:26632
ZNF550	HGNC:28643
ZNF551	HGNC:25108
ZNF552	HGNC:26135
ZNF554	HGNC:26629
ZNF555	HGNC:28382
ZNF556	HGNC:25669
ZNF557	HGNC:28632
ZNF558	HGNC:26422
ZNF559	HGNC:28197
ZNF560	HGNC:26484
ZNF561	HGNC:28684
ZNF562	HGNC:25950
ZNF563	HGNC:30498
ZNF564	HGNC:31106
ZNF565	HGNC:26726
ZNF566	HGNC:25919
ZNF567	HGNC:28696
ZNF568	HGNC:25392
ZNF569	HGNC:24737
ZNF57	HGNC:13125
ZNF570	HGNC:26416
ZNF571	HGNC:25000
ZNF572	HGNC:26758
ZNF573	HGNC:26420
ZNF574	HGNC:26166
ZNF575	HGNC:27606
ZNF576	HGNC:28357
ZNF577	HGNC:28673
ZNF578	HGNC:26449
ZNF579	HGNC:26646
ZNF580	HGNC:29473
ZNF581	HGNC:25017
ZNF582	HGNC:26421
ZNF583	HGNC:26427
ZNF584	HGNC:27318
ZNF585A	HGNC:26305
ZNF585B	HGNC:30948
ZNF586	HGNC:25949
ZNF587	HGNC:30955
ZNF587B	HGNC:37142
ZNF589	HGNC:16747
ZNF592	HGNC:28986
ZNF593	HGNC:30943
ZNF593OS	HGNC:41278
ZNF594	HGNC:29392
ZNF595	HGNC:27196
ZNF596	HGNC:27268
ZNF597	HGNC:26573
ZNF598	HGNC:28079
ZNF599	HGNC:26408
ZNF600	HGNC:30951
ZNF605	HGNC:28068
ZNF606	HGNC:25879
ZNF607	HGNC:28192
ZNF608	HGNC:29238
ZNF609	HGNC:29003
ZNF610	HGNC:26687
ZNF611	HGNC:28766
ZNF613	HGNC:25827
ZNF614	HGNC:24722
ZNF615	HGNC:24740
ZNF616	HGNC:28062
ZNF618	HGNC:29416
ZNF619	HGNC:26910
ZNF620	HGNC:28742
ZNF621	HGNC:24787
ZNF622	HGNC:30958
ZNF623	HGNC:29084
ZNF624	HGNC:29254
ZNF625	HGNC:30571
ZNF626	HGNC:30461
ZNF627	HGNC:30570
ZNF628	HGNC:28054
ZNF629	HGNC:29008
ZNF630	HGNC:28855
ZNF638	HGNC:17894
ZNF639	HGNC:30950
ZNF641	HGNC:31834
ZNF644	HGNC:29222
ZNF646	HGNC:29004
ZNF648	HGNC:18190
ZNF649	HGNC:25741
ZNF652	HGNC:29147
ZNF653	HGNC:25196
ZNF654	HGNC:25612
ZNF655	HGNC:30899
ZNF658	HGNC:25226
ZNF66	HGNC:13135
ZNF660	HGNC:26720
ZNF662	HGNC:31930
ZNF664	HGNC:25406
ZNF665	HGNC:25885
ZNF667	HGNC:28854
ZNF668	HGNC:25821
ZNF669	HGNC:25736
ZNF670	HGNC:28167
ZNF671	HGNC:26279
ZNF672	HGNC:26179
ZNF674	HGNC:17625
ZNF675	HGNC:30768
ZNF676	HGNC:20429
ZNF677	HGNC:28730
ZNF678	HGNC:28652
ZNF679	HGNC:28650
ZNF680	HGNC:26897
ZNF681	HGNC:26457
ZNF682	HGNC:28857
ZNF683	HGNC:28495
ZNF684	HGNC:28418
ZNF687	HGNC:29277
ZNF688	HGNC:30489
ZNF689	HGNC:25173
ZNF69	HGNC:13138
ZNF691	HGNC:28028
ZNF692	HGNC:26049
ZNF695	HGNC:30954
ZNF696	HGNC:25872
ZNF697	HGNC:32034
ZNF699	HGNC:24750
ZNF7	HGNC:13139
ZNF70	HGNC:13140
ZNF700	HGNC:25292
ZNF701	HGNC:25597
ZNF703	HGNC:25883
ZNF704	HGNC:32291
ZNF705A	HGNC:32281
ZNF705B	HGNC:32284
ZNF705D	HGNC:33202
ZNF705G	HGNC:37134
ZNF706	HGNC:24992
ZNF707	HGNC:27815
ZNF708	HGNC:12945
ZNF709	HGNC:20629
ZNF71	HGNC:13141
ZNF710	HGNC:25352
ZNF711	HGNC:13128
ZNF713	HGNC:22043
ZNF714	HGNC:27124
ZNF716	HGNC:32458
ZNF717	HGNC:29448
ZNF718	HGNC:26889
ZNF721	HGNC:29425
ZNF722	HGNC:22571
ZNF723	HGNC:32286
ZNF724	HGNC:32460
ZNF726	HGNC:32462
ZNF727	HGNC:22785
ZNF728	HGNC:32463
ZNF729	HGNC:32464
ZNF730	HGNC:32470
ZNF732	HGNC:37138
ZNF735	HGNC:32466
ZNF736	HGNC:32467
ZNF737	HGNC:32468
ZNF738	HGNC:32469
ZNF74	HGNC:13144
ZNF740	HGNC:27465
ZNF746	HGNC:21948
ZNF747	HGNC:28350
ZNF749	HGNC:32783
ZNF750	HGNC:25843
ZNF75A	HGNC:13146
ZNF75D	HGNC:13145
ZNF76	HGNC:13149
ZNF761	HGNC:23179
ZNF763	HGNC:27614
ZNF764	HGNC:28200
ZNF765	HGNC:25092
ZNF766	HGNC:28063
ZNF768	HGNC:26273
ZNF77	HGNC:13150
ZNF770	HGNC:26061
ZNF771	HGNC:29653
ZNF772	HGNC:33106
ZNF773	HGNC:30487
ZNF774	HGNC:33108
ZNF775	HGNC:28501
ZNF776	HGNC:26765
ZNF777	HGNC:22213
ZNF778	HGNC:26479
ZNF780A	HGNC:27603
ZNF780B	HGNC:33109
ZNF782	HGNC:33110
ZNF783	HGNC:27222
ZNF784	HGNC:33111
ZNF785	HGNC:26496
ZNF786	HGNC:21806
ZNF787	HGNC:26998
ZNF789	HGNC:27801
ZNF79	HGNC:13153
ZNF790	HGNC:33114
ZNF791	HGNC:26895
ZNF792	HGNC:24751
ZNF793	HGNC:33115
ZNF799	HGNC:28071
ZNF8	HGNC:13154
ZNF80	HGNC:13155
ZNF800	HGNC:27267
ZNF804A	HGNC:21711
ZNF804B	HGNC:21958
ZNF805	HGNC:23272
ZNF808	HGNC:33230
ZNF81	HGNC:13156
ZNF813	HGNC:33257
ZNF814	HGNC:33258
ZNF816	HGNC:26995
ZNF821	HGNC:28043
ZNF823	HGNC:30936
ZNF827	HGNC:27193
ZNF829	HGNC:34032
ZNF83	HGNC:13158
ZNF830	HGNC:28291
ZNF831	HGNC:16167
ZNF835	HGNC:34332
ZNF836	HGNC:34333
ZNF837	HGNC:25164
ZNF839	HGNC:20345
ZNF84	HGNC:13159
ZNF841	HGNC:27611
ZNF843	HGNC:28710
ZNF844	HGNC:25932
ZNF845	HGNC:25112
ZNF846	HGNC:27260
ZNF85	HGNC:13160
ZNF850	HGNC:27994
ZNF853	HGNC:21767
ZNF860	HGNC:34513
ZNF862	HGNC:34519
ZNF865	HGNC:38705
ZNF875	HGNC:4928
ZNF878	HGNC:37246
ZNF879	HGNC:37273
ZNF880	HGNC:37249
ZNF883	HGNC:27271
ZNF888	HGNC:38695
ZNF891	HGNC:38709
ZNF892	HGNC:38707
ZNF90	HGNC:13165
ZNF91	HGNC:13166
ZNF92	HGNC:13168
ZNF93	HGNC:13169
ZNF98	HGNC:13174
ZNF99	HGNC:13175
ZNFX1	HGNC:29271
ZNG1A	HGNC:17134
ZNG1B	HGNC:17907
ZNG1C	HGNC:18519
ZNG1E	HGNC:24584
ZNG1F	HGNC:31978
ZNHIT1	HGNC:21688
ZNHIT2	HGNC:1177
ZNHIT3	HGNC:12309
ZNHIT6	HGNC:26089
ZNRD2	HGNC:11328
ZNRF1	HGNC:18452
ZNRF2	HGNC:22316
ZNRF3	HGNC:18126
ZNRF4	HGNC:17726
ZP1	HGNC:13187
ZP2	HGNC:13188
ZP3	HGNC:13189
ZP4	HGNC:15770
ZPBP	HGNC:15662
ZPBP2	HGNC:20678
ZPLD1	HGNC:27022
ZPR1	HGNC:13051
ZRANB1	HGNC:18224
ZRANB2	HGNC:13058
ZRANB3	HGNC:25249
ZRSR2	HGNC:23019
ZSCAN1	HGNC:23712
ZSCAN10	HGNC:12997
ZSCAN12	HGNC:13172
ZSCAN16	HGNC:20813
ZSCAN18	HGNC:21037
ZSCAN2	HGNC:20994
ZSCAN20	HGNC:13093
ZSCAN21	HGNC:13104
ZSCAN22	HGNC:4929
ZSCAN23	HGNC:21193
ZSCAN25	HGNC:21961
ZSCAN26	HGNC:12978
ZSCAN29	HGNC:26673
ZSCAN30	HGNC:33517
ZSCAN31	HGNC:14097
ZSCAN32	HGNC:20812
ZSCAN4	HGNC:23709
ZSCAN5A	HGNC:23710
ZSCAN5B	HGNC:34246
ZSCAN5C	HGNC:34294
ZSCAN9	HGNC:12984
ZSWIM1	HGNC:16155
ZSWIM2	HGNC:30990
ZSWIM3	HGNC:16157
ZSWIM4	HGNC:25704
ZSWIM5	HGNC:29299
ZSWIM6	HGNC:29316
ZSWIM7	HGNC:26993
ZSWIM8	HGNC:23528
ZSWIM9	HGNC:34495
ZUP1	HGNC:21224
ZW10	HGNC:13194
ZWILCH	HGNC:25468
ZWINT	HGNC:13195
ZXDA	HGNC:13198
ZXDB	HGNC:13199
ZXDC	HGNC:28160
ZYG11A	HGNC:32058
ZYG11B	HGNC:25820
ZYX	HGNC:13200
ZZEF1	HGNC:29027
ZZZ3	HGNC:24523
